time,q0,q1,q2,q3,q4,q5,q6,q8,q9,q10,q11,q12,q13,q14,lh_index_mcp_pitch,lh_middle_mcp_pitch,lh_ring_mcp_pitch,lh_pinky_mcp_pitch,lh_thumb_cmc_yaw,lh_thumb_cmc_pitch,rh_index_mcp_pitch,rh_middle_mcp_pitch,rh_ring_mcp_pitch,rh_pinky_mcp_pitch,rh_thumb_cmc_yaw,rh_thumb_cmc_pitch
0.000000000,0.000000000,0.000000000,0.000000000,1.050000000,0.000000000,0.000000000,0.000000000,-0.000000000,0.000000000,0.000000000,1.050000000,0.000000000,0.000000000,0.000000000,0.000000000,0.000000000,0.000000000,0.000000000,0.000000000,0.000000000,0.000000000,0.000000000,0.000000000,0.000000000,0.000000000,0.000000000
0.020000000,0.001884906,0.000000000,0.000000000,1.050000000,0.000000000,0.000000000,0.000000000,-0.001884906,0.000000000,0.000000000,1.050000000,0.000000000,0.000000000,0.000000000,0.001849600,0.000000000,0.000000000,0.000000000,0.000000000,0.000000000,0.000000000,0.000000000,0.000000000,0.000000000,0.000000000,0.000000000
0.040000000,0.003769514,0.000000000,0.000000000,1.050000000,0.000000000,0.000000000,0.000000000,-0.003769514,0.000000000,0.000000000,1.050000000,0.000000000,0.000000000,0.000000000,0.007386996,0.000000000,0.000000000,0.000000000,0.000000000,0.000000000,0.000000000,0.000000000,0.000000000,0.000000000,0.000000000,0.000000000
0.060000000,0.005653527,0.000000000,0.000000000,1.050000000,0.000000000,0.000000000,0.000000000,-0.005653527,0.000000000,0.000000000,1.050000000,0.000000000,0.000000000,0.000000000,0.016578048,0.000000000,0.000000000,0.000000000,0.000000000,0.000000000,0.000000000,0.000000000,0.000000000,0.000000000,0.000000000,0.000000000
0.080000000,0.007536648,0.000000000,0.000000000,1.050000000,0.000000000,0.000000000,0.000000000,-0.007536648,0.000000000,0.000000000,1.050000000,0.000000000,0.000000000,0.000000000,0.029366090,0.000000000,0.000000000,0.000000000,0.000000000,0.000000000,0.000000000,0.000000000,0.000000000,0.000000000,0.000000000,0.000000000
0.100000000,0.009418578,0.000000000,0.000000000,1.050000000,0.000000000,0.000000000,0.000000000,-0.009418578,0.000000000,0.000000000,1.050000000,0.000000000,0.000000000,0.000000000,0.045672280,0.000000000,0.000000000,0.000000000,0.000000000,0.000000000,0.000000000,0.000000000,0.000000000,0.000000000,0.000000000,0.000000000
0.120000000,0.011299021,0.000000000,0.000000000,1.050000000,0.000000000,0.000000000,0.000000000,-0.011299021,0.000000000,0.000000000,1.050000000,0.000000000,0.000000000,0.000000000,0.065396085,0.000000000,0.000000000,0.000000000,0.000000000,0.000000000,0.000000000,0.000000000,0.000000000,0.000000000,0.000000000,0.000000000
0.140000000,0.013177679,0.000000000,0.000000000,1.050000000,0.000000000,0.000000000,0.000000000,-0.013177679,0.000000000,0.000000000,1.050000000,0.000000000,0.000000000,0.000000000,0.088415901,0.000000000,0.000000000,0.000000000,0.000000000,0.000000000,0.000000000,0.000000000,0.000000000,0.000000000,0.000000000,0.000000000
0.160000000,0.015054257,0.000000000,0.000000000,1.050000000,0.000000000,0.000000000,0.000000000,-0.015054257,0.000000000,0.000000000,1.050000000,0.000000000,0.000000000,0.000000000,0.114589803,0.000000000,0.000000000,0.000000000,0.000000000,0.000000000,0.000000000,0.000000000,0.000000000,0.000000000,0.000000000,0.000000000
0.180000000,0.016928458,0.000000000,0.000000000,1.050000000,0.000000000,0.000000000,0.000000000,-0.016928458,0.000000000,0.000000000,1.050000000,0.000000000,0.000000000,0.000000000,0.143756421,0.000000000,0.000000000,0.000000000,0.000000000,0.000000000,0.000000000,0.000000000,0.000000000,0.000000000,0.000000000,0.000000000
0.200000000,0.018799985,0.000000000,0.000000000,1.050000000,0.000000000,0.000000000,0.000000000,-0.018799985,0.000000000,0.000000000,1.050000000,0.000000000,0.000000000,0.000000000,0.175735931,0.000000000,0.000000000,0.000000000,0.000000000,0.000000000,0.000000000,0.000000000,0.000000000,0.000000000,0.000000000,0.000000000
0.220000000,0.020668544,0.000000000,0.000000000,1.050000000,0.000000000,0.000000000,0.000000000,-0.020668544,0.000000000,0.000000000,1.050000000,0.000000000,0.000000000,0.000000000,0.210331171,0.000000000,0.000000000,0.000000000,0.000000000,0.000000000,0.000000000,0.000000000,0.000000000,0.000000000,0.000000000,0.000000000
0.240000000,0.022533838,0.000000000,0.000000000,1.050000000,0.000000000,0.000000000,0.000000000,-0.022533838,0.000000000,0.000000000,1.050000000,0.000000000,0.000000000,0.000000000,0.247328849,0.000000000,0.000000000,0.000000000,0.000000000,0.000000000,0.000000000,0.000000000,0.000000000,0.000000000,0.000000000,0.000000000
0.260000000,0.024395575,0.000000000,0.000000000,1.050000000,0.000000000,0.000000000,0.000000000,-0.024395575,0.000000000,0.000000000,1.050000000,0.000000000,0.000000000,0.000000000,0.286500861,0.000000000,0.000000000,0.000000000,0.000000000,0.000000000,0.000000000,0.000000000,0.000000000,0.000000000,0.000000000,0.000000000
0.280000000,0.026253459,0.000000000,0.000000000,1.050000000,0.000000000,0.000000000,0.000000000,-0.026253459,0.000000000,0.000000000,1.050000000,0.000000000,0.000000000,0.000000000,0.327605700,0.000000000,0.000000000,0.000000000,0.000000000,0.000000000,0.000000000,0.000000000,0.000000000,0.000000000,0.000000000,0.000000000
0.300000000,0.028107197,0.000000000,0.000000000,1.050000000,0.000000000,0.000000000,0.000000000,-0.028107197,0.000000000,0.000000000,1.050000000,0.000000000,0.000000000,0.000000000,0.370389941,0.000000000,0.000000000,0.000000000,0.000000000,0.000000000,0.000000000,0.000000000,0.000000000,0.000000000,0.000000000,0.000000000
0.320000000,0.029956497,0.000000000,0.000000000,1.050000000,0.000000000,0.000000000,0.000000000,-0.029956497,0.000000000,0.000000000,1.050000000,0.000000000,0.000000000,0.000000000,0.414589803,0.000000000,0.000000000,0.000000000,0.000000000,0.000000000,0.000000000,0.000000000,0.000000000,0.000000000,0.000000000,0.000000000
0.340000000,0.031801066,0.000000000,0.000000000,1.050000000,0.000000000,0.000000000,0.000000000,-0.031801066,0.000000000,0.000000000,1.050000000,0.000000000,0.000000000,0.000000000,0.459932782,0.000000000,0.000000000,0.000000000,0.000000000,0.000000000,0.000000000,0.000000000,0.000000000,0.000000000,0.000000000,0.000000000
0.360000000,0.033640614,0.000000000,0.000000000,1.050000000,0.000000000,0.000000000,0.000000000,-0.033640614,0.000000000,0.000000000,1.050000000,0.000000000,0.000000000,0.000000000,0.506139321,0.000000000,0.000000000,0.000000000,0.000000000,0.000000000,0.000000000,0.000000000,0.000000000,0.000000000,0.000000000,0.000000000
0.380000000,0.035474850,0.000000000,0.000000000,1.050000000,0.000000000,0.000000000,0.000000000,-0.035474850,0.000000000,0.000000000,1.050000000,0.000000000,0.000000000,0.000000000,0.552924543,0.000000000,0.000000000,0.000000000,0.000000000,0.000000000,0.000000000,0.000000000,0.000000000,0.000000000,0.000000000,0.000000000
0.400000000,0.037303483,0.000000000,0.000000000,1.050000000,0.000000000,0.000000000,0.000000000,-0.037303483,0.000000000,0.000000000,1.050000000,0.000000000,0.000000000,0.000000000,0.600000000,0.000000000,0.000000000,0.000000000,0.000000000,0.000000000,0.000000000,0.000000000,0.000000000,0.000000000,0.000000000,0.000000000
0.420000000,0.039126226,0.000000000,0.000000000,1.050000000,0.000000000,0.000000000,0.000000000,-0.039126226,0.000000000,0.000000000,1.050000000,0.000000000,0.000000000,0.000000000,0.647075457,0.000000000,0.000000000,0.000000000,0.000000000,0.000000000,0.000000000,0.000000000,0.000000000,0.000000000,0.000000000,0.000000000
0.440000000,0.040942790,0.000000000,0.000000000,1.050000000,0.000000000,0.000000000,0.000000000,-0.040942790,0.000000000,0.000000000,1.050000000,0.000000000,0.000000000,0.000000000,0.693860679,0.000000000,0.000000000,0.000000000,0.000000000,0.000000000,0.000000000,0.000000000,0.000000000,0.000000000,0.000000000,0.000000000
0.460000000,0.042752889,0.000000000,0.000000000,1.050000000,0.000000000,0.000000000,0.000000000,-0.042752889,0.000000000,0.000000000,1.050000000,0.000000000,0.000000000,0.000000000,0.740067218,0.000462578,0.000000000,0.000000000,0.000000000,0.000000000,0.000000000,0.000000000,0.000000000,0.000000000,0.000000000,0.000000000
0.480000000,0.044556237,0.000000000,0.000000000,1.050000000,0.000000000,0.000000000,0.000000000,-0.044556237,0.000000000,0.000000000,1.050000000,0.000000000,0.000000000,0.000000000,0.785410197,0.004158926,0.000000000,0.000000000,0.000000000,0.000000000,0.000000000,0.000000000,0.000000000,0.000000000,0.000000000,0.000000000
0.500000000,0.046352549,0.000000000,0.000000000,1.050000000,0.000000000,0.000000000,0.000000000,-0.046352549,0.000000000,0.000000000,1.050000000,0.000000000,0.000000000,0.000000000,0.829610059,0.011528832,0.000000000,0.000000000,0.000000000,0.000000000,0.000000000,0.000000000,0.000000000,0.000000000,0.000000000,0.000000000
0.520000000,0.048141541,0.000000000,0.000000000,1.050000000,0.000000000,0.000000000,0.000000000,-0.048141541,0.000000000,0.000000000,1.050000000,0.000000000,0.000000000,0.000000000,0.872394300,0.022526858,0.000000000,0.000000000,0.000000000,0.000000000,0.000000000,0.000000000,0.000000000,0.000000000,0.000000000,0.000000000
0.540000000,0.049922932,0.000000000,0.000000000,1.050000000,0.000000000,0.000000000,0.000000000,-0.049922932,0.000000000,0.000000000,1.050000000,0.000000000,0.000000000,0.000000000,0.913499139,0.037085198,0.000000000,0.000000000,0.000000000,0.000000000,0.000000000,0.000000000,0.000000000,0.000000000,0.000000000,0.000000000
0.560000000,0.051696438,0.000000000,0.000000000,1.050000000,0.000000000,0.000000000,0.000000000,-0.051696438,0.000000000,0.000000000,1.050000000,0.000000000,0.000000000,0.000000000,0.952671151,0.055114096,0.000000000,0.000000000,0.000000000,0.000000000,0.000000000,0.000000000,0.000000000,0.000000000,0.000000000,0.000000000
0.580000000,0.053461782,0.000000000,0.000000000,1.050000000,0.000000000,0.000000000,0.000000000,-0.053461782,0.000000000,0.000000000,1.050000000,0.000000000,0.000000000,0.000000000,0.989668829,0.076502396,0.000000000,0.000000000,0.000000000,0.000000000,0.000000000,0.000000000,0.000000000,0.000000000,0.000000000,0.000000000
0.600000000,0.055218683,0.000000000,0.000000000,1.050000000,0.000000000,0.000000000,0.000000000,-0.055218683,0.000000000,0.000000000,1.050000000,0.000000000,0.000000000,0.000000000,1.024264069,0.101118233,0.000000000,0.000000000,0.000000000,0.000000000,0.000000000,0.000000000,0.000000000,0.000000000,0.000000000,0.000000000
0.620000000,0.056966864,0.000000000,0.000000000,1.050000000,0.000000000,0.000000000,0.000000000,-0.056966864,0.000000000,0.000000000,1.050000000,0.000000000,0.000000000,0.000000000,1.056243579,0.128809841,0.000000000,0.000000000,0.000000000,0.000000000,0.000000000,0.000000000,0.000000000,0.000000000,0.000000000,0.000000000
0.640000000,0.058706050,0.000000000,0.000000000,1.050000000,0.000000000,0.000000000,0.000000000,-0.058706050,0.000000000,0.000000000,1.050000000,0.000000000,0.000000000,0.000000000,1.085410197,0.159406494,0.000000000,0.000000000,0.000000000,0.000000000,0.000000000,0.000000000,0.000000000,0.000000000,0.000000000,0.000000000
0.660000000,0.060435965,0.000000000,0.000000000,1.050000000,0.000000000,0.000000000,0.000000000,-0.060435965,0.000000000,0.000000000,1.050000000,0.000000000,0.000000000,0.000000000,1.111584099,0.192719553,0.000000000,0.000000000,0.000000000,0.000000000,0.000000000,0.000000000,0.000000000,0.000000000,0.000000000,0.000000000
0.680000000,0.062156337,0.000000000,0.000000000,1.050000000,0.000000000,0.000000000,0.000000000,-0.062156337,0.000000000,0.000000000,1.050000000,0.000000000,0.000000000,0.000000000,1.134603915,0.228543630,0.000000000,0.000000000,0.000000000,0.000000000,0.000000000,0.000000000,0.000000000,0.000000000,0.000000000,0.000000000
0.700000000,0.063866894,0.000000000,0.000000000,1.050000000,0.000000000,0.000000000,0.000000000,-0.063866894,0.000000000,0.000000000,1.050000000,0.000000000,0.000000000,0.000000000,1.154327720,0.266657860,0.000000000,0.000000000,0.000000000,0.000000000,0.000000000,0.000000000,0.000000000,0.000000000,0.000000000,0.000000000
0.720000000,0.065567365,0.000000000,0.000000000,1.050000000,0.000000000,0.000000000,0.000000000,-0.065567365,0.000000000,0.000000000,1.050000000,0.000000000,0.000000000,0.000000000,1.170633910,0.306827255,0.000000000,0.000000000,0.000000000,0.000000000,0.000000000,0.000000000,0.000000000,0.000000000,0.000000000,0.000000000
0.740000000,0.067257482,0.000000000,0.000000000,1.050000000,0.000000000,0.000000000,0.000000000,-0.067257482,0.000000000,0.000000000,1.050000000,0.000000000,0.000000000,0.000000000,1.183421952,0.348804157,0.000000000,0.000000000,0.000000000,0.000000000,0.000000000,0.000000000,0.000000000,0.000000000,0.000000000,0.000000000
0.760000000,0.068936979,0.000000000,0.000000000,1.050000000,0.000000000,0.000000000,0.000000000,-0.068936979,0.000000000,0.000000000,1.050000000,0.000000000,0.000000000,0.000000000,1.192613004,0.392329766,0.000000000,0.000000000,0.000000000,0.000000000,0.000000000,0.000000000,0.000000000,0.000000000,0.000000000,0.000000000
0.780000000,0.070605590,0.000000000,0.000000000,1.050000000,0.000000000,0.000000000,0.000000000,-0.070605590,0.000000000,0.000000000,1.050000000,0.000000000,0.000000000,0.000000000,1.198150400,0.437135730,0.000000000,0.000000000,0.000000000,0.000000000,0.000000000,0.000000000,0.000000000,0.000000000,0.000000000,0.000000000
0.800000000,0.072263051,0.000000000,0.000000000,1.050000000,0.000000000,0.000000000,0.000000000,-0.072263051,0.000000000,0.000000000,1.050000000,0.000000000,0.000000000,0.000000000,1.200000000,0.482945807,0.000000000,0.000000000,0.000000000,0.000000000,0.000000000,0.000000000,0.000000000,0.000000000,0.000000000,0.000000000
0.820000000,0.073909101,0.000000000,0.000000000,1.050000000,0.000000000,0.000000000,0.000000000,-0.073909101,0.000000000,0.000000000,1.050000000,0.000000000,0.000000000,0.000000000,1.198150400,0.529477562,0.000000000,0.000000000,0.000000000,0.000000000,0.000000000,0.000000000,0.000000000,0.000000000,0.000000000,0.000000000
0.840000000,0.075543480,0.000000000,0.000000000,1.050000000,0.000000000,0.000000000,0.000000000,-0.075543480,0.000000000,0.000000000,1.050000000,0.000000000,0.000000000,0.000000000,1.192613004,0.576444111,0.000000000,0.000000000,0.000000000,0.000000000,0.000000000,0.000000000,0.000000000,0.000000000,0.000000000,0.000000000
0.860000000,0.077165930,0.000000000,0.000000000,1.050000000,0.000000000,0.000000000,0.000000000,-0.077165930,0.000000000,0.000000000,1.050000000,0.000000000,0.000000000,0.000000000,1.183421952,0.623555889,0.000000000,0.000000000,0.000000000,0.000000000,0.000000000,0.000000000,0.000000000,0.000000000,0.000000000,0.000000000
0.880000000,0.078776194,0.000000000,0.000000000,1.050000000,0.000000000,0.000000000,0.000000000,-0.078776194,0.000000000,0.000000000,1.050000000,0.000000000,0.000000000,0.000000000,1.170633910,0.670522438,0.000000000,0.000000000,0.000000000,0.000000000,0.000000000,0.000000000,0.000000000,0.000000000,0.000000000,0.000000000
0.900000000,0.080374019,0.000000000,0.000000000,1.050000000,0.000000000,0.000000000,0.000000000,-0.080374019,0.000000000,0.000000000,1.050000000,0.000000000,0.000000000,0.000000000,1.154327720,0.717054193,0.000000000,0.000000000,0.000000000,0.000000000,0.000000000,0.000000000,0.000000000,0.000000000,0.000000000,0.000000000
0.920000000,0.081959152,0.000000000,0.000000000,1.050000000,0.000000000,0.000000000,0.000000000,-0.081959152,0.000000000,0.000000000,1.050000000,0.000000000,0.000000000,0.000000000,1.134603915,0.762864270,0.001849600,0.000000000,0.000000000,0.000000000,0.000000000,0.000000000,0.000000000,0.000000000,0.000000000,0.000000000
0.940000000,0.083531342,0.000000000,0.000000000,1.050000000,0.000000000,0.000000000,0.000000000,-0.083531342,0.000000000,0.000000000,1.050000000,0.000000000,0.000000000,0.000000000,1.111584099,0.807670234,0.007386996,0.000000000,0.000000000,0.000000000,0.000000000,0.000000000,0.000000000,0.000000000,0.000000000,0.000000000
0.960000000,0.085090342,0.000000000,0.000000000,1.050000000,0.000000000,0.000000000,0.000000000,-0.085090342,0.000000000,0.000000000,1.050000000,0.000000000,0.000000000,0.000000000,1.085410197,0.851195843,0.016578048,0.000000000,0.000000000,0.000000000,0.000000000,0.000000000,0.000000000,0.000000000,0.000000000,0.000000000
0.980000000,0.086635906,0.000000000,0.000000000,1.050000000,0.000000000,0.000000000,0.000000000,-0.086635906,0.000000000,0.000000000,1.050000000,0.000000000,0.000000000,0.000000000,1.056243579,0.893172745,0.029366090,0.000000000,0.000000000,0.000000000,0.000000000,0.000000000,0.000000000,0.000000000,0.000000000,0.000000000
1.000000000,0.088167788,0.000000000,0.000000000,1.050000000,0.000000000,0.000000000,0.000000000,-0.088167788,0.000000000,0.000000000,1.050000000,0.000000000,0.000000000,0.000000000,1.024264069,0.933342140,0.045672280,0.000000000,0.000000000,0.000000000,0.000000000,0.000000000,0.000000000,0.000000000,0.000000000,0.000000000
1.020000000,0.089685747,0.000000000,0.000000000,1.050000000,0.000000000,0.000000000,0.000000000,-0.089685747,0.000000000,0.000000000,1.050000000,0.000000000,0.000000000,0.000000000,0.989668829,0.971456370,0.065396085,0.000000000,0.000000000,0.000000000,0.000000000,0.000000000,0.000000000,0.000000000,0.000000000,0.000000000
1.040000000,0.091189545,0.000000000,0.000000000,1.050000000,0.000000000,0.000000000,0.000000000,-0.091189545,0.000000000,0.000000000,1.050000000,0.000000000,0.000000000,0.000000000,0.952671151,1.007280447,0.088415901,0.000000000,0.000000000,0.000000000,0.000000000,0.000000000,0.000000000,0.000000000,0.000000000,0.000000000
1.060000000,0.092678942,0.000000000,0.000000000,1.050000000,0.000000000,0.000000000,0.000000000,-0.092678942,0.000000000,0.000000000,1.050000000,0.000000000,0.000000000,0.000000000,0.913499139,1.040593506,0.114589803,0.000000000,0.000000000,0.000000000,0.000000000,0.000000000,0.000000000,0.000000000,0.000000000,0.000000000
1.080000000,0.094153704,0.000000000,0.000000000,1.050000000,0.000000000,0.000000000,0.000000000,-0.094153704,0.000000000,0.000000000,1.050000000,0.000000000,0.000000000,0.000000000,0.872394300,1.071190159,0.143756421,0.000000000,0.000000000,0.000000000,0.000000000,0.000000000,0.000000000,0.000000000,0.000000000,0.000000000
1.100000000,0.095613598,0.000000000,0.000000000,1.050000000,0.000000000,0.000000000,0.000000000,-0.095613598,0.000000000,0.000000000,1.050000000,0.000000000,0.000000000,0.000000000,0.829610059,1.098881767,0.175735931,0.000000000,0.000000000,0.000000000,0.000000000,0.000000000,0.000000000,0.000000000,0.000000000,0.000000000
1.120000000,0.097058394,0.000000000,0.000000000,1.050000000,0.000000000,0.000000000,0.000000000,-0.097058394,0.000000000,0.000000000,1.050000000,0.000000000,0.000000000,0.000000000,0.785410197,1.123497604,0.210331171,0.000000000,0.000000000,0.000000000,0.000000000,0.000000000,0.000000000,0.000000000,0.000000000,0.000000000
1.140000000,0.098487863,0.000000000,0.000000000,1.050000000,0.000000000,0.000000000,0.000000000,-0.098487863,0.000000000,0.000000000,1.050000000,0.000000000,0.000000000,0.000000000,0.740067218,1.144885904,0.247328849,0.000000000,0.000000000,0.000000000,0.000000000,0.000000000,0.000000000,0.000000000,0.000000000,0.000000000
1.160000000,0.099901780,0.000000000,0.000000000,1.050000000,0.000000000,0.000000000,0.000000000,-0.099901780,0.000000000,0.000000000,1.050000000,0.000000000,0.000000000,0.000000000,0.693860679,1.162914802,0.286500861,0.000000000,0.000000000,0.000000000,0.000000000,0.000000000,0.000000000,0.000000000,0.000000000,0.000000000
1.180000000,0.101299921,0.000000000,0.000000000,1.050000000,0.000000000,0.000000000,0.000000000,-0.101299921,0.000000000,0.000000000,1.050000000,0.000000000,0.000000000,0.000000000,0.647075457,1.177473142,0.327605700,0.000000000,0.000000000,0.000000000,0.000000000,0.000000000,0.000000000,0.000000000,0.000000000,0.000000000
1.200000000,0.102682066,0.000000000,0.000000000,1.050000000,0.000000000,0.000000000,0.000000000,-0.102682066,0.000000000,0.000000000,1.050000000,0.000000000,0.000000000,0.000000000,0.600000000,1.188471168,0.370389941,0.000000000,0.000000000,0.000000000,0.000000000,0.000000000,0.000000000,0.000000000,0.000000000,0.000000000
1.220000000,0.104047996,0.000000000,0.000000000,1.050000000,0.000000000,0.000000000,0.000000000,-0.104047996,0.000000000,0.000000000,1.050000000,0.000000000,0.000000000,0.000000000,0.552924543,1.195841074,0.414589803,0.000000000,0.000000000,0.000000000,0.000000000,0.000000000,0.000000000,0.000000000,0.000000000,0.000000000
1.240000000,0.105397495,0.000000000,0.000000000,1.050000000,0.000000000,0.000000000,0.000000000,-0.105397495,0.000000000,0.000000000,1.050000000,0.000000000,0.000000000,0.000000000,0.506139321,1.199537422,0.459932782,0.000000000,0.000000000,0.000000000,0.000000000,0.000000000,0.000000000,0.000000000,0.000000000,0.000000000
1.260000000,0.106730352,0.000000000,0.000000000,1.050000000,0.000000000,0.000000000,0.000000000,-0.106730352,0.000000000,0.000000000,1.050000000,0.000000000,0.000000000,0.000000000,0.459932782,1.199537422,0.506139321,0.000000000,0.000000000,0.000000000,0.000000000,0.000000000,0.000000000,0.000000000,0.000000000,0.000000000
1.280000000,0.108046354,0.000000000,0.000000000,1.050000000,0.000000000,0.000000000,0.000000000,-0.108046354,0.000000000,0.000000000,1.050000000,0.000000000,0.000000000,0.000000000,0.414589803,1.195841074,0.552924543,0.000000000,0.000000000,0.000000000,0.000000000,0.000000000,0.000000000,0.000000000,0.000000000,0.000000000
1.300000000,0.109345294,0.000000000,0.000000000,1.050000000,0.000000000,0.000000000,0.000000000,-0.109345294,0.000000000,0.000000000,1.050000000,0.000000000,0.000000000,0.000000000,0.370389941,1.188471168,0.600000000,0.000000000,0.000000000,0.000000000,0.000000000,0.000000000,0.000000000,0.000000000,0.000000000,0.000000000
1.320000000,0.110626968,0.000000000,0.000000000,1.050000000,0.000000000,0.000000000,0.000000000,-0.110626968,0.000000000,0.000000000,1.050000000,0.000000000,0.000000000,0.000000000,0.327605700,1.177473142,0.647075457,0.000000000,0.000000000,0.000000000,0.000000000,0.000000000,0.000000000,0.000000000,0.000000000,0.000000000
1.340000000,0.111891172,0.000000000,0.000000000,1.050000000,0.000000000,0.000000000,0.000000000,-0.111891172,0.000000000,0.000000000,1.050000000,0.000000000,0.000000000,0.000000000,0.286500861,1.162914802,0.693860679,0.000000000,0.000000000,0.000000000,0.000000000,0.000000000,0.000000000,0.000000000,0.000000000,0.000000000
1.360000000,0.113137707,0.000000000,0.000000000,1.050000000,0.000000000,0.000000000,0.000000000,-0.113137707,0.000000000,0.000000000,1.050000000,0.000000000,0.000000000,0.000000000,0.247328849,1.144885904,0.740067218,0.000462578,0.000000000,0.000000000,0.000000000,0.000000000,0.000000000,0.000000000,0.000000000,0.000000000
1.380000000,0.114366377,0.000000000,0.000000000,1.050000000,0.000000000,0.000000000,0.000000000,-0.114366377,0.000000000,0.000000000,1.050000000,0.000000000,0.000000000,0.000000000,0.210331171,1.123497604,0.785410197,0.004158926,0.000000000,0.000000000,0.000000000,0.000000000,0.000000000,0.000000000,0.000000000,0.000000000
1.400000000,0.115576986,0.000000000,0.000000000,1.050000000,0.000000000,0.000000000,0.000000000,-0.115576986,0.000000000,0.000000000,1.050000000,0.000000000,0.000000000,0.000000000,0.175735931,1.098881767,0.829610059,0.011528832,0.000000000,0.000000000,0.000000000,0.000000000,0.000000000,0.000000000,0.000000000,0.000000000
1.420000000,0.116769345,0.000000000,0.000000000,1.050000000,0.000000000,0.000000000,0.000000000,-0.116769345,0.000000000,0.000000000,1.050000000,0.000000000,0.000000000,0.000000000,0.143756421,1.071190159,0.872394300,0.022526858,0.000000000,0.000000000,0.000000000,0.000000000,0.000000000,0.000000000,0.000000000,0.000000000
1.440000000,0.117943265,0.000000000,0.000000000,1.050000000,0.000000000,0.000000000,0.000000000,-0.117943265,0.000000000,0.000000000,1.050000000,0.000000000,0.000000000,0.000000000,0.114589803,1.040593506,0.913499139,0.037085198,0.000000000,0.000000000,0.000000000,0.000000000,0.000000000,0.000000000,0.000000000,0.000000000
1.460000000,0.119098560,0.000000000,0.000000000,1.050000000,0.000000000,0.000000000,0.000000000,-0.119098560,0.000000000,0.000000000,1.050000000,0.000000000,0.000000000,0.000000000,0.088415901,1.007280447,0.952671151,0.055114096,0.000000000,0.000000000,0.000000000,0.000000000,0.000000000,0.000000000,0.000000000,0.000000000
1.480000000,0.120235048,0.000000000,0.000000000,1.050000000,0.000000000,0.000000000,0.000000000,-0.120235048,0.000000000,0.000000000,1.050000000,0.000000000,0.000000000,0.000000000,0.065396085,0.971456370,0.989668829,0.076502396,0.000000000,0.000000000,0.000000000,0.000000000,0.000000000,0.000000000,0.000000000,0.000000000
1.500000000,0.121352549,0.000000000,0.000000000,1.050000000,0.000000000,0.000000000,0.000000000,-0.121352549,0.000000000,0.000000000,1.050000000,0.000000000,0.000000000,0.000000000,0.045672280,0.933342140,1.024264069,0.101118233,0.000000000,0.000000000,0.000000000,0.000000000,0.000000000,0.000000000,0.000000000,0.000000000
1.520000000,0.122450888,0.000000000,0.000000000,1.050000000,0.000000000,0.000000000,0.000000000,-0.122450888,0.000000000,0.000000000,1.050000000,0.000000000,0.000000000,0.000000000,0.029366090,0.893172745,1.056243579,0.128809841,0.000000000,0.000000000,0.000000000,0.000000000,0.000000000,0.000000000,0.000000000,0.000000000
1.540000000,0.123529890,0.000000000,0.000000000,1.050000000,0.000000000,0.000000000,0.000000000,-0.123529890,0.000000000,0.000000000,1.050000000,0.000000000,0.000000000,0.000000000,0.016578048,0.851195843,1.085410197,0.159406494,0.000000000,0.000000000,0.000000000,0.000000000,0.000000000,0.000000000,0.000000000,0.000000000
1.560000000,0.124589385,0.000000000,0.000000000,1.050000000,0.000000000,0.000000000,0.000000000,-0.124589385,0.000000000,0.000000000,1.050000000,0.000000000,0.000000000,0.000000000,0.007386996,0.807670234,1.111584099,0.192719553,0.000000000,0.000000000,0.000000000,0.000000000,0.000000000,0.000000000,0.000000000,0.000000000
1.580000000,0.125629206,0.000000000,0.000000000,1.050000000,0.000000000,0.000000000,0.000000000,-0.125629206,0.000000000,0.000000000,1.050000000,0.000000000,0.000000000,0.000000000,0.001849600,0.762864270,1.134603915,0.228543630,0.000000000,0.000000000,0.000000000,0.000000000,0.000000000,0.000000000,0.000000000,0.000000000
1.600000000,0.126649189,0.000000000,0.000000000,1.050000000,0.000000000,0.000000000,0.000000000,-0.126649189,0.000000000,0.000000000,1.050000000,0.000000000,0.000000000,0.000000000,0.000000000,0.717054193,1.154327720,0.266657860,0.000000000,0.000000000,0.000000000,0.000000000,0.000000000,0.000000000,0.000000000,0.000000000
1.620000000,0.127649172,0.000000000,0.000000000,1.050000000,0.000000000,0.000000000,0.000000000,-0.127649172,0.000000000,0.000000000,1.050000000,0.000000000,0.000000000,0.000000000,0.000000000,0.670522438,1.170633910,0.306827255,0.000000000,0.000000000,0.000000000,0.000000000,0.000000000,0.000000000,0.000000000,0.000000000
1.640000000,0.128628998,0.000000000,0.000000000,1.050000000,0.000000000,0.000000000,0.000000000,-0.128628998,0.000000000,0.000000000,1.050000000,0.000000000,0.000000000,0.000000000,0.000000000,0.623555889,1.183421952,0.348804157,0.000000000,0.000000000,0.000000000,0.000000000,0.000000000,0.000000000,0.000000000,0.000000000
1.660000000,0.129588513,0.000000000,0.000000000,1.050000000,0.000000000,0.000000000,0.000000000,-0.129588513,0.000000000,0.000000000,1.050000000,0.000000000,0.000000000,0.000000000,0.000000000,0.576444111,1.192613004,0.392329766,0.000000000,0.000000000,0.000000000,0.000000000,0.000000000,0.000000000,0.000000000,0.000000000
1.680000000,0.130527563,0.000000000,0.000000000,1.050000000,0.000000000,0.000000000,0.000000000,-0.130527563,0.000000000,0.000000000,1.050000000,0.000000000,0.000000000,0.000000000,0.000000000,0.529477562,1.198150400,0.437135730,0.000000000,0.000000000,0.000000000,0.000000000,0.000000000,0.000000000,0.000000000,0.000000000
1.700000000,0.131446002,0.000000000,0.000000000,1.050000000,0.000000000,0.000000000,0.000000000,-0.131446002,0.000000000,0.000000000,1.050000000,0.000000000,0.000000000,0.000000000,0.000000000,0.482945807,1.200000000,0.482945807,0.000000000,0.000000000,0.000000000,0.000000000,0.000000000,0.000000000,0.000000000,0.000000000
1.720000000,0.132343684,0.000000000,0.000000000,1.050000000,0.000000000,0.000000000,0.000000000,-0.132343684,0.000000000,0.000000000,1.050000000,0.000000000,0.000000000,0.000000000,0.000000000,0.437135730,1.198150400,0.529477562,0.001387200,0.000000000,0.000000000,0.000000000,0.000000000,0.000000000,0.000000000,0.000000000
1.740000000,0.133220467,0.000000000,0.000000000,1.050000000,0.000000000,0.000000000,0.000000000,-0.133220467,0.000000000,0.000000000,1.050000000,0.000000000,0.000000000,0.000000000,0.000000000,0.392329766,1.192613004,0.576444111,0.005540247,0.000000000,0.000000000,0.000000000,0.000000000,0.000000000,0.000000000,0.000000000
1.760000000,0.134076214,0.000000000,0.000000000,1.050000000,0.000000000,0.000000000,0.000000000,-0.134076214,0.000000000,0.000000000,1.050000000,0.000000000,0.000000000,0.000000000,0.000000000,0.348804157,1.183421952,0.623555889,0.012433536,0.000000000,0.000000000,0.000000000,0.000000000,0.000000000,0.000000000,0.000000000
1.780000000,0.134910788,0.000000000,0.000000000,1.050000000,0.000000000,0.000000000,0.000000000,-0.134910788,0.000000000,0.000000000,1.050000000,0.000000000,0.000000000,0.000000000,0.000000000,0.306827255,1.170633910,0.670522438,0.022024568,0.000000000,0.000000000,0.000000000,0.000000000,0.000000000,0.000000000,0.000000000
1.800000000,0.135724058,0.000000000,0.000000000,1.050000000,0.000000000,0.000000000,0.000000000,-0.135724058,0.000000000,0.000000000,1.050000000,0.000000000,0.000000000,0.000000000,0.000000000,0.266657860,1.154327720,0.717054193,0.034254210,0.000000000,0.000000000,0.000000000,0.000000000,0.000000000,0.000000000,0.000000000
1.820000000,0.136515896,0.000000000,0.000000000,1.050000000,0.000000000,0.000000000,0.000000000,-0.136515896,0.000000000,0.000000000,1.050000000,0.000000000,0.000000000,0.000000000,0.000000000,0.228543630,1.134603915,0.762864270,0.049047064,0.000000000,0.000000000,0.000000000,0.000000000,0.000000000,0.000000000,0.000000000
1.840000000,0.137286176,0.000000000,0.000000000,1.050000000,0.000000000,0.000000000,0.000000000,-0.137286176,0.000000000,0.000000000,1.050000000,0.000000000,0.000000000,0.000000000,0.000000000,0.192719553,1.111584099,0.807670234,0.066311926,0.000000000,0.000000000,0.000000000,0.000000000,0.000000000,0.000000000,0.000000000
1.860000000,0.138034777,0.000000000,0.000000000,1.050000000,0.000000000,0.000000000,0.000000000,-0.138034777,0.000000000,0.000000000,1.050000000,0.000000000,0.000000000,0.000000000,0.000000000,0.159406494,1.085410197,0.851195843,0.085942353,0.000173467,0.000000000,0.000000000,0.000000000,0.000000000,0.000000000,0.000000000
1.880000000,0.138761581,0.000000000,0.000000000,1.050000000,0.000000000,0.000000000,0.000000000,-0.138761581,0.000000000,0.000000000,1.050000000,0.000000000,0.000000000,0.000000000,0.000000000,0.128809841,1.056243579,0.893172745,0.107817315,0.001559597,0.000000000,0.000000000,0.000000000,0.000000000,0.000000000,0.000000000
1.900000000,0.139466473,0.000000000,0.000000000,1.050000000,0.000000000,0.000000000,0.000000000,-0.139466473,0.000000000,0.000000000,1.050000000,0.000000000,0.000000000,0.000000000,0.000000000,0.101118233,1.024264069,0.933342140,0.131801948,0.004323312,0.000000000,0.000000000,0.000000000,0.000000000,0.000000000,0.000000000
1.920000000,0.140149341,0.000000000,0.000000000,1.050000000,0.000000000,0.000000000,0.000000000,-0.140149341,0.000000000,0.000000000,1.050000000,0.000000000,0.000000000,0.000000000,0.000000000,0.076502396,0.989668829,0.971456370,0.157748378,0.008447572,0.000000000,0.000000000,0.000000000,0.000000000,0.000000000,0.000000000
1.940000000,0.140810079,0.000000000,0.000000000,1.050000000,0.000000000,0.000000000,0.000000000,-0.140810079,0.000000000,0.000000000,1.050000000,0.000000000,0.000000000,0.000000000,0.000000000,0.055114096,0.952671151,1.007280447,0.185496636,0.013906949,0.000000000,0.000000000,0.000000000,0.000000000,0.000000000,0.000000000
1.960000000,0.141448580,0.000000000,0.000000000,1.050000000,0.000000000,0.000000000,0.000000000,-0.141448580,0.000000000,0.000000000,1.050000000,0.000000000,0.000000000,0.000000000,0.000000000,0.037085198,0.913499139,1.040593506,0.214875646,0.020667786,0.000000000,0.000000000,0.000000000,0.000000000,0.000000000,0.000000000
1.980000000,0.142064746,0.000000000,0.000000000,1.050000000,0.000000000,0.000000000,0.000000000,-0.142064746,0.000000000,0.000000000,1.050000000,0.000000000,0.000000000,0.000000000,0.000000000,0.022526858,0.872394300,1.071190159,0.245704275,0.028688398,0.000000000,0.000000000,0.000000000,0.000000000,0.000000000,0.000000000
2.000000000,0.142658477,0.000000000,0.000000000,1.050000000,0.000000000,0.000000000,0.000000000,-0.142658477,0.000000000,0.000000000,1.050000000,0.000000000,0.000000000,0.000000000,0.000000000,0.011528832,0.829610059,1.098881767,0.277792455,0.037919337,0.000000000,0.000000000,0.000000000,0.000000000,0.000000000,0.000000000
2.020000000,0.143229682,0.000000000,0.000000000,1.050000000,0.000000000,0.000000000,0.000000000,-0.143229682,0.000000000,0.000000000,1.050000000,0.000000000,0.000000000,0.000000000,0.000000000,0.004158926,0.785410197,1.123497604,0.310942353,0.048303691,0.000000000,0.000000000,0.000000000,0.000000000,0.000000000,0.000000000
2.040000000,0.143778268,0.000000000,0.000000000,1.050000000,0.000000000,0.000000000,0.000000000,-0.143778268,0.000000000,0.000000000,1.050000000,0.000000000,0.000000000,0.000000000,0.000000000,0.000462578,0.740067218,1.144885904,0.344949586,0.059777435,0.000000000,0.000000000,0.000000000,0.000000000,0.000000000,0.000000000
2.060000000,0.144304151,0.000000000,0.000000000,1.050000000,0.000000000,0.000000000,0.000000000,-0.144304151,0.000000000,0.000000000,1.050000000,0.000000000,0.000000000,0.000000000,0.000000000,0.000000000,0.693860679,1.162914802,0.379604491,0.072269832,0.000000000,0.000000000,0.000000000,0.000000000,0.000000000,0.000000000
2.080000000,0.144807246,0.000000000,0.000000000,1.050000000,0.000000000,0.000000000,0.000000000,-0.144807246,0.000000000,0.000000000,1.050000000,0.000000000,0.000000000,0.000000000,0.000000000,0.000000000,0.647075457,1.177473142,0.414693407,0.085703861,0.000000000,0.000000000,0.000000000,0.000000000,0.000000000,0.000000000
2.100000000,0.145287474,0.000000000,0.000000000,1.050000000,0.000000000,0.000000000,0.000000000,-0.145287474,0.000000000,0.000000000,1.050000000,0.000000000,0.000000000,0.000000000,0.000000000,0.000000000,0.600000000,1.188471168,0.450000000,0.099996698,0.000000000,0.000000000,0.000000000,0.000000000,0.000000000,0.000000000
2.120000000,0.145744760,0.000000000,0.000000000,1.050000000,0.000000000,0.000000000,0.000000000,-0.145744760,0.000000000,0.000000000,1.050000000,0.000000000,0.000000000,0.000000000,0.000000000,0.000000000,0.552924543,1.195841074,0.485306593,0.115060221,0.000000000,0.000000000,0.000000000,0.000000000,0.000000000,0.000000000
2.140000000,0.146179031,0.000000000,0.000000000,1.050000000,0.000000000,0.000000000,0.000000000,-0.146179031,0.000000000,0.000000000,1.050000000,0.000000000,0.000000000,0.000000000,0.000000000,0.000000000,0.506139321,1.199537422,0.520395509,0.130801559,0.000000000,0.000000000,0.000000000,0.000000000,0.000000000,0.000000000
2.160000000,0.146590219,0.000000000,0.000000000,1.050000000,0.000000000,0.000000000,0.000000000,-0.146590219,0.000000000,0.000000000,1.050000000,0.000000000,0.000000000,0.000000000,0.000000000,0.000000000,0.459932782,1.199537422,0.555050414,0.147123662,0.000000000,0.000000000,0.000000000,0.000000000,0.000000000,0.000000000
2.180000000,0.146978258,0.000000000,0.000000000,1.050000000,0.000000000,0.000000000,0.000000000,-0.146978258,0.000000000,0.000000000,1.050000000,0.000000000,0.000000000,0.000000000,0.000000000,0.000000000,0.414589803,1.195841074,0.589057647,0.163925899,0.000000000,0.000000000,0.000000000,0.000000000,0.000000000,0.000000000
2.200000000,0.147343088,0.000000000,0.000000000,1.050000000,0.000000000,0.000000000,0.000000000,-0.147343088,0.000000000,0.000000000,1.050000000,0.000000000,0.000000000,0.000000000,0.000000000,0.000000000,0.370389941,1.188471168,0.622207545,0.181104678,0.000000000,0.000000000,0.000000000,0.000000000,0.000000000,0.000000000
2.220000000,0.147684650,0.000000000,0.000000000,1.050000000,0.000000000,0.000000000,0.000000000,-0.147684650,0.000000000,0.000000000,1.050000000,0.000000000,0.000000000,0.000000000,0.000000000,0.000000000,0.327605700,1.177473142,0.654295725,0.198554086,0.000000000,0.000000000,0.000000000,0.000000000,0.000000000,0.000000000
2.240000000,0.148002892,0.000000000,0.000000000,1.050000000,0.000000000,0.000000000,0.000000000,-0.148002892,0.000000000,0.000000000,1.050000000,0.000000000,0.000000000,0.000000000,0.000000000,0.000000000,0.286500861,1.162914802,0.685124354,0.216166541,0.000000000,0.000000000,0.000000000,0.000000000,0.000000000,0.000000000
2.260000000,0.148297762,0.000000000,0.000000000,1.050000000,0.000000000,0.000000000,0.000000000,-0.148297762,0.000000000,0.000000000,1.050000000,0.000000000,0.000000000,0.000000000,0.000000000,0.000000000,0.247328849,1.144885904,0.714503364,0.233833459,0.000000000,0.000000000,0.000000000,0.000000000,0.000000000,0.000000000
2.280000000,0.148569214,0.000000000,0.000000000,1.050000000,0.000000000,0.000000000,0.000000000,-0.148569214,0.000000000,0.000000000,1.050000000,0.000000000,0.000000000,0.000000000,0.000000000,0.000000000,0.210331171,1.123497604,0.742251622,0.251445914,0.000000000,0.000000000,0.000000000,0.000000000,0.000000000,0.000000000
2.300000000,0.148817205,0.000000000,0.000000000,1.050000000,0.000000000,0.000000000,0.000000000,-0.148817205,0.000000000,0.000000000,1.050000000,0.000000000,0.000000000,0.000000000,0.000000000,0.000000000,0.175735931,1.098881767,0.768198052,0.268895322,0.000000000,0.000000000,0.000000000,0.000000000,0.000000000,0.000000000
2.320000000,0.149041697,0.000000000,0.000000000,1.050000000,0.000000000,0.000000000,0.000000000,-0.149041697,0.000000000,0.000000000,1.050000000,0.000000000,0.000000000,0.000000000,0.000000000,0.000000000,0.143756421,1.071190159,0.792182685,0.286074101,0.000000000,0.000000000,0.000000000,0.000000000,0.000000000,0.000000000
2.340000000,0.149242653,0.000000000,0.000000000,1.050000000,0.000000000,0.000000000,0.000000000,-0.149242653,0.000000000,0.000000000,1.050000000,0.000000000,0.000000000,0.000000000,0.000000000,0.000000000,0.114589803,1.040593506,0.814057647,0.302876338,0.000000000,0.000000000,0.000000000,0.000000000,0.000000000,0.000000000
2.360000000,0.149420041,0.000000000,0.000000000,1.050000000,0.000000000,0.000000000,0.000000000,-0.149420041,0.000000000,0.000000000,1.050000000,0.000000000,0.000000000,0.000000000,0.000000000,0.000000000,0.088415901,1.007280447,0.833688074,0.319198441,0.000000000,0.000000000,0.000000000,0.000000000,0.000000000,0.000000000
2.380000000,0.149573835,0.000000000,0.000000000,1.050000000,0.000000000,0.000000000,0.000000000,-0.149573835,0.000000000,0.000000000,1.050000000,0.000000000,0.000000000,0.000000000,0.000000000,0.000000000,0.065396085,0.971456370,0.850952936,0.334939779,0.000000000,0.000000000,0.000000000,0.000000000,0.000000000,0.000000000
2.400000000,0.149704009,0.000000000,0.000000000,1.050000000,0.000000000,0.000000000,0.000000000,-0.149704009,0.000000000,0.000000000,1.050000000,0.000000000,0.000000000,0.000000000,0.000000000,0.000000000,0.045672280,0.933342140,0.865745790,0.350003302,0.000000000,0.000000000,0.000000000,0.000000000,0.000000000,0.000000000
2.420000000,0.149810543,0.000000000,0.000000000,1.050000000,0.000000000,0.000000000,0.000000000,-0.149810543,0.000000000,0.000000000,1.050000000,0.000000000,0.000000000,0.000000000,0.000000000,0.000000000,0.029366090,0.893172745,0.877975432,0.364296139,0.000000000,0.000000000,0.000000000,0.000000000,0.000000000,0.000000000
2.440000000,0.149893421,0.000000000,0.000000000,1.050000000,0.000000000,0.000000000,0.000000000,-0.149893421,0.000000000,0.000000000,1.050000000,0.000000000,0.000000000,0.000000000,0.000000000,0.000000000,0.016578048,0.851195843,0.887566464,0.377730168,0.000000000,0.000000000,0.000000000,0.000000000,0.000000000,0.000000000
2.460000000,0.149952628,0.000000000,0.000000000,1.050000000,0.000000000,0.000000000,0.000000000,-0.149952628,0.000000000,0.000000000,1.050000000,0.000000000,0.000000000,0.000000000,0.000000000,0.000000000,0.007386996,0.807670234,0.894459753,0.390222565,0.000000000,0.000000000,0.000000000,0.000000000,0.000000000,0.000000000
2.480000000,0.149988157,0.000000000,0.000000000,1.050000000,0.000000000,0.000000000,0.000000000,-0.149988157,0.000000000,0.000000000,1.050000000,0.000000000,0.000000000,0.000000000,0.000000000,0.000000000,0.001849600,0.762864270,0.898612800,0.401696309,0.000000000,0.000000000,0.000000000,0.000000000,0.000000000,0.000000000
2.500000000,0.150000000,0.000000000,0.000000000,1.050000000,0.000000000,0.000000000,0.000000000,-0.150000000,0.000000000,0.000000000,1.050000000,0.000000000,0.000000000,0.000000000,0.000000000,0.000000000,0.000000000,0.717054193,0.900000000,0.412080663,0.000000000,0.000000000,0.000000000,0.000000000,0.000000000,0.000000000
2.520000000,0.149988157,0.000000000,0.000000000,1.050000000,0.000000000,0.000000000,0.000000000,-0.149988157,0.000000000,0.000000000,1.050000000,0.000000000,0.000000000,0.000000000,0.000000000,0.000000000,0.000000000,0.670522438,0.898612800,0.421311602,0.000000000,0.000000000,0.000000000,0.000000000,0.000000000,0.000000000
2.540000000,0.149952628,0.000000000,0.000000000,1.050000000,0.000000000,0.000000000,0.000000000,-0.149952628,0.000000000,0.000000000,1.050000000,0.000000000,0.000000000,0.000000000,0.000000000,0.000000000,0.000000000,0.623555889,0.894459753,0.429332214,0.000000000,0.000000000,0.000000000,0.000000000,0.000000000,0.000000000
2.560000000,0.149893421,0.000000000,0.000000000,1.050000000,0.000000000,0.000000000,0.000000000,-0.149893421,0.000000000,0.000000000,1.050000000,0.000000000,0.000000000,0.000000000,0.000000000,0.000000000,0.000000000,0.576444111,0.887566464,0.436093051,0.000000000,0.000000000,0.000000000,0.000000000,0.000000000,0.000000000
2.580000000,0.149810543,0.000000000,0.000000000,1.050000000,0.000000000,0.000000000,0.000000000,-0.149810543,0.000000000,0.000000000,1.050000000,0.000000000,0.000000000,0.000000000,0.000000000,0.000000000,0.000000000,0.529477562,0.877975432,0.441552428,0.000000000,0.000000000,0.000000000,0.000000000,0.000000000,0.000000000
2.600000000,0.149704009,0.000000000,0.000000000,1.050000000,0.000000000,0.000000000,0.000000000,-0.149704009,0.000000000,0.000000000,1.050000000,0.000000000,0.000000000,0.000000000,0.000000000,0.000000000,0.000000000,0.482945807,0.865745790,0.445676688,0.000000000,0.000000000,0.000000000,0.000000000,0.000000000,0.000000000
2.620000000,0.149573835,0.000000000,0.000000000,1.050000000,0.000000000,0.000000000,0.000000000,-0.149573835,0.000000000,0.000000000,1.050000000,0.000000000,0.000000000,0.000000000,0.000000000,0.000000000,0.000000000,0.437135730,0.850952936,0.448440403,0.000000000,0.000000000,0.000000000,0.000000000,0.000000000,0.000000000
2.640000000,0.149420041,0.000000000,0.000000000,1.050000000,0.000000000,0.000000000,0.000000000,-0.149420041,0.000000000,0.000000000,1.050000000,0.000000000,0.000000000,0.000000000,0.000000000,0.000000000,0.000000000,0.392329766,0.833688074,0.449826533,0.000000000,0.000000000,0.000000000,0.000000000,0.000000000,0.000000000
2.660000000,0.149242653,0.000000000,0.000000000,1.050000000,0.000000000,0.000000000,0.000000000,-0.149242653,0.000000000,0.000000000,1.050000000,0.000000000,0.000000000,0.000000000,0.000000000,0.000000000,0.000000000,0.348804157,0.814057647,0.449826533,0.000000000,0.000000000,0.000000000,0.000000000,0.000000000,0.000000000
2.680000000,0.149041697,0.000000000,0.000000000,1.050000000,0.000000000,0.000000000,0.000000000,-0.149041697,0.000000000,0.000000000,1.050000000,0.000000000,0.000000000,0.000000000,0.000000000,0.000000000,0.000000000,0.306827255,0.792182685,0.448440403,0.000000000,0.000000000,0.000000000,0.000000000,0.000000000,0.000000000
2.700000000,0.148817205,0.000000000,0.000000000,1.050000000,0.000000000,0.000000000,0.000000000,-0.148817205,0.000000000,0.000000000,1.050000000,0.000000000,0.000000000,0.000000000,0.000000000,0.000000000,0.000000000,0.266657860,0.768198052,0.445676688,0.000000000,0.000000000,0.000000000,0.000000000,0.000000000,0.000000000
2.720000000,0.148569214,0.000000000,0.000000000,1.050000000,0.000000000,0.000000000,0.000000000,-0.148569214,0.000000000,0.000000000,1.050000000,0.000000000,0.000000000,0.000000000,0.000000000,0.000000000,0.000000000,0.228543630,0.742251622,0.441552428,0.000000000,0.000000000,0.000000000,0.000000000,0.000000000,0.000000000
2.740000000,0.148297762,0.000000000,0.000000000,1.050000000,0.000000000,0.000000000,0.000000000,-0.148297762,0.000000000,0.000000000,1.050000000,0.000000000,0.000000000,0.000000000,0.000000000,0.000000000,0.000000000,0.192719553,0.714503364,0.436093051,0.000000000,0.000000000,0.000000000,0.000000000,0.000000000,0.000000000
2.760000000,0.148002892,0.000000000,0.000000000,1.050000000,0.000000000,0.000000000,0.000000000,-0.148002892,0.000000000,0.000000000,1.050000000,0.000000000,0.000000000,0.000000000,0.000000000,0.000000000,0.000000000,0.159406494,0.685124354,0.429332214,0.000000000,0.000000000,0.000000000,0.000000000,0.000000000,0.000000000
2.780000000,0.147684650,0.000000000,0.000000000,1.050000000,0.000000000,0.000000000,0.000000000,-0.147684650,0.000000000,0.000000000,1.050000000,0.000000000,0.000000000,0.000000000,0.000000000,0.000000000,0.000000000,0.128809841,0.654295725,0.421311602,0.000000000,0.000000000,0.000000000,0.000000000,0.000000000,0.000000000
2.800000000,0.147343088,0.000000000,0.000000000,1.050000000,0.000000000,0.000000000,0.000000000,-0.147343088,0.000000000,0.000000000,1.050000000,0.000000000,0.000000000,0.000000000,0.000000000,0.000000000,0.000000000,0.101118233,0.622207545,0.412080663,0.000000000,0.000000000,0.000000000,0.000000000,0.000000000,0.000000000
2.820000000,0.146978258,0.000000000,0.000000000,1.050000000,0.000000000,0.000000000,0.000000000,-0.146978258,0.000000000,0.000000000,1.050000000,0.000000000,0.000000000,0.000000000,0.000000000,0.000000000,0.000000000,0.076502396,0.589057647,0.401696309,0.000000000,0.000000000,0.000000000,0.000000000,0.000000000,0.000000000
2.840000000,0.146590219,0.000000000,0.000000000,1.050000000,0.000000000,0.000000000,0.000000000,-0.146590219,0.000000000,0.000000000,1.050000000,0.000000000,0.000000000,0.000000000,0.000000000,0.000000000,0.000000000,0.055114096,0.555050414,0.390222565,0.000000000,0.000000000,0.000000000,0.000000000,0.000000000,0.000000000
2.860000000,0.146179031,0.000000000,0.000000000,1.050000000,0.000000000,0.000000000,0.000000000,-0.146179031,0.000000000,0.000000000,1.050000000,0.000000000,0.000000000,0.000000000,0.000000000,0.000000000,0.000000000,0.037085198,0.520395509,0.377730168,0.000000000,0.000000000,0.000000000,0.000000000,0.000000000,0.000000000
2.880000000,0.145744760,0.000000000,0.000000000,1.050000000,0.000000000,0.000000000,0.000000000,-0.145744760,0.000000000,0.000000000,1.050000000,0.000000000,0.000000000,0.000000000,0.000000000,0.000000000,0.000000000,0.022526858,0.485306593,0.364296139,0.000000000,0.000000000,0.000000000,0.000000000,0.000000000,0.000000000
2.900000000,0.145287474,0.000000000,0.000000000,1.050000000,0.000000000,0.000000000,0.000000000,-0.145287474,0.000000000,0.000000000,1.050000000,0.000000000,0.000000000,0.000000000,0.000000000,0.000000000,0.000000000,0.011528832,0.450000000,0.350003302,0.000000000,0.000000000,0.000000000,0.000000000,0.000000000,0.000000000
2.920000000,0.144807246,0.000000000,0.000000000,1.050000000,0.000000000,0.000000000,0.000000000,-0.144807246,0.000000000,0.000000000,1.050000000,0.000000000,0.000000000,0.000000000,0.000000000,0.000000000,0.000000000,0.004158926,0.414693407,0.334939779,0.000000000,0.000000000,0.000000000,0.000000000,0.000000000,0.000000000
2.940000000,0.144304151,0.000000000,0.000000000,1.050000000,0.000000000,0.000000000,0.000000000,-0.144304151,0.000000000,0.000000000,1.050000000,0.000000000,0.000000000,0.000000000,0.000000000,0.000000000,0.000000000,0.000462578,0.379604491,0.319198441,0.000000000,0.000000000,0.000000000,0.000000000,0.000000000,0.000000000
2.960000000,0.143778268,0.000000000,0.000000000,1.050000000,0.000000000,0.000000000,0.000000000,-0.143778268,0.000000000,0.000000000,1.050000000,0.000000000,0.000000000,0.000000000,0.000000000,0.000000000,0.000000000,0.000000000,0.344949586,0.302876338,0.000000000,0.000000000,0.000000000,0.000000000,0.000000000,0.000000000
2.980000000,0.143229682,0.000000000,0.000000000,1.050000000,0.000000000,0.000000000,0.000000000,-0.143229682,0.000000000,0.000000000,1.050000000,0.000000000,0.000000000,0.000000000,0.000000000,0.000000000,0.000000000,0.000000000,0.310942353,0.286074101,0.000000000,0.000000000,0.000000000,0.000000000,0.000000000,0.000000000
3.000000000,0.142658477,0.000000000,0.000000000,1.050000000,0.000000000,0.000000000,0.000000000,-0.142658477,0.000000000,0.000000000,1.050000000,0.000000000,0.000000000,0.000000000,0.000000000,0.000000000,0.000000000,0.000000000,0.277792455,0.268895322,0.000000000,0.000000000,0.000000000,0.000000000,0.000000000,0.000000000
3.020000000,0.142064746,0.000000000,0.000000000,1.050000000,0.000000000,0.000000000,0.000000000,-0.142064746,0.000000000,0.000000000,1.050000000,0.000000000,0.000000000,0.000000000,0.000000000,0.000000000,0.000000000,0.000000000,0.245704275,0.251445914,0.000000000,0.000000000,0.000000000,0.000000000,0.000000000,0.000000000
3.040000000,0.141448580,0.000000000,0.000000000,1.050000000,0.000000000,0.000000000,0.000000000,-0.141448580,0.000000000,0.000000000,1.050000000,0.000000000,0.000000000,0.000000000,0.000000000,0.000000000,0.000000000,0.000000000,0.214875646,0.233833459,0.000000000,0.000000000,0.000000000,0.000000000,0.000000000,0.000000000
3.060000000,0.140810079,0.000000000,0.000000000,1.050000000,0.000000000,0.000000000,0.000000000,-0.140810079,0.000000000,0.000000000,1.050000000,0.000000000,0.000000000,0.000000000,0.000000000,0.000000000,0.000000000,0.000000000,0.185496636,0.216166541,0.000000000,0.000000000,0.000000000,0.000000000,0.000000000,0.000000000
3.080000000,0.140149341,0.000000000,0.000000000,1.050000000,0.000000000,0.000000000,0.000000000,-0.140149341,0.000000000,0.000000000,1.050000000,0.000000000,0.000000000,0.000000000,0.000000000,0.000000000,0.000000000,0.000000000,0.157748378,0.198554086,0.000000000,0.000000000,0.000000000,0.000000000,0.000000000,0.000000000
3.100000000,0.139466473,0.000000000,0.000000000,1.050000000,0.000000000,0.000000000,0.000000000,-0.139466473,0.000000000,0.000000000,1.050000000,0.000000000,0.000000000,0.000000000,0.000000000,0.000000000,0.000000000,0.000000000,0.131801948,0.181104678,0.000000000,0.000000000,0.000000000,0.000000000,0.000000000,0.000000000
3.120000000,0.138761581,0.000000000,0.000000000,1.050000000,0.000000000,0.000000000,0.000000000,-0.138761581,0.000000000,0.000000000,1.050000000,0.000000000,0.000000000,0.000000000,0.000000000,0.000000000,0.000000000,0.000000000,0.107817315,0.163925899,0.000000000,0.000000000,0.000000000,0.000000000,0.000000000,0.000000000
3.140000000,0.138034777,0.000000000,0.000000000,1.050000000,0.000000000,0.000000000,0.000000000,-0.138034777,0.000000000,0.000000000,1.050000000,0.000000000,0.000000000,0.000000000,0.000000000,0.000000000,0.000000000,0.000000000,0.085942353,0.147123662,0.000000000,0.000000000,0.000000000,0.000000000,0.000000000,0.000000000
3.160000000,0.137286176,0.000000000,0.000000000,1.050000000,0.000000000,0.000000000,0.000000000,-0.137286176,0.000000000,0.000000000,1.050000000,0.000000000,0.000000000,0.000000000,0.000000000,0.000000000,0.000000000,0.000000000,0.066311926,0.130801559,0.000000000,0.000000000,0.000000000,0.000000000,0.000000000,0.000000000
3.180000000,0.136515896,0.000000000,0.000000000,1.050000000,0.000000000,0.000000000,0.000000000,-0.136515896,0.000000000,0.000000000,1.050000000,0.000000000,0.000000000,0.000000000,0.000000000,0.000000000,0.000000000,0.000000000,0.049047064,0.115060221,0.000000000,0.000000000,0.000000000,0.000000000,0.000000000,0.000000000
3.200000000,0.135724058,0.000000000,0.000000000,1.050000000,0.000000000,0.000000000,0.000000000,-0.135724058,0.000000000,0.000000000,1.050000000,0.000000000,0.000000000,0.000000000,0.000000000,0.000000000,0.000000000,0.000000000,0.034254210,0.099996698,0.000000000,0.000000000,0.000000000,0.000000000,0.000000000,0.000000000
3.220000000,0.134910788,0.000000000,0.000000000,1.050000000,0.000000000,0.000000000,0.000000000,-0.134910788,0.000000000,0.000000000,1.050000000,0.000000000,0.000000000,0.000000000,0.000000000,0.000000000,0.000000000,0.000000000,0.022024568,0.085703861,0.000000000,0.000000000,0.000000000,0.000000000,0.000000000,0.000000000
3.240000000,0.134076214,0.000000000,0.000000000,1.050000000,0.000000000,0.000000000,0.000000000,-0.134076214,0.000000000,0.000000000,1.050000000,0.000000000,0.000000000,0.000000000,0.000000000,0.000000000,0.000000000,0.000000000,0.012433536,0.072269832,0.000000000,0.000000000,0.000000000,0.000000000,0.000000000,0.000000000
3.260000000,0.133220467,0.000000000,0.000000000,1.050000000,0.000000000,0.000000000,0.000000000,-0.133220467,0.000000000,0.000000000,1.050000000,0.000000000,0.000000000,0.000000000,0.000000000,0.000000000,0.000000000,0.000000000,0.005540247,0.059777435,0.000000000,0.000000000,0.000000000,0.000000000,0.000000000,0.000000000
3.280000000,0.132343684,0.000000000,0.000000000,1.050000000,0.000000000,0.000000000,0.000000000,-0.132343684,0.000000000,0.000000000,1.050000000,0.000000000,0.000000000,0.000000000,0.000000000,0.000000000,0.000000000,0.000000000,0.001387200,0.048303691,0.000000000,0.000000000,0.000000000,0.000000000,0.000000000,0.000000000
3.300000000,0.131446002,0.000000000,0.000000000,1.050000000,0.000000000,0.000000000,0.000000000,-0.131446002,0.000000000,0.000000000,1.050000000,0.000000000,0.000000000,0.000000000,0.000000000,0.000000000,0.000000000,0.000000000,0.000000000,0.037919337,0.000000000,0.000000000,0.000000000,0.000000000,0.000000000,0.000000000
3.320000000,0.130527563,0.000000000,0.000000000,1.050000000,0.000000000,0.000000000,0.000000000,-0.130527563,0.000000000,0.000000000,1.050000000,0.000000000,0.000000000,0.000000000,0.000000000,0.000000000,0.000000000,0.000000000,0.000000000,0.028688398,0.000000000,0.000000000,0.000000000,0.000000000,0.000000000,0.000000000
3.340000000,0.129588513,0.000000000,0.000000000,1.050000000,0.000000000,0.000000000,0.000000000,-0.129588513,0.000000000,0.000000000,1.050000000,0.000000000,0.000000000,0.000000000,0.000000000,0.000000000,0.000000000,0.000000000,0.000000000,0.020667786,0.000000000,0.000000000,0.000000000,0.000000000,0.000000000,0.000000000
3.360000000,0.128628998,0.000000000,0.000000000,1.050000000,0.000000000,0.000000000,0.000000000,-0.128628998,0.000000000,0.000000000,1.050000000,0.000000000,0.000000000,0.000000000,0.000000000,0.000000000,0.000000000,0.000000000,0.000000000,0.013906949,0.000000000,0.000000000,0.000000000,0.000000000,0.000000000,0.000000000
3.380000000,0.127649172,0.000000000,0.000000000,1.050000000,0.000000000,0.000000000,0.000000000,-0.127649172,0.000000000,0.000000000,1.050000000,0.000000000,0.000000000,0.000000000,0.000000000,0.000000000,0.000000000,0.000000000,0.000000000,0.008447572,0.000000000,0.000000000,0.000000000,0.000000000,0.000000000,0.000000000
3.400000000,0.126649189,0.000000000,0.000000000,1.050000000,0.000000000,0.000000000,0.000000000,-0.126649189,0.000000000,0.000000000,1.050000000,0.000000000,0.000000000,0.000000000,0.000000000,0.000000000,0.000000000,0.000000000,0.000000000,0.004323312,0.000000000,0.000000000,0.000000000,0.000000000,0.000000000,0.000000000
3.420000000,0.125629206,0.000000000,0.000000000,1.050000000,0.000000000,0.000000000,0.000000000,-0.125629206,0.000000000,0.000000000,1.050000000,0.000000000,0.000000000,0.000000000,0.000000000,0.000000000,0.000000000,0.000000000,0.000000000,0.001559597,0.000000000,0.000000000,0.000000000,0.000000000,0.000000000,0.000000000
3.440000000,0.124589385,0.000000000,0.000000000,1.050000000,0.000000000,0.000000000,0.000000000,-0.124589385,0.000000000,0.000000000,1.050000000,0.000000000,0.000000000,0.000000000,0.000000000,0.000000000,0.000000000,0.000000000,0.000000000,0.000173467,0.000000000,0.000000000,0.000000000,0.000000000,0.000000000,0.000000000
3.460000000,0.123529890,0.000000000,0.000000000,1.050000000,0.000000000,0.000000000,0.000000000,-0.123529890,0.000000000,0.000000000,1.050000000,0.000000000,0.000000000,0.000000000,0.000000000,0.000000000,0.000000000,0.000000000,0.000000000,0.000000000,0.000000000,0.000000000,0.000000000,0.000000000,0.000000000,0.000000000
3.480000000,0.122450888,0.000000000,0.000000000,1.050000000,0.000000000,0.000000000,0.000000000,-0.122450888,0.000000000,0.000000000,1.050000000,0.000000000,0.000000000,0.000000000,0.000000000,0.000000000,0.000000000,0.000000000,0.000000000,0.000000000,0.000000000,0.000000000,0.000000000,0.000000000,0.000000000,0.000000000
3.500000000,0.121352549,0.000000000,0.000000000,1.050000000,0.000000000,0.000000000,0.000000000,-0.121352549,0.000000000,0.000000000,1.050000000,0.000000000,0.000000000,0.000000000,0.000000000,0.000000000,0.000000000,0.000000000,0.000000000,0.000000000,0.000000000,0.000000000,0.000000000,0.000000000,0.000000000,0.000000000
3.520000000,0.120235048,0.000000000,0.000000000,1.050000000,0.000000000,0.000000000,0.000000000,-0.120235048,0.000000000,0.000000000,1.050000000,0.000000000,0.000000000,0.000000000,0.000000000,0.000000000,0.000000000,0.000000000,0.000000000,0.000000000,0.000000000,0.000000000,0.000000000,0.000000000,0.000000000,0.000000000
3.540000000,0.119098560,0.000000000,0.000000000,1.050000000,0.000000000,0.000000000,0.000000000,-0.119098560,0.000000000,0.000000000,1.050000000,0.000000000,0.000000000,0.000000000,0.000000000,0.000000000,0.000000000,0.000000000,0.000000000,0.000000000,0.000000000,0.000000000,0.000000000,0.000000000,0.000000000,0.000000000
3.560000000,0.117943265,0.000000000,0.000000000,1.050000000,0.000000000,0.000000000,0.000000000,-0.117943265,0.000000000,0.000000000,1.050000000,0.000000000,0.000000000,0.000000000,0.000000000,0.000000000,0.000000000,0.000000000,0.000000000,0.000000000,0.000000000,0.000000000,0.000000000,0.000000000,0.000000000,0.000000000
3.580000000,0.116769345,0.000000000,0.000000000,1.050000000,0.000000000,0.000000000,0.000000000,-0.116769345,0.000000000,0.000000000,1.050000000,0.000000000,0.000000000,0.000000000,0.000000000,0.000000000,0.000000000,0.000000000,0.000000000,0.000000000,0.000000000,0.000000000,0.000000000,0.000000000,0.000000000,0.000000000
3.600000000,0.115576986,0.000000000,0.000000000,1.050000000,0.000000000,0.000000000,0.000000000,-0.115576986,0.000000000,0.000000000,1.050000000,0.000000000,0.000000000,0.000000000,0.000000000,0.000000000,0.000000000,0.000000000,0.000000000,0.000000000,0.000000000,0.000000000,0.000000000,0.000000000,0.000000000,0.000000000
3.620000000,0.114366377,0.000000000,0.000000000,1.050000000,0.000000000,0.000000000,0.000000000,-0.114366377,0.000000000,0.000000000,1.050000000,0.000000000,0.000000000,0.000000000,0.000000000,0.000000000,0.000000000,0.000000000,0.000000000,0.000000000,0.000000000,0.000000000,0.000000000,0.000000000,0.000000000,0.000000000
3.640000000,0.113137707,0.000000000,0.000000000,1.050000000,0.000000000,0.000000000,0.000000000,-0.113137707,0.000000000,0.000000000,1.050000000,0.000000000,0.000000000,0.000000000,0.000000000,0.000000000,0.000000000,0.000000000,0.000000000,0.000000000,0.000000000,0.000000000,0.000000000,0.000000000,0.000000000,0.000000000
3.660000000,0.111891172,0.000000000,0.000000000,1.050000000,0.000000000,0.000000000,0.000000000,-0.111891172,0.000000000,0.000000000,1.050000000,0.000000000,0.000000000,0.000000000,0.000000000,0.000000000,0.000000000,0.000000000,0.000000000,0.000000000,0.000000000,0.000000000,0.000000000,0.000000000,0.000000000,0.000000000
3.680000000,0.110626968,0.000000000,0.000000000,1.050000000,0.000000000,0.000000000,0.000000000,-0.110626968,0.000000000,0.000000000,1.050000000,0.000000000,0.000000000,0.000000000,0.000000000,0.000000000,0.000000000,0.000000000,0.000000000,0.000000000,0.000000000,0.000000000,0.000000000,0.000000000,0.000000000,0.000000000
3.700000000,0.109345294,0.000000000,0.000000000,1.050000000,0.000000000,0.000000000,0.000000000,-0.109345294,0.000000000,0.000000000,1.050000000,0.000000000,0.000000000,0.000000000,0.000000000,0.000000000,0.000000000,0.000000000,0.000000000,0.000000000,0.000000000,0.000000000,0.000000000,0.000000000,0.000000000,0.000000000
3.720000000,0.108046354,0.000000000,0.000000000,1.050000000,0.000000000,0.000000000,0.000000000,-0.108046354,0.000000000,0.000000000,1.050000000,0.000000000,0.000000000,0.000000000,0.000000000,0.000000000,0.000000000,0.000000000,0.000000000,0.000000000,0.000000000,0.000000000,0.000000000,0.000000000,0.000000000,0.000000000
3.740000000,0.106730352,0.000000000,0.000000000,1.050000000,0.000000000,0.000000000,0.000000000,-0.106730352,0.000000000,0.000000000,1.050000000,0.000000000,0.000000000,0.000000000,0.000000000,0.000000000,0.000000000,0.000000000,0.000000000,0.000000000,0.000000000,0.000000000,0.000000000,0.000000000,0.000000000,0.000000000
3.760000000,0.105397495,0.000000000,0.000000000,1.050000000,0.000000000,0.000000000,0.000000000,-0.105397495,0.000000000,0.000000000,1.050000000,0.000000000,0.000000000,0.000000000,0.000000000,0.000000000,0.000000000,0.000000000,0.000000000,0.000000000,0.000000000,0.000000000,0.000000000,0.000000000,0.000000000,0.000000000
3.780000000,0.104047996,0.000000000,0.000000000,1.050000000,0.000000000,0.000000000,0.000000000,-0.104047996,0.000000000,0.000000000,1.050000000,0.000000000,0.000000000,0.000000000,0.000000000,0.000000000,0.000000000,0.000000000,0.000000000,0.000000000,0.000000000,0.000000000,0.000000000,0.000000000,0.000000000,0.000000000
3.800000000,0.102682066,0.000000000,0.000000000,1.050000000,0.000000000,0.000000000,0.000000000,-0.102682066,0.000000000,0.000000000,1.050000000,0.000000000,0.000000000,0.000000000,0.000000000,0.000000000,0.000000000,0.000000000,0.000000000,0.000000000,0.000000000,0.000000000,0.000000000,0.000000000,0.000000000,0.000000000
3.820000000,0.101299921,0.000000000,0.000000000,1.050000000,0.000000000,0.000000000,0.000000000,-0.101299921,0.000000000,0.000000000,1.050000000,0.000000000,0.000000000,0.000000000,0.000000000,0.000000000,0.000000000,0.000000000,0.000000000,0.000000000,0.001849600,0.000000000,0.000000000,0.000000000,0.000000000,0.000000000
3.840000000,0.099901780,0.000000000,0.000000000,1.050000000,0.000000000,0.000000000,0.000000000,-0.099901780,0.000000000,0.000000000,1.050000000,0.000000000,0.000000000,0.000000000,0.000000000,0.000000000,0.000000000,0.000000000,0.000000000,0.000000000,0.007386996,0.000000000,0.000000000,0.000000000,0.000000000,0.000000000
3.860000000,0.098487863,0.000000000,0.000000000,1.050000000,0.000000000,0.000000000,0.000000000,-0.098487863,0.000000000,0.000000000,1.050000000,0.000000000,0.000000000,0.000000000,0.000000000,0.000000000,0.000000000,0.000000000,0.000000000,0.000000000,0.016578048,0.000000000,0.000000000,0.000000000,0.000000000,0.000000000
3.880000000,0.097058394,0.000000000,0.000000000,1.050000000,0.000000000,0.000000000,0.000000000,-0.097058394,0.000000000,0.000000000,1.050000000,0.000000000,0.000000000,0.000000000,0.000000000,0.000000000,0.000000000,0.000000000,0.000000000,0.000000000,0.029366090,0.000000000,0.000000000,0.000000000,0.000000000,0.000000000
3.900000000,0.095613598,0.000000000,0.000000000,1.050000000,0.000000000,0.000000000,0.000000000,-0.095613598,0.000000000,0.000000000,1.050000000,0.000000000,0.000000000,0.000000000,0.000000000,0.000000000,0.000000000,0.000000000,0.000000000,0.000000000,0.045672280,0.000000000,0.000000000,0.000000000,0.000000000,0.000000000
3.920000000,0.094153704,0.000000000,0.000000000,1.050000000,0.000000000,0.000000000,0.000000000,-0.094153704,0.000000000,0.000000000,1.050000000,0.000000000,0.000000000,0.000000000,0.000000000,0.000000000,0.000000000,0.000000000,0.000000000,0.000000000,0.065396085,0.000000000,0.000000000,0.000000000,0.000000000,0.000000000
3.940000000,0.092678942,0.000000000,0.000000000,1.050000000,0.000000000,0.000000000,0.000000000,-0.092678942,0.000000000,0.000000000,1.050000000,0.000000000,0.000000000,0.000000000,0.000000000,0.000000000,0.000000000,0.000000000,0.000000000,0.000000000,0.088415901,0.000000000,0.000000000,0.000000000,0.000000000,0.000000000
3.960000000,0.091189545,0.000000000,0.000000000,1.050000000,0.000000000,0.000000000,0.000000000,-0.091189545,0.000000000,0.000000000,1.050000000,0.000000000,0.000000000,0.000000000,0.000000000,0.000000000,0.000000000,0.000000000,0.000000000,0.000000000,0.114589803,0.000000000,0.000000000,0.000000000,0.000000000,0.000000000
3.980000000,0.089685747,0.000000000,0.000000000,1.050000000,0.000000000,0.000000000,0.000000000,-0.089685747,0.000000000,0.000000000,1.050000000,0.000000000,0.000000000,0.000000000,0.000000000,0.000000000,0.000000000,0.000000000,0.000000000,0.000000000,0.143756421,0.000000000,0.000000000,0.000000000,0.000000000,0.000000000
4.000000000,0.088167788,0.000000000,0.000000000,1.050000000,0.000000000,0.000000000,0.000000000,-0.088167788,0.000000000,0.000000000,1.050000000,0.000000000,0.000000000,0.000000000,0.000000000,0.000000000,0.000000000,0.000000000,0.000000000,0.000000000,0.175735931,0.000000000,0.000000000,0.000000000,0.000000000,0.000000000
4.020000000,0.086635906,0.000000000,0.000000000,1.050000000,0.000000000,0.000000000,0.000000000,-0.086635906,0.000000000,0.000000000,1.050000000,0.000000000,0.000000000,0.000000000,0.000000000,0.000000000,0.000000000,0.000000000,0.000000000,0.000000000,0.210331171,0.000000000,0.000000000,0.000000000,0.000000000,0.000000000
4.040000000,0.085090342,0.000000000,0.000000000,1.050000000,0.000000000,0.000000000,0.000000000,-0.085090342,0.000000000,0.000000000,1.050000000,0.000000000,0.000000000,0.000000000,0.000000000,0.000000000,0.000000000,0.000000000,0.000000000,0.000000000,0.247328849,0.000000000,0.000000000,0.000000000,0.000000000,0.000000000
4.060000000,0.083531342,0.000000000,0.000000000,1.050000000,0.000000000,0.000000000,0.000000000,-0.083531342,0.000000000,0.000000000,1.050000000,0.000000000,0.000000000,0.000000000,0.000000000,0.000000000,0.000000000,0.000000000,0.000000000,0.000000000,0.286500861,0.000000000,0.000000000,0.000000000,0.000000000,0.000000000
4.080000000,0.081959152,0.000000000,0.000000000,1.050000000,0.000000000,0.000000000,0.000000000,-0.081959152,0.000000000,0.000000000,1.050000000,0.000000000,0.000000000,0.000000000,0.000000000,0.000000000,0.000000000,0.000000000,0.000000000,0.000000000,0.327605700,0.000000000,0.000000000,0.000000000,0.000000000,0.000000000
4.100000000,0.080374019,0.000000000,0.000000000,1.050000000,0.000000000,0.000000000,0.000000000,-0.080374019,0.000000000,0.000000000,1.050000000,0.000000000,0.000000000,0.000000000,0.000000000,0.000000000,0.000000000,0.000000000,0.000000000,0.000000000,0.370389941,0.000000000,0.000000000,0.000000000,0.000000000,0.000000000
4.120000000,0.078776194,0.000000000,0.000000000,1.050000000,0.000000000,0.000000000,0.000000000,-0.078776194,0.000000000,0.000000000,1.050000000,0.000000000,0.000000000,0.000000000,0.000000000,0.000000000,0.000000000,0.000000000,0.000000000,0.000000000,0.414589803,0.000000000,0.000000000,0.000000000,0.000000000,0.000000000
4.140000000,0.077165930,0.000000000,0.000000000,1.050000000,0.000000000,0.000000000,0.000000000,-0.077165930,0.000000000,0.000000000,1.050000000,0.000000000,0.000000000,0.000000000,0.000000000,0.000000000,0.000000000,0.000000000,0.000000000,0.000000000,0.459932782,0.000000000,0.000000000,0.000000000,0.000000000,0.000000000
4.160000000,0.075543480,0.000000000,0.000000000,1.050000000,0.000000000,0.000000000,0.000000000,-0.075543480,0.000000000,0.000000000,1.050000000,0.000000000,0.000000000,0.000000000,0.000000000,0.000000000,0.000000000,0.000000000,0.000000000,0.000000000,0.506139321,0.000000000,0.000000000,0.000000000,0.000000000,0.000000000
4.180000000,0.073909101,0.000000000,0.000000000,1.050000000,0.000000000,0.000000000,0.000000000,-0.073909101,0.000000000,0.000000000,1.050000000,0.000000000,0.000000000,0.000000000,0.000000000,0.000000000,0.000000000,0.000000000,0.000000000,0.000000000,0.552924543,0.000000000,0.000000000,0.000000000,0.000000000,0.000000000
4.200000000,0.072263051,0.000000000,0.000000000,1.050000000,0.000000000,0.000000000,0.000000000,-0.072263051,0.000000000,0.000000000,1.050000000,0.000000000,0.000000000,0.000000000,0.000000000,0.000000000,0.000000000,0.000000000,0.000000000,0.000000000,0.600000000,0.000000000,0.000000000,0.000000000,0.000000000,0.000000000
4.220000000,0.070605590,0.000000000,0.000000000,1.050000000,0.000000000,0.000000000,0.000000000,-0.070605590,0.000000000,0.000000000,1.050000000,0.000000000,0.000000000,0.000000000,0.000000000,0.000000000,0.000000000,0.000000000,0.000000000,0.000000000,0.647075457,0.000000000,0.000000000,0.000000000,0.000000000,0.000000000
4.240000000,0.068936979,0.000000000,0.000000000,1.050000000,0.000000000,0.000000000,0.000000000,-0.068936979,0.000000000,0.000000000,1.050000000,0.000000000,0.000000000,0.000000000,0.000000000,0.000000000,0.000000000,0.000000000,0.000000000,0.000000000,0.693860679,0.000000000,0.000000000,0.000000000,0.000000000,0.000000000
4.260000000,0.067257482,0.000000000,0.000000000,1.050000000,0.000000000,0.000000000,0.000000000,-0.067257482,0.000000000,0.000000000,1.050000000,0.000000000,0.000000000,0.000000000,0.000000000,0.000000000,0.000000000,0.000000000,0.000000000,0.000000000,0.740067218,0.000462578,0.000000000,0.000000000,0.000000000,0.000000000
4.280000000,0.065567365,0.000000000,0.000000000,1.050000000,0.000000000,0.000000000,0.000000000,-0.065567365,0.000000000,0.000000000,1.050000000,0.000000000,0.000000000,0.000000000,0.000000000,0.000000000,0.000000000,0.000000000,0.000000000,0.000000000,0.785410197,0.004158926,0.000000000,0.000000000,0.000000000,0.000000000
4.300000000,0.063866894,0.000000000,0.000000000,1.050000000,0.000000000,0.000000000,0.000000000,-0.063866894,0.000000000,0.000000000,1.050000000,0.000000000,0.000000000,0.000000000,0.000000000,0.000000000,0.000000000,0.000000000,0.000000000,0.000000000,0.829610059,0.011528832,0.000000000,0.000000000,0.000000000,0.000000000
4.320000000,0.062156337,0.000000000,0.000000000,1.050000000,0.000000000,0.000000000,0.000000000,-0.062156337,0.000000000,0.000000000,1.050000000,0.000000000,0.000000000,0.000000000,0.000000000,0.000000000,0.000000000,0.000000000,0.000000000,0.000000000,0.872394300,0.022526858,0.000000000,0.000000000,0.000000000,0.000000000
4.340000000,0.060435965,0.000000000,0.000000000,1.050000000,0.000000000,0.000000000,0.000000000,-0.060435965,0.000000000,0.000000000,1.050000000,0.000000000,0.000000000,0.000000000,0.000000000,0.000000000,0.000000000,0.000000000,0.000000000,0.000000000,0.913499139,0.037085198,0.000000000,0.000000000,0.000000000,0.000000000
4.360000000,0.058706050,0.000000000,0.000000000,1.050000000,0.000000000,0.000000000,0.000000000,-0.058706050,0.000000000,0.000000000,1.050000000,0.000000000,0.000000000,0.000000000,0.000000000,0.000000000,0.000000000,0.000000000,0.000000000,0.000000000,0.952671151,0.055114096,0.000000000,0.000000000,0.000000000,0.000000000
4.380000000,0.056966864,0.000000000,0.000000000,1.050000000,0.000000000,0.000000000,0.000000000,-0.056966864,0.000000000,0.000000000,1.050000000,0.000000000,0.000000000,0.000000000,0.000000000,0.000000000,0.000000000,0.000000000,0.000000000,0.000000000,0.989668829,0.076502396,0.000000000,0.000000000,0.000000000,0.000000000
4.400000000,0.055218683,0.000000000,0.000000000,1.050000000,0.000000000,0.000000000,0.000000000,-0.055218683,0.000000000,0.000000000,1.050000000,0.000000000,0.000000000,0.000000000,0.000000000,0.000000000,0.000000000,0.000000000,0.000000000,0.000000000,1.024264069,0.101118233,0.000000000,0.000000000,0.000000000,0.000000000
4.420000000,0.053461782,0.000000000,0.000000000,1.050000000,0.000000000,0.000000000,0.000000000,-0.053461782,0.000000000,0.000000000,1.050000000,0.000000000,0.000000000,0.000000000,0.000000000,0.000000000,0.000000000,0.000000000,0.000000000,0.000000000,1.056243579,0.128809841,0.000000000,0.000000000,0.000000000,0.000000000
4.440000000,0.051696438,0.000000000,0.000000000,1.050000000,0.000000000,0.000000000,0.000000000,-0.051696438,0.000000000,0.000000000,1.050000000,0.000000000,0.000000000,0.000000000,0.000000000,0.000000000,0.000000000,0.000000000,0.000000000,0.000000000,1.085410197,0.159406494,0.000000000,0.000000000,0.000000000,0.000000000
4.460000000,0.049922932,0.000000000,0.000000000,1.050000000,0.000000000,0.000000000,0.000000000,-0.049922932,0.000000000,0.000000000,1.050000000,0.000000000,0.000000000,0.000000000,0.000000000,0.000000000,0.000000000,0.000000000,0.000000000,0.000000000,1.111584099,0.192719553,0.000000000,0.000000000,0.000000000,0.000000000
4.480000000,0.048141541,0.000000000,0.000000000,1.050000000,0.000000000,0.000000000,0.000000000,-0.048141541,0.000000000,0.000000000,1.050000000,0.000000000,0.000000000,0.000000000,0.000000000,0.000000000,0.000000000,0.000000000,0.000000000,0.000000000,1.134603915,0.228543630,0.000000000,0.000000000,0.000000000,0.000000000
4.500000000,0.046352549,0.000000000,0.000000000,1.050000000,0.000000000,0.000000000,0.000000000,-0.046352549,0.000000000,0.000000000,1.050000000,0.000000000,0.000000000,0.000000000,0.000000000,0.000000000,0.000000000,0.000000000,0.000000000,0.000000000,1.154327720,0.266657860,0.000000000,0.000000000,0.000000000,0.000000000
4.520000000,0.044556237,0.000000000,0.000000000,1.050000000,0.000000000,0.000000000,0.000000000,-0.044556237,0.000000000,0.000000000,1.050000000,0.000000000,0.000000000,0.000000000,0.000000000,0.000000000,0.000000000,0.000000000,0.000000000,0.000000000,1.170633910,0.306827255,0.000000000,0.000000000,0.000000000,0.000000000
4.540000000,0.042752889,0.000000000,0.000000000,1.050000000,0.000000000,0.000000000,0.000000000,-0.042752889,0.000000000,0.000000000,1.050000000,0.000000000,0.000000000,0.000000000,0.000000000,0.000000000,0.000000000,0.000000000,0.000000000,0.000000000,1.183421952,0.348804157,0.000000000,0.000000000,0.000000000,0.000000000
4.560000000,0.040942790,0.000000000,0.000000000,1.050000000,0.000000000,0.000000000,0.000000000,-0.040942790,0.000000000,0.000000000,1.050000000,0.000000000,0.000000000,0.000000000,0.000000000,0.000000000,0.000000000,0.000000000,0.000000000,0.000000000,1.192613004,0.392329766,0.000000000,0.000000000,0.000000000,0.000000000
4.580000000,0.039126226,0.000000000,0.000000000,1.050000000,0.000000000,0.000000000,0.000000000,-0.039126226,0.000000000,0.000000000,1.050000000,0.000000000,0.000000000,0.000000000,0.000000000,0.000000000,0.000000000,0.000000000,0.000000000,0.000000000,1.198150400,0.437135730,0.000000000,0.000000000,0.000000000,0.000000000
4.600000000,0.037303483,0.000000000,0.000000000,1.050000000,0.000000000,0.000000000,0.000000000,-0.037303483,0.000000000,0.000000000,1.050000000,0.000000000,0.000000000,0.000000000,0.000000000,0.000000000,0.000000000,0.000000000,0.000000000,0.000000000,1.200000000,0.482945807,0.000000000,0.000000000,0.000000000,0.000000000
4.620000000,0.035474850,0.000000000,0.000000000,1.050000000,0.000000000,0.000000000,0.000000000,-0.035474850,0.000000000,0.000000000,1.050000000,0.000000000,0.000000000,0.000000000,0.000000000,0.000000000,0.000000000,0.000000000,0.000000000,0.000000000,1.198150400,0.529477562,0.000000000,0.000000000,0.000000000,0.000000000
4.640000000,0.033640614,0.000000000,0.000000000,1.050000000,0.000000000,0.000000000,0.000000000,-0.033640614,0.000000000,0.000000000,1.050000000,0.000000000,0.000000000,0.000000000,0.000000000,0.000000000,0.000000000,0.000000000,0.000000000,0.000000000,1.192613004,0.576444111,0.000000000,0.000000000,0.000000000,0.000000000
4.660000000,0.031801066,0.000000000,0.000000000,1.050000000,0.000000000,0.000000000,0.000000000,-0.031801066,0.000000000,0.000000000,1.050000000,0.000000000,0.000000000,0.000000000,0.000000000,0.000000000,0.000000000,0.000000000,0.000000000,0.000000000,1.183421952,0.623555889,0.000000000,0.000000000,0.000000000,0.000000000
4.680000000,0.029956497,0.000000000,0.000000000,1.050000000,0.000000000,0.000000000,0.000000000,-0.029956497,0.000000000,0.000000000,1.050000000,0.000000000,0.000000000,0.000000000,0.000000000,0.000000000,0.000000000,0.000000000,0.000000000,0.000000000,1.170633910,0.670522438,0.000000000,0.000000000,0.000000000,0.000000000
4.700000000,0.028107197,0.000000000,0.000000000,1.050000000,0.000000000,0.000000000,0.000000000,-0.028107197,0.000000000,0.000000000,1.050000000,0.000000000,0.000000000,0.000000000,0.000000000,0.000000000,0.000000000,0.000000000,0.000000000,0.000000000,1.154327720,0.717054193,0.000000000,0.000000000,0.000000000,0.000000000
4.720000000,0.026253459,0.000000000,0.000000000,1.050000000,0.000000000,0.000000000,0.000000000,-0.026253459,0.000000000,0.000000000,1.050000000,0.000000000,0.000000000,0.000000000,0.000000000,0.000000000,0.000000000,0.000000000,0.000000000,0.000000000,1.134603915,0.762864270,0.001849600,0.000000000,0.000000000,0.000000000
4.740000000,0.024395575,0.000000000,0.000000000,1.050000000,0.000000000,0.000000000,0.000000000,-0.024395575,0.000000000,0.000000000,1.050000000,0.000000000,0.000000000,0.000000000,0.000000000,0.000000000,0.000000000,0.000000000,0.000000000,0.000000000,1.111584099,0.807670234,0.007386996,0.000000000,0.000000000,0.000000000
4.760000000,0.022533838,0.000000000,0.000000000,1.050000000,0.000000000,0.000000000,0.000000000,-0.022533838,0.000000000,0.000000000,1.050000000,0.000000000,0.000000000,0.000000000,0.000000000,0.000000000,0.000000000,0.000000000,0.000000000,0.000000000,1.085410197,0.851195843,0.016578048,0.000000000,0.000000000,0.000000000
4.780000000,0.020668544,0.000000000,0.000000000,1.050000000,0.000000000,0.000000000,0.000000000,-0.020668544,0.000000000,0.000000000,1.050000000,0.000000000,0.000000000,0.000000000,0.000000000,0.000000000,0.000000000,0.000000000,0.000000000,0.000000000,1.056243579,0.893172745,0.029366090,0.000000000,0.000000000,0.000000000
4.800000000,0.018799985,0.000000000,0.000000000,1.050000000,0.000000000,0.000000000,0.000000000,-0.018799985,0.000000000,0.000000000,1.050000000,0.000000000,0.000000000,0.000000000,0.000000000,0.000000000,0.000000000,0.000000000,0.000000000,0.000000000,1.024264069,0.933342140,0.045672280,0.000000000,0.000000000,0.000000000
4.820000000,0.016928458,0.000000000,0.000000000,1.050000000,0.000000000,0.000000000,0.000000000,-0.016928458,0.000000000,0.000000000,1.050000000,0.000000000,0.000000000,0.000000000,0.000000000,0.000000000,0.000000000,0.000000000,0.000000000,0.000000000,0.989668829,0.971456370,0.065396085,0.000000000,0.000000000,0.000000000
4.840000000,0.015054257,0.000000000,0.000000000,1.050000000,0.000000000,0.000000000,0.000000000,-0.015054257,0.000000000,0.000000000,1.050000000,0.000000000,0.000000000,0.000000000,0.000000000,0.000000000,0.000000000,0.000000000,0.000000000,0.000000000,0.952671151,1.007280447,0.088415901,0.000000000,0.000000000,0.000000000
4.860000000,0.013177679,0.000000000,0.000000000,1.050000000,0.000000000,0.000000000,0.000000000,-0.013177679,0.000000000,0.000000000,1.050000000,0.000000000,0.000000000,0.000000000,0.000000000,0.000000000,0.000000000,0.000000000,0.000000000,0.000000000,0.913499139,1.040593506,0.114589803,0.000000000,0.000000000,0.000000000
4.880000000,0.011299021,0.000000000,0.000000000,1.050000000,0.000000000,0.000000000,0.000000000,-0.011299021,0.000000000,0.000000000,1.050000000,0.000000000,0.000000000,0.000000000,0.000000000,0.000000000,0.000000000,0.000000000,0.000000000,0.000000000,0.872394300,1.071190159,0.143756421,0.000000000,0.000000000,0.000000000
4.900000000,0.009418578,0.000000000,0.000000000,1.050000000,0.000000000,0.000000000,0.000000000,-0.009418578,0.000000000,0.000000000,1.050000000,0.000000000,0.000000000,0.000000000,0.000000000,0.000000000,0.000000000,0.000000000,0.000000000,0.000000000,0.829610059,1.098881767,0.175735931,0.000000000,0.000000000,0.000000000
4.920000000,0.007536648,0.000000000,0.000000000,1.050000000,0.000000000,0.000000000,0.000000000,-0.007536648,0.000000000,0.000000000,1.050000000,0.000000000,0.000000000,0.000000000,0.000000000,0.000000000,0.000000000,0.000000000,0.000000000,0.000000000,0.785410197,1.123497604,0.210331171,0.000000000,0.000000000,0.000000000
4.940000000,0.005653527,0.000000000,0.000000000,1.050000000,0.000000000,0.000000000,0.000000000,-0.005653527,0.000000000,0.000000000,1.050000000,0.000000000,0.000000000,0.000000000,0.000000000,0.000000000,0.000000000,0.000000000,0.000000000,0.000000000,0.740067218,1.144885904,0.247328849,0.000000000,0.000000000,0.000000000
4.960000000,0.003769514,0.000000000,0.000000000,1.050000000,0.000000000,0.000000000,0.000000000,-0.003769514,0.000000000,0.000000000,1.050000000,0.000000000,0.000000000,0.000000000,0.000000000,0.000000000,0.000000000,0.000000000,0.000000000,0.000000000,0.693860679,1.162914802,0.286500861,0.000000000,0.000000000,0.000000000
4.980000000,0.001884906,0.000000000,0.000000000,1.050000000,0.000000000,0.000000000,0.000000000,-0.001884906,0.000000000,0.000000000,1.050000000,0.000000000,0.000000000,0.000000000,0.000000000,0.000000000,0.000000000,0.000000000,0.000000000,0.000000000,0.647075457,1.177473142,0.327605700,0.000000000,0.000000000,0.000000000
5.000000000,0.000000000,0.000000000,0.000000000,1.050000000,0.000000000,0.000000000,0.000000000,-0.000000000,0.000000000,0.000000000,1.050000000,0.000000000,0.000000000,0.000000000,0.000000000,0.000000000,0.000000000,0.000000000,0.000000000,0.000000000,0.600000000,1.188471168,0.370389941,0.000000000,0.000000000,0.000000000
5.020000000,-0.001884906,0.000000000,0.000000000,1.050000000,0.000000000,0.000000000,0.000000000,0.001884906,0.000000000,0.000000000,1.050000000,0.000000000,0.000000000,0.000000000,0.000000000,0.000000000,0.000000000,0.000000000,0.000000000,0.000000000,0.552924543,1.195841074,0.414589803,0.000000000,0.000000000,0.000000000
5.040000000,-0.003769514,0.000000000,0.000000000,1.050000000,0.000000000,0.000000000,0.000000000,0.003769514,0.000000000,0.000000000,1.050000000,0.000000000,0.000000000,0.000000000,0.000000000,0.000000000,0.000000000,0.000000000,0.000000000,0.000000000,0.506139321,1.199537422,0.459932782,0.000000000,0.000000000,0.000000000
5.060000000,-0.005653527,0.000000000,0.000000000,1.050000000,0.000000000,0.000000000,0.000000000,0.005653527,0.000000000,0.000000000,1.050000000,0.000000000,0.000000000,0.000000000,0.000000000,0.000000000,0.000000000,0.000000000,0.000000000,0.000000000,0.459932782,1.199537422,0.506139321,0.000000000,0.000000000,0.000000000
5.080000000,-0.007536648,0.000000000,0.000000000,1.050000000,0.000000000,0.000000000,0.000000000,0.007536648,0.000000000,0.000000000,1.050000000,0.000000000,0.000000000,0.000000000,0.000000000,0.000000000,0.000000000,0.000000000,0.000000000,0.000000000,0.414589803,1.195841074,0.552924543,0.000000000,0.000000000,0.000000000
5.100000000,-0.009418578,0.000000000,0.000000000,1.050000000,0.000000000,0.000000000,0.000000000,0.009418578,0.000000000,0.000000000,1.050000000,0.000000000,0.000000000,0.000000000,0.000000000,0.000000000,0.000000000,0.000000000,0.000000000,0.000000000,0.370389941,1.188471168,0.600000000,0.000000000,0.000000000,0.000000000
5.120000000,-0.011299021,0.000000000,0.000000000,1.050000000,0.000000000,0.000000000,0.000000000,0.011299021,0.000000000,0.000000000,1.050000000,0.000000000,0.000000000,0.000000000,0.000000000,0.000000000,0.000000000,0.000000000,0.000000000,0.000000000,0.327605700,1.177473142,0.647075457,0.000000000,0.000000000,0.000000000
5.140000000,-0.013177679,0.000000000,0.000000000,1.050000000,0.000000000,0.000000000,0.000000000,0.013177679,0.000000000,0.000000000,1.050000000,0.000000000,0.000000000,0.000000000,0.000000000,0.000000000,0.000000000,0.000000000,0.000000000,0.000000000,0.286500861,1.162914802,0.693860679,0.000000000,0.000000000,0.000000000
5.160000000,-0.015054257,0.000000000,0.000000000,1.050000000,0.000000000,0.000000000,0.000000000,0.015054257,0.000000000,0.000000000,1.050000000,0.000000000,0.000000000,0.000000000,0.000000000,0.000000000,0.000000000,0.000000000,0.000000000,0.000000000,0.247328849,1.144885904,0.740067218,0.000462578,0.000000000,0.000000000
5.180000000,-0.016928458,0.000000000,0.000000000,1.050000000,0.000000000,0.000000000,0.000000000,0.016928458,0.000000000,0.000000000,1.050000000,0.000000000,0.000000000,0.000000000,0.000000000,0.000000000,0.000000000,0.000000000,0.000000000,0.000000000,0.210331171,1.123497604,0.785410197,0.004158926,0.000000000,0.000000000
5.200000000,-0.018799985,0.000000000,0.000000000,1.050000000,0.000000000,0.000000000,0.000000000,0.018799985,0.000000000,0.000000000,1.050000000,0.000000000,0.000000000,0.000000000,0.000000000,0.000000000,0.000000000,0.000000000,0.000000000,0.000000000,0.175735931,1.098881767,0.829610059,0.011528832,0.000000000,0.000000000
5.220000000,-0.020668544,0.000000000,0.000000000,1.050000000,0.000000000,0.000000000,0.000000000,0.020668544,0.000000000,0.000000000,1.050000000,0.000000000,0.000000000,0.000000000,0.000000000,0.000000000,0.000000000,0.000000000,0.000000000,0.000000000,0.143756421,1.071190159,0.872394300,0.022526858,0.000000000,0.000000000
5.240000000,-0.022533838,0.000000000,0.000000000,1.050000000,0.000000000,0.000000000,0.000000000,0.022533838,0.000000000,0.000000000,1.050000000,0.000000000,0.000000000,0.000000000,0.000000000,0.000000000,0.000000000,0.000000000,0.000000000,0.000000000,0.114589803,1.040593506,0.913499139,0.037085198,0.000000000,0.000000000
5.260000000,-0.024395575,0.000000000,0.000000000,1.050000000,0.000000000,0.000000000,0.000000000,0.024395575,0.000000000,0.000000000,1.050000000,0.000000000,0.000000000,0.000000000,0.000000000,0.000000000,0.000000000,0.000000000,0.000000000,0.000000000,0.088415901,1.007280447,0.952671151,0.055114096,0.000000000,0.000000000
5.280000000,-0.026253459,0.000000000,0.000000000,1.050000000,0.000000000,0.000000000,0.000000000,0.026253459,0.000000000,0.000000000,1.050000000,0.000000000,0.000000000,0.000000000,0.000000000,0.000000000,0.000000000,0.000000000,0.000000000,0.000000000,0.065396085,0.971456370,0.989668829,0.076502396,0.000000000,0.000000000
5.300000000,-0.028107197,0.000000000,0.000000000,1.050000000,0.000000000,0.000000000,0.000000000,0.028107197,0.000000000,0.000000000,1.050000000,0.000000000,0.000000000,0.000000000,0.000000000,0.000000000,0.000000000,0.000000000,0.000000000,0.000000000,0.045672280,0.933342140,1.024264069,0.101118233,0.000000000,0.000000000
5.320000000,-0.029956497,0.000000000,0.000000000,1.050000000,0.000000000,0.000000000,0.000000000,0.029956497,0.000000000,0.000000000,1.050000000,0.000000000,0.000000000,0.000000000,0.000000000,0.000000000,0.000000000,0.000000000,0.000000000,0.000000000,0.029366090,0.893172745,1.056243579,0.128809841,0.000000000,0.000000000
5.340000000,-0.031801066,0.000000000,0.000000000,1.050000000,0.000000000,0.000000000,0.000000000,0.031801066,0.000000000,0.000000000,1.050000000,0.000000000,0.000000000,0.000000000,0.000000000,0.000000000,0.000000000,0.000000000,0.000000000,0.000000000,0.016578048,0.851195843,1.085410197,0.159406494,0.000000000,0.000000000
5.360000000,-0.033640614,0.000000000,0.000000000,1.050000000,0.000000000,0.000000000,0.000000000,0.033640614,0.000000000,0.000000000,1.050000000,0.000000000,0.000000000,0.000000000,0.000000000,0.000000000,0.000000000,0.000000000,0.000000000,0.000000000,0.007386996,0.807670234,1.111584099,0.192719553,0.000000000,0.000000000
5.380000000,-0.035474850,0.000000000,0.000000000,1.050000000,0.000000000,0.000000000,0.000000000,0.035474850,0.000000000,0.000000000,1.050000000,0.000000000,0.000000000,0.000000000,0.000000000,0.000000000,0.000000000,0.000000000,0.000000000,0.000000000,0.001849600,0.762864270,1.134603915,0.228543630,0.000000000,0.000000000
5.400000000,-0.037303483,0.000000000,0.000000000,1.050000000,0.000000000,0.000000000,0.000000000,0.037303483,0.000000000,0.000000000,1.050000000,0.000000000,0.000000000,0.000000000,0.000000000,0.000000000,0.000000000,0.000000000,0.000000000,0.000000000,0.000000000,0.717054193,1.154327720,0.266657860,0.000000000,0.000000000
5.420000000,-0.039126226,0.000000000,0.000000000,1.050000000,0.000000000,0.000000000,0.000000000,0.039126226,0.000000000,0.000000000,1.050000000,0.000000000,0.000000000,0.000000000,0.000000000,0.000000000,0.000000000,0.000000000,0.000000000,0.000000000,0.000000000,0.670522438,1.170633910,0.306827255,0.000000000,0.000000000
5.440000000,-0.040942790,0.000000000,0.000000000,1.050000000,0.000000000,0.000000000,0.000000000,0.040942790,0.000000000,0.000000000,1.050000000,0.000000000,0.000000000,0.000000000,0.000000000,0.000000000,0.000000000,0.000000000,0.000000000,0.000000000,0.000000000,0.623555889,1.183421952,0.348804157,0.000000000,0.000000000
5.460000000,-0.042752889,0.000000000,0.000000000,1.050000000,0.000000000,0.000000000,0.000000000,0.042752889,0.000000000,0.000000000,1.050000000,0.000000000,0.000000000,0.000000000,0.000000000,0.000000000,0.000000000,0.000000000,0.000000000,0.000000000,0.000000000,0.576444111,1.192613004,0.392329766,0.000000000,0.000000000
5.480000000,-0.044556237,0.000000000,0.000000000,1.050000000,0.000000000,0.000000000,0.000000000,0.044556237,0.000000000,0.000000000,1.050000000,0.000000000,0.000000000,0.000000000,0.000000000,0.000000000,0.000000000,0.000000000,0.000000000,0.000000000,0.000000000,0.529477562,1.198150400,0.437135730,0.000000000,0.000000000
5.500000000,-0.046352549,0.000000000,0.000000000,1.050000000,0.000000000,0.000000000,0.000000000,0.046352549,0.000000000,0.000000000,1.050000000,0.000000000,0.000000000,0.000000000,0.000000000,0.000000000,0.000000000,0.000000000,0.000000000,0.000000000,0.000000000,0.482945807,1.200000000,0.482945807,0.000000000,0.000000000
5.520000000,-0.048141541,0.000000000,0.000000000,1.050000000,0.000000000,0.000000000,0.000000000,0.048141541,0.000000000,0.000000000,1.050000000,0.000000000,0.000000000,0.000000000,0.000000000,0.000000000,0.000000000,0.000000000,0.000000000,0.000000000,0.000000000,0.437135730,1.198150400,0.529477562,0.001464266,0.000000000
5.540000000,-0.049922932,0.000000000,0.000000000,1.050000000,0.000000000,0.000000000,0.000000000,0.049922932,0.000000000,0.000000000,1.050000000,0.000000000,0.000000000,0.000000000,0.000000000,0.000000000,0.000000000,0.000000000,0.000000000,0.000000000,0.000000000,0.392329766,1.192613004,0.576444111,0.005848038,0.000000000
5.560000000,-0.051696438,0.000000000,0.000000000,1.050000000,0.000000000,0.000000000,0.000000000,0.051696438,0.000000000,0.000000000,1.050000000,0.000000000,0.000000000,0.000000000,0.000000000,0.000000000,0.000000000,0.000000000,0.000000000,0.000000000,0.000000000,0.348804157,1.183421952,0.623555889,0.013124288,0.000000000
5.580000000,-0.053461782,0.000000000,0.000000000,1.050000000,0.000000000,0.000000000,0.000000000,0.053461782,0.000000000,0.000000000,1.050000000,0.000000000,0.000000000,0.000000000,0.000000000,0.000000000,0.000000000,0.000000000,0.000000000,0.000000000,0.000000000,0.306827255,1.170633910,0.670522438,0.023248155,0.000000000
5.600000000,-0.055218683,0.000000000,0.000000000,1.050000000,0.000000000,0.000000000,0.000000000,0.055218683,0.000000000,0.000000000,1.050000000,0.000000000,0.000000000,0.000000000,0.000000000,0.000000000,0.000000000,0.000000000,0.000000000,0.000000000,0.000000000,0.266657860,1.154327720,0.717054193,0.036157222,0.000000000
5.620000000,-0.056966864,0.000000000,0.000000000,1.050000000,0.000000000,0.000000000,0.000000000,0.056966864,0.000000000,0.000000000,1.050000000,0.000000000,0.000000000,0.000000000,0.000000000,0.000000000,0.000000000,0.000000000,0.000000000,0.000000000,0.000000000,0.228543630,1.134603915,0.762864270,0.051771901,0.000000000
5.640000000,-0.058706050,0.000000000,0.000000000,1.050000000,0.000000000,0.000000000,0.000000000,0.058706050,0.000000000,0.000000000,1.050000000,0.000000000,0.000000000,0.000000000,0.000000000,0.000000000,0.000000000,0.000000000,0.000000000,0.000000000,0.000000000,0.192719553,1.111584099,0.807670234,0.069995922,0.000000000
5.660000000,-0.060435965,0.000000000,0.000000000,1.050000000,0.000000000,0.000000000,0.000000000,0.060435965,0.000000000,0.000000000,1.050000000,0.000000000,0.000000000,0.000000000,0.000000000,0.000000000,0.000000000,0.000000000,0.000000000,0.000000000,0.000000000,0.159406494,1.085410197,0.851195843,0.090716928,0.000173467
5.680000000,-0.062156337,0.000000000,0.000000000,1.050000000,0.000000000,0.000000000,0.000000000,0.062156337,0.000000000,0.000000000,1.050000000,0.000000000,0.000000000,0.000000000,0.000000000,0.000000000,0.000000000,0.000000000,0.000000000,0.000000000,0.000000000,0.128809841,1.056243579,0.893172745,0.113807166,0.001559597
5.700000000,-0.063866894,0.000000000,0.000000000,1.050000000,0.000000000,0.000000000,0.000000000,0.063866894,0.000000000,0.000000000,1.050000000,0.000000000,0.000000000,0.000000000,0.000000000,0.000000000,0.000000000,0.000000000,0.000000000,0.000000000,0.000000000,0.101118233,1.024264069,0.933342140,0.139124279,0.004323312
5.720000000,-0.065567365,0.000000000,0.000000000,1.050000000,0.000000000,0.000000000,0.000000000,0.065567365,0.000000000,0.000000000,1.050000000,0.000000000,0.000000000,0.000000000,0.000000000,0.000000000,0.000000000,0.000000000,0.000000000,0.000000000,0.000000000,0.076502396,0.989668829,0.971456370,0.166512177,0.008447572
5.740000000,-0.067257482,0.000000000,0.000000000,1.050000000,0.000000000,0.000000000,0.000000000,0.067257482,0.000000000,0.000000000,1.050000000,0.000000000,0.000000000,0.000000000,0.000000000,0.000000000,0.000000000,0.000000000,0.000000000,0.000000000,0.000000000,0.055114096,0.952671151,1.007280447,0.195802005,0.013906949
5.760000000,-0.068936979,0.000000000,0.000000000,1.050000000,0.000000000,0.000000000,0.000000000,0.068936979,0.000000000,0.000000000,1.050000000,0.000000000,0.000000000,0.000000000,0.000000000,0.000000000,0.000000000,0.000000000,0.000000000,0.000000000,0.000000000,0.037085198,0.913499139,1.040593506,0.226813182,0.020667786
5.780000000,-0.070605590,0.000000000,0.000000000,1.050000000,0.000000000,0.000000000,0.000000000,0.070605590,0.000000000,0.000000000,1.050000000,0.000000000,0.000000000,0.000000000,0.000000000,0.000000000,0.000000000,0.000000000,0.000000000,0.000000000,0.000000000,0.022526858,0.872394300,1.071190159,0.259354513,0.028688398
5.800000000,-0.072263051,0.000000000,0.000000000,1.050000000,0.000000000,0.000000000,0.000000000,0.072263051,0.000000000,0.000000000,1.050000000,0.000000000,0.000000000,0.000000000,0.000000000,0.000000000,0.000000000,0.000000000,0.000000000,0.000000000,0.000000000,0.011528832,0.829610059,1.098881767,0.293225370,0.037919337
5.820000000,-0.073909101,0.000000000,0.000000000,1.050000000,0.000000000,0.000000000,0.000000000,0.073909101,0.000000000,0.000000000,1.050000000,0.000000000,0.000000000,0.000000000,0.000000000,0.000000000,0.000000000,0.000000000,0.000000000,0.000000000,0.000000000,0.004158926,0.785410197,1.123497604,0.328216928,0.048303691
5.840000000,-0.075543480,0.000000000,0.000000000,1.050000000,0.000000000,0.000000000,0.000000000,0.075543480,0.000000000,0.000000000,1.050000000,0.000000000,0.000000000,0.000000000,0.000000000,0.000000000,0.000000000,0.000000000,0.000000000,0.000000000,0.000000000,0.000462578,0.740067218,1.144885904,0.364113452,0.059777435
5.860000000,-0.077165930,0.000000000,0.000000000,1.050000000,0.000000000,0.000000000,0.000000000,0.077165930,0.000000000,0.000000000,1.050000000,0.000000000,0.000000000,0.000000000,0.000000000,0.000000000,0.000000000,0.000000000,0.000000000,0.000000000,0.000000000,0.000000000,0.693860679,1.162914802,0.400693629,0.072269832
5.880000000,-0.078776194,0.000000000,0.000000000,1.050000000,0.000000000,0.000000000,0.000000000,0.078776194,0.000000000,0.000000000,1.050000000,0.000000000,0.000000000,0.000000000,0.000000000,0.000000000,0.000000000,0.000000000,0.000000000,0.000000000,0.000000000,0.000000000,0.647075457,1.177473142,0.437731930,0.085703861
5.900000000,-0.080374019,0.000000000,0.000000000,1.050000000,0.000000000,0.000000000,0.000000000,0.080374019,0.000000000,0.000000000,1.050000000,0.000000000,0.000000000,0.000000000,0.000000000,0.000000000,0.000000000,0.000000000,0.000000000,0.000000000,0.000000000,0.000000000,0.600000000,1.188471168,0.475000000,0.099996698
5.920000000,-0.081959152,0.000000000,0.000000000,1.050000000,0.000000000,0.000000000,0.000000000,0.081959152,0.000000000,0.000000000,1.050000000,0.000000000,0.000000000,0.000000000,0.000000000,0.000000000,0.000000000,0.000000000,0.000000000,0.000000000,0.000000000,0.000000000,0.552924543,1.195841074,0.512268070,0.115060221
5.940000000,-0.083531342,0.000000000,0.000000000,1.050000000,0.000000000,0.000000000,0.000000000,0.083531342,0.000000000,0.000000000,1.050000000,0.000000000,0.000000000,0.000000000,0.000000000,0.000000000,0.000000000,0.000000000,0.000000000,0.000000000,0.000000000,0.000000000,0.506139321,1.199537422,0.549306371,0.130801559
5.960000000,-0.085090342,0.000000000,0.000000000,1.050000000,0.000000000,0.000000000,0.000000000,0.085090342,0.000000000,0.000000000,1.050000000,0.000000000,0.000000000,0.000000000,0.000000000,0.000000000,0.000000000,0.000000000,0.000000000,0.000000000,0.000000000,0.000000000,0.459932782,1.199537422,0.585886548,0.147123662
5.980000000,-0.086635906,0.000000000,0.000000000,1.050000000,0.000000000,0.000000000,0.000000000,0.086635906,0.000000000,0.000000000,1.050000000,0.000000000,0.000000000,0.000000000,0.000000000,0.000000000,0.000000000,0.000000000,0.000000000,0.000000000,0.000000000,0.000000000,0.414589803,1.195841074,0.621783072,0.163925899
6.000000000,-0.088167788,0.000000000,0.000000000,1.050000000,0.000000000,0.000000000,0.000000000,0.088167788,0.000000000,0.000000000,1.050000000,0.000000000,0.000000000,0.000000000,0.000000000,0.000000000,0.000000000,0.000000000,0.000000000,0.000000000,0.000000000,0.000000000,0.370389941,1.188471168,0.656774630,0.181104678
6.020000000,-0.089685747,0.000000000,0.000000000,1.050000000,0.000000000,0.000000000,0.000000000,0.089685747,0.000000000,0.000000000,1.050000000,0.000000000,0.000000000,0.000000000,0.000000000,0.000000000,0.000000000,0.000000000,0.000000000,0.000000000,0.000000000,0.000000000,0.327605700,1.177473142,0.690645487,0.198554086
6.040000000,-0.091189545,0.000000000,0.000000000,1.050000000,0.000000000,0.000000000,0.000000000,0.091189545,0.000000000,0.000000000,1.050000000,0.000000000,0.000000000,0.000000000,0.000000000,0.000000000,0.000000000,0.000000000,0.000000000,0.000000000,0.000000000,0.000000000,0.286500861,1.162914802,0.723186818,0.216166541
6.060000000,-0.092678942,0.000000000,0.000000000,1.050000000,0.000000000,0.000000000,0.000000000,0.092678942,0.000000000,0.000000000,1.050000000,0.000000000,0.000000000,0.000000000,0.000000000,0.000000000,0.000000000,0.000000000,0.000000000,0.000000000,0.000000000,0.000000000,0.247328849,1.144885904,0.754197995,0.233833459
6.080000000,-0.094153704,0.000000000,0.000000000,1.050000000,0.000000000,0.000000000,0.000000000,0.094153704,0.000000000,0.000000000,1.050000000,0.000000000,0.000000000,0.000000000,0.000000000,0.000000000,0.000000000,0.000000000,0.000000000,0.000000000,0.000000000,0.000000000,0.210331171,1.123497604,0.783487823,0.251445914
6.100000000,-0.095613598,0.000000000,0.000000000,1.050000000,0.000000000,0.000000000,0.000000000,0.095613598,0.000000000,0.000000000,1.050000000,0.000000000,0.000000000,0.000000000,0.000000000,0.000000000,0.000000000,0.000000000,0.000000000,0.000000000,0.000000000,0.000000000,0.175735931,1.098881767,0.810875721,0.268895322
6.120000000,-0.097058394,0.000000000,0.000000000,1.050000000,0.000000000,0.000000000,0.000000000,0.097058394,0.000000000,0.000000000,1.050000000,0.000000000,0.000000000,0.000000000,0.000000000,0.000000000,0.000000000,0.000000000,0.000000000,0.000000000,0.000000000,0.000000000,0.143756421,1.071190159,0.836192834,0.286074101
6.140000000,-0.098487863,0.000000000,0.000000000,1.050000000,0.000000000,0.000000000,0.000000000,0.098487863,0.000000000,0.000000000,1.050000000,0.000000000,0.000000000,0.000000000,0.000000000,0.000000000,0.000000000,0.000000000,0.000000000,0.000000000,0.000000000,0.000000000,0.114589803,1.040593506,0.859283072,0.302876338
6.160000000,-0.099901780,0.000000000,0.000000000,1.050000000,0.000000000,0.000000000,0.000000000,0.099901780,0.000000000,0.000000000,1.050000000,0.000000000,0.000000000,0.000000000,0.000000000,0.000000000,0.000000000,0.000000000,0.000000000,0.000000000,0.000000000,0.000000000,0.088415901,1.007280447,0.880004078,0.319198441
6.180000000,-0.101299921,0.000000000,0.000000000,1.050000000,0.000000000,0.000000000,0.000000000,0.101299921,0.000000000,0.000000000,1.050000000,0.000000000,0.000000000,0.000000000,0.000000000,0.000000000,0.000000000,0.000000000,0.000000000,0.000000000,0.000000000,0.000000000,0.065396085,0.971456370,0.898228099,0.334939779
6.200000000,-0.102682066,0.000000000,0.000000000,1.050000000,0.000000000,0.000000000,0.000000000,0.102682066,0.000000000,0.000000000,1.050000000,0.000000000,0.000000000,0.000000000,0.000000000,0.000000000,0.000000000,0.000000000,0.000000000,0.000000000,0.000000000,0.000000000,0.045672280,0.933342140,0.913842778,0.350003302
6.220000000,-0.104047996,0.000000000,0.000000000,1.050000000,0.000000000,0.000000000,0.000000000,0.104047996,0.000000000,0.000000000,1.050000000,0.000000000,0.000000000,0.000000000,0.000000000,0.000000000,0.000000000,0.000000000,0.000000000,0.000000000,0.000000000,0.000000000,0.029366090,0.893172745,0.926751845,0.364296139
6.240000000,-0.105397495,0.000000000,0.000000000,1.050000000,0.000000000,0.000000000,0.000000000,0.105397495,0.000000000,0.000000000,1.050000000,0.000000000,0.000000000,0.000000000,0.000000000,0.000000000,0.000000000,0.000000000,0.000000000,0.000000000,0.000000000,0.000000000,0.016578048,0.851195843,0.936875712,0.377730168
6.260000000,-0.106730352,0.000000000,0.000000000,1.050000000,0.000000000,0.000000000,0.000000000,0.106730352,0.000000000,0.000000000,1.050000000,0.000000000,0.000000000,0.000000000,0.000000000,0.000000000,0.000000000,0.000000000,0.000000000,0.000000000,0.000000000,0.000000000,0.007386996,0.807670234,0.944151962,0.390222565
6.280000000,-0.108046354,0.000000000,0.000000000,1.050000000,0.000000000,0.000000000,0.000000000,0.108046354,0.000000000,0.000000000,1.050000000,0.000000000,0.000000000,0.000000000,0.000000000,0.000000000,0.000000000,0.000000000,0.000000000,0.000000000,0.000000000,0.000000000,0.001849600,0.762864270,0.948535734,0.401696309
6.300000000,-0.109345294,0.000000000,0.000000000,1.050000000,0.000000000,0.000000000,0.000000000,0.109345294,0.000000000,0.000000000,1.050000000,0.000000000,0.000000000,0.000000000,0.000000000,0.000000000,0.000000000,0.000000000,0.000000000,0.000000000,0.000000000,0.000000000,0.000000000,0.717054193,0.950000000,0.412080663
6.320000000,-0.110626968,0.000000000,0.000000000,1.050000000,0.000000000,0.000000000,0.000000000,0.110626968,0.000000000,0.000000000,1.050000000,0.000000000,0.000000000,0.000000000,0.000000000,0.000000000,0.000000000,0.000000000,0.000000000,0.000000000,0.000000000,0.000000000,0.000000000,0.670522438,0.948535734,0.421311602
6.340000000,-0.111891172,0.000000000,0.000000000,1.050000000,0.000000000,0.000000000,0.000000000,0.111891172,0.000000000,0.000000000,1.050000000,0.000000000,0.000000000,0.000000000,0.000000000,0.000000000,0.000000000,0.000000000,0.000000000,0.000000000,0.000000000,0.000000000,0.000000000,0.623555889,0.944151962,0.429332214
6.360000000,-0.113137707,0.000000000,0.000000000,1.050000000,0.000000000,0.000000000,0.000000000,0.113137707,0.000000000,0.000000000,1.050000000,0.000000000,0.000000000,0.000000000,0.000000000,0.000000000,0.000000000,0.000000000,0.000000000,0.000000000,0.000000000,0.000000000,0.000000000,0.576444111,0.936875712,0.436093051
6.380000000,-0.114366377,0.000000000,0.000000000,1.050000000,0.000000000,0.000000000,0.000000000,0.114366377,0.000000000,0.000000000,1.050000000,0.000000000,0.000000000,0.000000000,0.000000000,0.000000000,0.000000000,0.000000000,0.000000000,0.000000000,0.000000000,0.000000000,0.000000000,0.529477562,0.926751845,0.441552428
6.400000000,-0.115576986,0.000000000,0.000000000,1.050000000,0.000000000,0.000000000,0.000000000,0.115576986,0.000000000,0.000000000,1.050000000,0.000000000,0.000000000,0.000000000,0.000000000,0.000000000,0.000000000,0.000000000,0.000000000,0.000000000,0.000000000,0.000000000,0.000000000,0.482945807,0.913842778,0.445676688
6.420000000,-0.116769345,0.000000000,0.000000000,1.050000000,0.000000000,0.000000000,0.000000000,0.116769345,0.000000000,0.000000000,1.050000000,0.000000000,0.000000000,0.000000000,0.000000000,0.000000000,0.000000000,0.000000000,0.000000000,0.000000000,0.000000000,0.000000000,0.000000000,0.437135730,0.898228099,0.448440403
6.440000000,-0.117943265,0.000000000,0.000000000,1.050000000,0.000000000,0.000000000,0.000000000,0.117943265,0.000000000,0.000000000,1.050000000,0.000000000,0.000000000,0.000000000,0.000000000,0.000000000,0.000000000,0.000000000,0.000000000,0.000000000,0.000000000,0.000000000,0.000000000,0.392329766,0.880004078,0.449826533
6.460000000,-0.119098560,0.000000000,0.000000000,1.050000000,0.000000000,0.000000000,0.000000000,0.119098560,0.000000000,0.000000000,1.050000000,0.000000000,0.000000000,0.000000000,0.000000000,0.000000000,0.000000000,0.000000000,0.000000000,0.000000000,0.000000000,0.000000000,0.000000000,0.348804157,0.859283072,0.449826533
6.480000000,-0.120235048,0.000000000,0.000000000,1.050000000,0.000000000,0.000000000,0.000000000,0.120235048,0.000000000,0.000000000,1.050000000,0.000000000,0.000000000,0.000000000,0.000000000,0.000000000,0.000000000,0.000000000,0.000000000,0.000000000,0.000000000,0.000000000,0.000000000,0.306827255,0.836192834,0.448440403
6.500000000,-0.121352549,0.000000000,0.000000000,1.050000000,0.000000000,0.000000000,0.000000000,0.121352549,0.000000000,0.000000000,1.050000000,0.000000000,0.000000000,0.000000000,0.000000000,0.000000000,0.000000000,0.000000000,0.000000000,0.000000000,0.000000000,0.000000000,0.000000000,0.266657860,0.810875721,0.445676688
6.520000000,-0.122450888,0.000000000,0.000000000,1.050000000,0.000000000,0.000000000,0.000000000,0.122450888,0.000000000,0.000000000,1.050000000,0.000000000,0.000000000,0.000000000,0.000000000,0.000000000,0.000000000,0.000000000,0.000000000,0.000000000,0.000000000,0.000000000,0.000000000,0.228543630,0.783487823,0.441552428
6.540000000,-0.123529890,0.000000000,0.000000000,1.050000000,0.000000000,0.000000000,0.000000000,0.123529890,0.000000000,0.000000000,1.050000000,0.000000000,0.000000000,0.000000000,0.000000000,0.000000000,0.000000000,0.000000000,0.000000000,0.000000000,0.000000000,0.000000000,0.000000000,0.192719553,0.754197995,0.436093051
6.560000000,-0.124589385,0.000000000,0.000000000,1.050000000,0.000000000,0.000000000,0.000000000,0.124589385,0.000000000,0.000000000,1.050000000,0.000000000,0.000000000,0.000000000,0.000000000,0.000000000,0.000000000,0.000000000,0.000000000,0.000000000,0.000000000,0.000000000,0.000000000,0.159406494,0.723186818,0.429332214
6.580000000,-0.125629206,0.000000000,0.000000000,1.050000000,0.000000000,0.000000000,0.000000000,0.125629206,0.000000000,0.000000000,1.050000000,0.000000000,0.000000000,0.000000000,0.000000000,0.000000000,0.000000000,0.000000000,0.000000000,0.000000000,0.000000000,0.000000000,0.000000000,0.128809841,0.690645487,0.421311602
6.600000000,-0.126649189,0.000000000,0.000000000,1.050000000,0.000000000,0.000000000,0.000000000,0.126649189,0.000000000,0.000000000,1.050000000,0.000000000,0.000000000,0.000000000,0.000000000,0.000000000,0.000000000,0.000000000,0.000000000,0.000000000,0.000000000,0.000000000,0.000000000,0.101118233,0.656774630,0.412080663
6.620000000,-0.127649172,0.000000000,0.000000000,1.050000000,0.000000000,0.000000000,0.000000000,0.127649172,0.000000000,0.000000000,1.050000000,0.000000000,0.000000000,0.000000000,0.000000000,0.000000000,0.000000000,0.000000000,0.000000000,0.000000000,0.000000000,0.000000000,0.000000000,0.076502396,0.621783072,0.401696309
6.640000000,-0.128628998,0.000000000,0.000000000,1.050000000,0.000000000,0.000000000,0.000000000,0.128628998,0.000000000,0.000000000,1.050000000,0.000000000,0.000000000,0.000000000,0.000000000,0.000000000,0.000000000,0.000000000,0.000000000,0.000000000,0.000000000,0.000000000,0.000000000,0.055114096,0.585886548,0.390222565
6.660000000,-0.129588513,0.000000000,0.000000000,1.050000000,0.000000000,0.000000000,0.000000000,0.129588513,0.000000000,0.000000000,1.050000000,0.000000000,0.000000000,0.000000000,0.000000000,0.000000000,0.000000000,0.000000000,0.000000000,0.000000000,0.000000000,0.000000000,0.000000000,0.037085198,0.549306371,0.377730168
6.680000000,-0.130527563,0.000000000,0.000000000,1.050000000,0.000000000,0.000000000,0.000000000,0.130527563,0.000000000,0.000000000,1.050000000,0.000000000,0.000000000,0.000000000,0.000000000,0.000000000,0.000000000,0.000000000,0.000000000,0.000000000,0.000000000,0.000000000,0.000000000,0.022526858,0.512268070,0.364296139
6.700000000,-0.131446002,0.000000000,0.000000000,1.050000000,0.000000000,0.000000000,0.000000000,0.131446002,0.000000000,0.000000000,1.050000000,0.000000000,0.000000000,0.000000000,0.000000000,0.000000000,0.000000000,0.000000000,0.000000000,0.000000000,0.000000000,0.000000000,0.000000000,0.011528832,0.475000000,0.350003302
6.720000000,-0.132343684,0.000000000,0.000000000,1.050000000,0.000000000,0.000000000,0.000000000,0.132343684,0.000000000,0.000000000,1.050000000,0.000000000,0.000000000,0.000000000,0.000000000,0.000000000,0.000000000,0.000000000,0.000000000,0.000000000,0.000000000,0.000000000,0.000000000,0.004158926,0.437731930,0.334939779
6.740000000,-0.133220467,0.000000000,0.000000000,1.050000000,0.000000000,0.000000000,0.000000000,0.133220467,0.000000000,0.000000000,1.050000000,0.000000000,0.000000000,0.000000000,0.000000000,0.000000000,0.000000000,0.000000000,0.000000000,0.000000000,0.000000000,0.000000000,0.000000000,0.000462578,0.400693629,0.319198441
6.760000000,-0.134076214,0.000000000,0.000000000,1.050000000,0.000000000,0.000000000,0.000000000,0.134076214,0.000000000,0.000000000,1.050000000,0.000000000,0.000000000,0.000000000,0.000000000,0.000000000,0.000000000,0.000000000,0.000000000,0.000000000,0.000000000,0.000000000,0.000000000,0.000000000,0.364113452,0.302876338
6.780000000,-0.134910788,0.000000000,0.000000000,1.050000000,0.000000000,0.000000000,0.000000000,0.134910788,0.000000000,0.000000000,1.050000000,0.000000000,0.000000000,0.000000000,0.000000000,0.000000000,0.000000000,0.000000000,0.000000000,0.000000000,0.000000000,0.000000000,0.000000000,0.000000000,0.328216928,0.286074101
6.800000000,-0.135724058,0.000000000,0.000000000,1.050000000,0.000000000,0.000000000,0.000000000,0.135724058,0.000000000,0.000000000,1.050000000,0.000000000,0.000000000,0.000000000,0.000000000,0.000000000,0.000000000,0.000000000,0.000000000,0.000000000,0.000000000,0.000000000,0.000000000,0.000000000,0.293225370,0.268895322
6.820000000,-0.136515896,0.000000000,0.000000000,1.050000000,0.000000000,0.000000000,0.000000000,0.136515896,0.000000000,0.000000000,1.050000000,0.000000000,0.000000000,0.000000000,0.000000000,0.000000000,0.000000000,0.000000000,0.000000000,0.000000000,0.000000000,0.000000000,0.000000000,0.000000000,0.259354513,0.251445914
6.840000000,-0.137286176,0.000000000,0.000000000,1.050000000,0.000000000,0.000000000,0.000000000,0.137286176,0.000000000,0.000000000,1.050000000,0.000000000,0.000000000,0.000000000,0.000000000,0.000000000,0.000000000,0.000000000,0.000000000,0.000000000,0.000000000,0.000000000,0.000000000,0.000000000,0.226813182,0.233833459
6.860000000,-0.138034777,0.000000000,0.000000000,1.050000000,0.000000000,0.000000000,0.000000000,0.138034777,0.000000000,0.000000000,1.050000000,0.000000000,0.000000000,0.000000000,0.000000000,0.000000000,0.000000000,0.000000000,0.000000000,0.000000000,0.000000000,0.000000000,0.000000000,0.000000000,0.195802005,0.216166541
6.880000000,-0.138761581,0.000000000,0.000000000,1.050000000,0.000000000,0.000000000,0.000000000,0.138761581,0.000000000,0.000000000,1.050000000,0.000000000,0.000000000,0.000000000,0.000000000,0.000000000,0.000000000,0.000000000,0.000000000,0.000000000,0.000000000,0.000000000,0.000000000,0.000000000,0.166512177,0.198554086
6.900000000,-0.139466473,0.000000000,0.000000000,1.050000000,0.000000000,0.000000000,0.000000000,0.139466473,0.000000000,0.000000000,1.050000000,0.000000000,0.000000000,0.000000000,0.000000000,0.000000000,0.000000000,0.000000000,0.000000000,0.000000000,0.000000000,0.000000000,0.000000000,0.000000000,0.139124279,0.181104678
6.920000000,-0.140149341,0.000000000,0.000000000,1.050000000,0.000000000,0.000000000,0.000000000,0.140149341,0.000000000,0.000000000,1.050000000,0.000000000,0.000000000,0.000000000,0.000000000,0.000000000,0.000000000,0.000000000,0.000000000,0.000000000,0.000000000,0.000000000,0.000000000,0.000000000,0.113807166,0.163925899
6.940000000,-0.140810079,0.000000000,0.000000000,1.050000000,0.000000000,0.000000000,0.000000000,0.140810079,0.000000000,0.000000000,1.050000000,0.000000000,0.000000000,0.000000000,0.000000000,0.000000000,0.000000000,0.000000000,0.000000000,0.000000000,0.000000000,0.000000000,0.000000000,0.000000000,0.090716928,0.147123662
6.960000000,-0.141448580,0.000000000,0.000000000,1.050000000,0.000000000,0.000000000,0.000000000,0.141448580,0.000000000,0.000000000,1.050000000,0.000000000,0.000000000,0.000000000,0.000000000,0.000000000,0.000000000,0.000000000,0.000000000,0.000000000,0.000000000,0.000000000,0.000000000,0.000000000,0.069995922,0.130801559
6.980000000,-0.142064746,0.000000000,0.000000000,1.050000000,0.000000000,0.000000000,0.000000000,0.142064746,0.000000000,0.000000000,1.050000000,0.000000000,0.000000000,0.000000000,0.000000000,0.000000000,0.000000000,0.000000000,0.000000000,0.000000000,0.000000000,0.000000000,0.000000000,0.000000000,0.051771901,0.115060221
7.000000000,-0.142658477,0.000000000,0.000000000,1.050000000,0.000000000,0.000000000,0.000000000,0.142658477,0.000000000,0.000000000,1.050000000,0.000000000,0.000000000,0.000000000,0.000000000,0.000000000,0.000000000,0.000000000,0.000000000,0.000000000,0.000000000,0.000000000,0.000000000,0.000000000,0.036157222,0.099996698
7.020000000,-0.143229682,0.000000000,0.000000000,1.050000000,0.000000000,0.000000000,0.000000000,0.143229682,0.000000000,0.000000000,1.050000000,0.000000000,0.000000000,0.000000000,0.000000000,0.000000000,0.000000000,0.000000000,0.000000000,0.000000000,0.000000000,0.000000000,0.000000000,0.000000000,0.023248155,0.085703861
7.040000000,-0.143778268,0.000000000,0.000000000,1.050000000,0.000000000,0.000000000,0.000000000,0.143778268,0.000000000,0.000000000,1.050000000,0.000000000,0.000000000,0.000000000,0.000000000,0.000000000,0.000000000,0.000000000,0.000000000,0.000000000,0.000000000,0.000000000,0.000000000,0.000000000,0.013124288,0.072269832
7.060000000,-0.144304151,0.000000000,0.000000000,1.050000000,0.000000000,0.000000000,0.000000000,0.144304151,0.000000000,0.000000000,1.050000000,0.000000000,0.000000000,0.000000000,0.000000000,0.000000000,0.000000000,0.000000000,0.000000000,0.000000000,0.000000000,0.000000000,0.000000000,0.000000000,0.005848038,0.059777435
7.080000000,-0.144807246,0.000000000,0.000000000,1.050000000,0.000000000,0.000000000,0.000000000,0.144807246,0.000000000,0.000000000,1.050000000,0.000000000,0.000000000,0.000000000,0.000000000,0.000000000,0.000000000,0.000000000,0.000000000,0.000000000,0.000000000,0.000000000,0.000000000,0.000000000,0.001464266,0.048303691
7.100000000,-0.145287474,0.000000000,0.000000000,1.050000000,0.000000000,0.000000000,0.000000000,0.145287474,0.000000000,0.000000000,1.050000000,0.000000000,0.000000000,0.000000000,0.000000000,0.000000000,0.000000000,0.000000000,0.000000000,0.000000000,0.000000000,0.000000000,0.000000000,0.000000000,0.000000000,0.037919337
7.120000000,-0.145744760,0.000000000,0.000000000,1.050000000,0.000000000,0.000000000,0.000000000,0.145744760,0.000000000,0.000000000,1.050000000,0.000000000,0.000000000,0.000000000,0.000000000,0.000000000,0.000000000,0.000000000,0.000000000,0.000000000,0.000000000,0.000000000,0.000000000,0.000000000,0.000000000,0.028688398
7.140000000,-0.146179031,0.000000000,0.000000000,1.050000000,0.000000000,0.000000000,0.000000000,0.146179031,0.000000000,0.000000000,1.050000000,0.000000000,0.000000000,0.000000000,0.000000000,0.000000000,0.000000000,0.000000000,0.000000000,0.000000000,0.000000000,0.000000000,0.000000000,0.000000000,0.000000000,0.020667786
7.160000000,-0.146590219,0.000000000,0.000000000,1.050000000,0.000000000,0.000000000,0.000000000,0.146590219,0.000000000,0.000000000,1.050000000,0.000000000,0.000000000,0.000000000,0.000000000,0.000000000,0.000000000,0.000000000,0.000000000,0.000000000,0.000000000,0.000000000,0.000000000,0.000000000,0.000000000,0.013906949
7.180000000,-0.146978258,0.000000000,0.000000000,1.050000000,0.000000000,0.000000000,0.000000000,0.146978258,0.000000000,0.000000000,1.050000000,0.000000000,0.000000000,0.000000000,0.000000000,0.000000000,0.000000000,0.000000000,0.000000000,0.000000000,0.000000000,0.000000000,0.000000000,0.000000000,0.000000000,0.008447572
7.200000000,-0.147343088,0.000000000,0.000000000,1.050000000,0.000000000,0.000000000,0.000000000,0.147343088,0.000000000,0.000000000,1.050000000,0.000000000,0.000000000,0.000000000,0.000000000,0.000000000,0.000000000,0.000000000,0.000000000,0.000000000,0.000000000,0.000000000,0.000000000,0.000000000,0.000000000,0.004323312
7.220000000,-0.147684650,0.000000000,0.000000000,1.050000000,0.000000000,0.000000000,0.000000000,0.147684650,0.000000000,0.000000000,1.050000000,0.000000000,0.000000000,0.000000000,0.000000000,0.000000000,0.000000000,0.000000000,0.000000000,0.000000000,0.000000000,0.000000000,0.000000000,0.000000000,0.000000000,0.001559597
7.240000000,-0.148002892,0.000000000,0.000000000,1.050000000,0.000000000,0.000000000,0.000000000,0.148002892,0.000000000,0.000000000,1.050000000,0.000000000,0.000000000,0.000000000,0.000000000,0.000000000,0.000000000,0.000000000,0.000000000,0.000000000,0.000000000,0.000000000,0.000000000,0.000000000,0.000000000,0.000173467
7.260000000,-0.148297762,0.000000000,0.000000000,1.050000000,0.000000000,0.000000000,0.000000000,0.148297762,0.000000000,0.000000000,1.050000000,0.000000000,0.000000000,0.000000000,0.000000000,0.000000000,0.000000000,0.000000000,0.000000000,0.000000000,0.000000000,0.000000000,0.000000000,0.000000000,0.000000000,0.000000000
7.280000000,-0.148569214,0.000000000,0.000000000,1.050000000,0.000000000,0.000000000,0.000000000,0.148569214,0.000000000,0.000000000,1.050000000,0.000000000,0.000000000,0.000000000,0.000000000,0.000000000,0.000000000,0.000000000,0.000000000,0.000000000,0.000000000,0.000000000,0.000000000,0.000000000,0.000000000,0.000000000
7.300000000,-0.148817205,0.000000000,0.000000000,1.050000000,0.000000000,0.000000000,0.000000000,0.148817205,0.000000000,0.000000000,1.050000000,0.000000000,0.000000000,0.000000000,0.000000000,0.000000000,0.000000000,0.000000000,0.000000000,0.000000000,0.000000000,0.000000000,0.000000000,0.000000000,0.000000000,0.000000000
7.320000000,-0.149041697,0.000000000,0.000000000,1.050000000,0.000000000,0.000000000,0.000000000,0.149041697,0.000000000,0.000000000,1.050000000,0.000000000,0.000000000,0.000000000,0.000000000,0.000000000,0.000000000,0.000000000,0.000000000,0.000000000,0.000000000,0.000000000,0.000000000,0.000000000,0.000000000,0.000000000
7.340000000,-0.149242653,0.000000000,0.000000000,1.050000000,0.000000000,0.000000000,0.000000000,0.149242653,0.000000000,0.000000000,1.050000000,0.000000000,0.000000000,0.000000000,0.000000000,0.000000000,0.000000000,0.000000000,0.000000000,0.000000000,0.000000000,0.000000000,0.000000000,0.000000000,0.000000000,0.000000000
7.360000000,-0.149420041,0.000000000,0.000000000,1.050000000,0.000000000,0.000000000,0.000000000,0.149420041,0.000000000,0.000000000,1.050000000,0.000000000,0.000000000,0.000000000,0.000000000,0.000000000,0.000000000,0.000000000,0.000000000,0.000000000,0.000000000,0.000000000,0.000000000,0.000000000,0.000000000,0.000000000
7.380000000,-0.149573835,0.000000000,0.000000000,1.050000000,0.000000000,0.000000000,0.000000000,0.149573835,0.000000000,0.000000000,1.050000000,0.000000000,0.000000000,0.000000000,0.000000000,0.000000000,0.000000000,0.000000000,0.000000000,0.000000000,0.000000000,0.000000000,0.000000000,0.000000000,0.000000000,0.000000000
7.400000000,-0.149704009,0.000000000,0.000000000,1.050000000,0.000000000,0.000000000,0.000000000,0.149704009,0.000000000,0.000000000,1.050000000,0.000000000,0.000000000,0.000000000,0.000000000,0.000000000,0.000000000,0.000000000,0.000000000,0.000000000,0.000000000,0.000000000,0.000000000,0.000000000,0.000000000,0.000000000
7.420000000,-0.149810543,0.000000000,0.000000000,1.050000000,0.000000000,0.000000000,0.000000000,0.149810543,0.000000000,0.000000000,1.050000000,0.000000000,0.000000000,0.000000000,0.000000000,0.000000000,0.000000000,0.000000000,0.000000000,0.000000000,0.000000000,0.000000000,0.000000000,0.000000000,0.000000000,0.000000000
7.440000000,-0.149893421,0.000000000,0.000000000,1.050000000,0.000000000,0.000000000,0.000000000,0.149893421,0.000000000,0.000000000,1.050000000,0.000000000,0.000000000,0.000000000,0.000000000,0.000000000,0.000000000,0.000000000,0.000000000,0.000000000,0.000000000,0.000000000,0.000000000,0.000000000,0.000000000,0.000000000
7.460000000,-0.149952628,0.000000000,0.000000000,1.050000000,0.000000000,0.000000000,0.000000000,0.149952628,0.000000000,0.000000000,1.050000000,0.000000000,0.000000000,0.000000000,0.000000000,0.000000000,0.000000000,0.000000000,0.000000000,0.000000000,0.000000000,0.000000000,0.000000000,0.000000000,0.000000000,0.000000000
7.480000000,-0.149988157,0.000000000,0.000000000,1.050000000,0.000000000,0.000000000,0.000000000,0.149988157,0.000000000,0.000000000,1.050000000,0.000000000,0.000000000,0.000000000,0.000000000,0.000000000,0.000000000,0.000000000,0.000000000,0.000000000,0.000000000,0.000000000,0.000000000,0.000000000,0.000000000,0.000000000
7.500000000,-0.150000000,0.000000000,0.000000000,1.050000000,0.000000000,0.000000000,0.000000000,0.150000000,0.000000000,0.000000000,1.050000000,0.000000000,0.000000000,0.000000000,0.000000000,0.000000000,0.000000000,0.000000000,0.000000000,0.000000000,0.000000000,0.000000000,0.000000000,0.000000000,0.000000000,0.000000000
7.520000000,-0.149988157,0.000000000,0.000000000,1.050000000,0.000000000,0.000000000,0.000000000,0.149988157,0.000000000,0.000000000,1.050000000,0.000000000,0.000000000,0.000000000,0.000000000,0.000000000,0.000000000,0.000000000,0.000000000,0.000000000,0.000000000,0.000000000,0.000000000,0.000000000,0.000000000,0.000000000
7.540000000,-0.149952628,0.000000000,0.000000000,1.050000000,0.000000000,0.000000000,0.000000000,0.149952628,0.000000000,0.000000000,1.050000000,0.000000000,0.000000000,0.000000000,0.000000000,0.000000000,0.000000000,0.000000000,0.000000000,0.000000000,0.000000000,0.000000000,0.000000000,0.000000000,0.000000000,0.000000000
7.560000000,-0.149893421,0.000000000,0.000000000,1.050000000,0.000000000,0.000000000,0.000000000,0.149893421,0.000000000,0.000000000,1.050000000,0.000000000,0.000000000,0.000000000,0.000000000,0.000000000,0.000000000,0.000000000,0.000000000,0.000000000,0.000000000,0.000000000,0.000000000,0.000000000,0.000000000,0.000000000
7.580000000,-0.149810543,0.000000000,0.000000000,1.050000000,0.000000000,0.000000000,0.000000000,0.149810543,0.000000000,0.000000000,1.050000000,0.000000000,0.000000000,0.000000000,0.000000000,0.000000000,0.000000000,0.000000000,0.000000000,0.000000000,0.000000000,0.000000000,0.000000000,0.000000000,0.000000000,0.000000000
7.600000000,-0.149704009,0.000000000,0.000000000,1.050000000,0.000000000,0.000000000,0.000000000,0.149704009,0.000000000,0.000000000,1.050000000,0.000000000,0.000000000,0.000000000,0.000000000,0.000000000,0.000000000,0.000000000,0.000000000,0.000000000,0.000000000,0.000000000,0.000000000,0.000000000,0.000000000,0.000000000
7.620000000,-0.149573835,0.000000000,0.000000000,1.050000000,0.000000000,0.000000000,0.000000000,0.149573835,0.000000000,0.000000000,1.050000000,0.000000000,0.000000000,0.000000000,0.000000000,0.000000000,0.000000000,0.000000000,0.000000000,0.000000000,0.000000000,0.000000000,0.000000000,0.000000000,0.000000000,0.000000000
7.640000000,-0.149420041,0.000000000,0.000000000,1.050000000,0.000000000,0.000000000,0.000000000,0.149420041,0.000000000,0.000000000,1.050000000,0.000000000,0.000000000,0.000000000,0.000000000,0.000000000,0.000000000,0.000000000,0.000000000,0.000000000,0.000000000,0.000000000,0.000000000,0.000000000,0.000000000,0.000000000
7.660000000,-0.149242653,0.000000000,0.000000000,1.050000000,0.000000000,0.000000000,0.000000000,0.149242653,0.000000000,0.000000000,1.050000000,0.000000000,0.000000000,0.000000000,0.000000000,0.000000000,0.000000000,0.000000000,0.000000000,0.000000000,0.000000000,0.000000000,0.000000000,0.000000000,0.000000000,0.000000000
7.680000000,-0.149041697,0.000000000,0.000000000,1.050000000,0.000000000,0.000000000,0.000000000,0.149041697,0.000000000,0.000000000,1.050000000,0.000000000,0.000000000,0.000000000,0.000000000,0.000000000,0.000000000,0.000000000,0.000000000,0.000000000,0.000000000,0.000000000,0.000000000,0.000000000,0.000000000,0.000000000
7.700000000,-0.148817205,0.000000000,0.000000000,1.050000000,0.000000000,0.000000000,0.000000000,0.148817205,0.000000000,0.000000000,1.050000000,0.000000000,0.000000000,0.000000000,0.000000000,0.000000000,0.000000000,0.000000000,0.000000000,0.000000000,0.000000000,0.000000000,0.000000000,0.000000000,0.000000000,0.000000000
7.720000000,-0.148569214,0.000000000,0.000000000,1.050000000,0.000000000,0.000000000,0.000000000,0.148569214,0.000000000,0.000000000,1.050000000,0.000000000,0.000000000,0.000000000,0.001400671,0.001400671,0.001400671,0.001400671,0.000000000,0.000000000,0.001400671,0.001400671,0.001400671,0.001400671,0.000000000,0.000000000
7.740000000,-0.148297762,0.000000000,0.000000000,1.050000000,0.000000000,0.000000000,0.000000000,0.148297762,0.000000000,0.000000000,1.050000000,0.000000000,0.000000000,0.000000000,0.005595860,0.005595860,0.005595860,0.005595860,0.000000000,0.000000000,0.005595860,0.005595860,0.005595860,0.005595860,0.000000000,0.000000000
7.760000000,-0.148002892,0.000000000,0.000000000,1.050000000,0.000000000,0.000000000,0.000000000,0.148002892,0.000000000,0.000000000,1.050000000,0.000000000,0.000000000,0.000000000,0.012565130,0.012565130,0.012565130,0.012565130,0.000000000,0.000000000,0.012565130,0.012565130,0.012565130,0.012565130,0.000000000,0.000000000
7.780000000,-0.147684650,0.000000000,0.000000000,1.050000000,0.000000000,0.000000000,0.000000000,0.147684650,0.000000000,0.000000000,1.050000000,0.000000000,0.000000000,0.000000000,0.022274525,0.022274525,0.022274525,0.022274525,0.000000000,0.000000000,0.022274525,0.022274525,0.022274525,0.022274525,0.000000000,0.000000000
7.800000000,-0.147343088,0.000000000,0.000000000,1.050000000,0.000000000,0.000000000,0.000000000,0.147343088,0.000000000,0.000000000,1.050000000,0.000000000,0.000000000,0.000000000,0.034676743,0.034676743,0.034676743,0.034676743,0.000000000,0.000000000,0.034676743,0.034676743,0.034676743,0.034676743,0.000000000,0.000000000
7.820000000,-0.146978258,0.000000000,0.000000000,1.050000000,0.000000000,0.000000000,0.000000000,0.146978258,0.000000000,0.000000000,1.050000000,0.000000000,0.000000000,0.000000000,0.049711362,0.049711362,0.049711362,0.049711362,0.000000000,0.000000000,0.049711362,0.049711362,0.049711362,0.049711362,0.000000000,0.000000000
7.840000000,-0.146590219,0.000000000,0.000000000,1.050000000,0.000000000,0.000000000,0.000000000,0.146590219,0.000000000,0.000000000,1.050000000,0.000000000,0.000000000,0.000000000,0.067305134,0.067305134,0.067305134,0.067305134,0.000000000,0.000000000,0.067305134,0.067305134,0.067305134,0.067305134,0.000000000,0.000000000
7.860000000,-0.146179031,0.000000000,0.000000000,1.050000000,0.000000000,0.000000000,0.000000000,0.146179031,0.000000000,0.000000000,1.050000000,0.000000000,0.000000000,0.000000000,0.087372345,0.087372345,0.087372345,0.087372345,0.000000000,0.000000000,0.087372345,0.087372345,0.087372345,0.087372345,0.000000000,0.000000000
7.880000000,-0.145744760,0.000000000,0.000000000,1.050000000,0.000000000,0.000000000,0.000000000,0.145744760,0.000000000,0.000000000,1.050000000,0.000000000,0.000000000,0.000000000,0.109815228,0.109815228,0.109815228,0.109815228,0.000000000,0.000000000,0.109815228,0.109815228,0.109815228,0.109815228,0.000000000,0.000000000
7.900000000,-0.145287474,0.000000000,0.000000000,1.050000000,0.000000000,0.000000000,0.000000000,0.145287474,0.000000000,0.000000000,1.050000000,0.000000000,0.000000000,0.000000000,0.134524445,0.134524445,0.134524445,0.134524445,0.000000000,0.000000000,0.134524445,0.134524445,0.134524445,0.134524445,0.000000000,0.000000000
7.920000000,-0.144807246,0.000000000,0.000000000,1.050000000,0.000000000,0.000000000,0.000000000,0.144807246,0.000000000,0.000000000,1.050000000,0.000000000,0.000000000,0.000000000,0.161379615,0.161379615,0.161379615,0.161379615,0.000000000,0.000000000,0.161379615,0.161379615,0.161379615,0.161379615,0.000000000,0.000000000
7.940000000,-0.144304151,0.000000000,0.000000000,1.050000000,0.000000000,0.000000000,0.000000000,0.144304151,0.000000000,0.000000000,1.050000000,0.000000000,0.000000000,0.000000000,0.190249901,0.190249901,0.190249901,0.190249901,0.000000000,0.000000000,0.190249901,0.190249901,0.190249901,0.190249901,0.000000000,0.000000000
7.960000000,-0.143778268,0.000000000,0.000000000,1.050000000,0.000000000,0.000000000,0.000000000,0.143778268,0.000000000,0.000000000,1.050000000,0.000000000,0.000000000,0.000000000,0.220994652,0.220994652,0.220994652,0.220994652,0.000000000,0.000000000,0.220994652,0.220994652,0.220994652,0.220994652,0.000000000,0.000000000
7.980000000,-0.143229682,0.000000000,0.000000000,1.050000000,0.000000000,0.000000000,0.000000000,0.143229682,0.000000000,0.000000000,1.050000000,0.000000000,0.000000000,0.000000000,0.253464081,0.253464081,0.253464081,0.253464081,0.000000000,0.000000000,0.253464081,0.253464081,0.253464081,0.253464081,0.000000000,0.000000000
8.000000000,-0.142658477,0.000000000,0.000000000,1.050000000,0.000000000,0.000000000,0.000000000,0.142658477,0.000000000,0.000000000,1.050000000,0.000000000,0.000000000,0.000000000,0.287500000,0.287500000,0.287500000,0.287500000,0.000000000,0.000000000,0.287500000,0.287500000,0.287500000,0.287500000,0.000000000,0.000000000
8.020000000,-0.142064746,0.000000000,0.000000000,1.050000000,0.000000000,0.000000000,0.000000000,0.142064746,0.000000000,0.000000000,1.050000000,0.000000000,0.000000000,0.000000000,0.322936591,0.322936591,0.322936591,0.322936591,0.000000000,0.000000000,0.322936591,0.322936591,0.322936591,0.322936591,0.000000000,0.000000000
8.040000000,-0.141448580,0.000000000,0.000000000,1.050000000,0.000000000,0.000000000,0.000000000,0.141448580,0.000000000,0.000000000,1.050000000,0.000000000,0.000000000,0.000000000,0.359601209,0.359601209,0.359601209,0.359601209,0.000000000,0.000000000,0.359601209,0.359601209,0.359601209,0.359601209,0.000000000,0.000000000
8.060000000,-0.140810079,0.000000000,0.000000000,1.050000000,0.000000000,0.000000000,0.000000000,0.140810079,0.000000000,0.000000000,1.050000000,0.000000000,0.000000000,0.000000000,0.397315228,0.397315228,0.397315228,0.397315228,0.000000000,0.000000000,0.397315228,0.397315228,0.397315228,0.397315228,0.000000000,0.000000000
8.080000000,-0.140149341,0.000000000,0.000000000,1.050000000,0.000000000,0.000000000,0.000000000,0.140149341,0.000000000,0.000000000,1.050000000,0.000000000,0.000000000,0.000000000,0.435894910,0.435894910,0.435894910,0.435894910,0.000000000,0.000000000,0.435894910,0.435894910,0.435894910,0.435894910,0.000000000,0.000000000
8.100000000,-0.139466473,0.000000000,0.000000000,1.050000000,0.000000000,0.000000000,0.000000000,0.139466473,0.000000000,0.000000000,1.050000000,0.000000000,0.000000000,0.000000000,0.475152298,0.475152298,0.475152298,0.475152298,0.000000000,0.000000000,0.475152298,0.475152298,0.475152298,0.475152298,0.000000000,0.000000000
8.120000000,-0.138761581,0.000000000,0.000000000,1.050000000,0.000000000,0.000000000,0.000000000,0.138761581,0.000000000,0.000000000,1.050000000,0.000000000,0.000000000,0.000000000,0.514896134,0.514896134,0.514896134,0.514896134,0.000000000,0.000000000,0.514896134,0.514896134,0.514896134,0.514896134,0.000000000,0.000000000
8.140000000,-0.138034777,0.000000000,0.000000000,1.050000000,0.000000000,0.000000000,0.000000000,0.138034777,0.000000000,0.000000000,1.050000000,0.000000000,0.000000000,0.000000000,0.554932789,0.554932789,0.554932789,0.554932789,0.000000000,0.000000000,0.554932789,0.554932789,0.554932789,0.554932789,0.000000000,0.000000000
8.160000000,-0.137286176,0.000000000,0.000000000,1.050000000,0.000000000,0.000000000,0.000000000,0.137286176,0.000000000,0.000000000,1.050000000,0.000000000,0.000000000,0.000000000,0.595067211,0.595067211,0.595067211,0.595067211,0.000000000,0.000000000,0.595067211,0.595067211,0.595067211,0.595067211,0.000000000,0.000000000
8.180000000,-0.136515896,0.000000000,0.000000000,1.050000000,0.000000000,0.000000000,0.000000000,0.136515896,0.000000000,0.000000000,1.050000000,0.000000000,0.000000000,0.000000000,0.635103866,0.635103866,0.635103866,0.635103866,0.000000000,0.000000000,0.635103866,0.635103866,0.635103866,0.635103866,0.000000000,0.000000000
8.200000000,-0.135724058,0.000000000,0.000000000,1.050000000,0.000000000,0.000000000,0.000000000,0.135724058,0.000000000,0.000000000,1.050000000,0.000000000,0.000000000,0.000000000,0.674847702,0.674847702,0.674847702,0.674847702,0.000000000,0.000000000,0.674847702,0.674847702,0.674847702,0.674847702,0.000000000,0.000000000
8.220000000,-0.134910788,0.000000000,0.000000000,1.050000000,0.000000000,0.000000000,0.000000000,0.134910788,0.000000000,0.000000000,1.050000000,0.000000000,0.000000000,0.000000000,0.714105090,0.714105090,0.714105090,0.714105090,0.000000000,0.000000000,0.714105090,0.714105090,0.714105090,0.714105090,0.000000000,0.000000000
8.240000000,-0.134076214,0.000000000,0.000000000,1.050000000,0.000000000,0.000000000,0.000000000,0.134076214,0.000000000,0.000000000,1.050000000,0.000000000,0.000000000,0.000000000,0.752684772,0.752684772,0.752684772,0.752684772,0.000000000,0.000000000,0.752684772,0.752684772,0.752684772,0.752684772,0.000000000,0.000000000
8.260000000,-0.133220467,0.000000000,0.000000000,1.050000000,0.000000000,0.000000000,0.000000000,0.133220467,0.000000000,0.000000000,1.050000000,0.000000000,0.000000000,0.000000000,0.790398791,0.790398791,0.790398791,0.790398791,0.000000000,0.000000000,0.790398791,0.790398791,0.790398791,0.790398791,0.000000000,0.000000000
8.280000000,-0.132343684,0.000000000,0.000000000,1.050000000,0.000000000,0.000000000,0.000000000,0.132343684,0.000000000,0.000000000,1.050000000,0.000000000,0.000000000,0.000000000,0.827063409,0.827063409,0.827063409,0.827063409,0.000000000,0.000000000,0.827063409,0.827063409,0.827063409,0.827063409,0.000000000,0.000000000
8.300000000,-0.131446002,0.000000000,0.000000000,1.050000000,0.000000000,0.000000000,0.000000000,0.131446002,0.000000000,0.000000000,1.050000000,0.000000000,0.000000000,0.000000000,0.862500000,0.862500000,0.862500000,0.862500000,0.000000000,0.000000000,0.862500000,0.862500000,0.862500000,0.862500000,0.000000000,0.000000000
8.320000000,-0.130527563,0.000000000,0.000000000,1.050000000,0.000000000,0.000000000,0.000000000,0.130527563,0.000000000,0.000000000,1.050000000,0.000000000,0.000000000,0.000000000,0.896535919,0.896535919,0.896535919,0.896535919,0.000000000,0.000000000,0.896535919,0.896535919,0.896535919,0.896535919,0.000000000,0.000000000
8.340000000,-0.129588513,0.000000000,0.000000000,1.050000000,0.000000000,0.000000000,0.000000000,0.129588513,0.000000000,0.000000000,1.050000000,0.000000000,0.000000000,0.000000000,0.929005348,0.929005348,0.929005348,0.929005348,0.000000000,0.000000000,0.929005348,0.929005348,0.929005348,0.929005348,0.000000000,0.000000000
8.360000000,-0.128628998,0.000000000,0.000000000,1.050000000,0.000000000,0.000000000,0.000000000,0.128628998,0.000000000,0.000000000,1.050000000,0.000000000,0.000000000,0.000000000,0.959750099,0.959750099,0.959750099,0.959750099,0.000000000,0.000000000,0.959750099,0.959750099,0.959750099,0.959750099,0.000000000,0.000000000
8.380000000,-0.127649172,0.000000000,0.000000000,1.050000000,0.000000000,0.000000000,0.000000000,0.127649172,0.000000000,0.000000000,1.050000000,0.000000000,0.000000000,0.000000000,0.988620385,0.988620385,0.988620385,0.988620385,0.000000000,0.000000000,0.988620385,0.988620385,0.988620385,0.988620385,0.000000000,0.000000000
8.400000000,-0.126649189,0.000000000,0.000000000,1.050000000,0.000000000,0.000000000,0.000000000,0.126649189,0.000000000,0.000000000,1.050000000,0.000000000,0.000000000,0.000000000,1.015475555,1.015475555,1.015475555,1.015475555,0.000000000,0.000000000,1.015475555,1.015475555,1.015475555,1.015475555,0.000000000,0.000000000
8.420000000,-0.125629206,0.000000000,0.000000000,1.050000000,0.000000000,0.000000000,0.000000000,0.125629206,0.000000000,0.000000000,1.050000000,0.000000000,0.000000000,0.000000000,1.040184772,1.040184772,1.040184772,1.040184772,0.000000000,0.000000000,1.040184772,1.040184772,1.040184772,1.040184772,0.000000000,0.000000000
8.440000000,-0.124589385,0.000000000,0.000000000,1.050000000,0.000000000,0.000000000,0.000000000,0.124589385,0.000000000,0.000000000,1.050000000,0.000000000,0.000000000,0.000000000,1.062627655,1.062627655,1.062627655,1.062627655,0.000000000,0.000000000,1.062627655,1.062627655,1.062627655,1.062627655,0.000000000,0.000000000
8.460000000,-0.123529890,0.000000000,0.000000000,1.050000000,0.000000000,0.000000000,0.000000000,0.123529890,0.000000000,0.000000000,1.050000000,0.000000000,0.000000000,0.000000000,1.082694866,1.082694866,1.082694866,1.082694866,0.000000000,0.000000000,1.082694866,1.082694866,1.082694866,1.082694866,0.000000000,0.000000000
8.480000000,-0.122450888,0.000000000,0.000000000,1.050000000,0.000000000,0.000000000,0.000000000,0.122450888,0.000000000,0.000000000,1.050000000,0.000000000,0.000000000,0.000000000,1.100288638,1.100288638,1.100288638,1.100288638,0.000000000,0.000000000,1.100288638,1.100288638,1.100288638,1.100288638,0.000000000,0.000000000
8.500000000,-0.121352549,0.000000000,0.000000000,1.050000000,0.000000000,0.000000000,0.000000000,0.121352549,0.000000000,0.000000000,1.050000000,0.000000000,0.000000000,0.000000000,1.115323257,1.115323257,1.115323257,1.115323257,0.000000000,0.000000000,1.115323257,1.115323257,1.115323257,1.115323257,0.000000000,0.000000000
8.520000000,-0.120235048,0.000000000,0.000000000,1.050000000,0.000000000,0.000000000,0.000000000,0.120235048,0.000000000,0.000000000,1.050000000,0.000000000,0.000000000,0.000000000,1.127725475,1.127725475,1.127725475,1.127725475,0.000000000,0.000000000,1.127725475,1.127725475,1.127725475,1.127725475,0.000000000,0.000000000
8.540000000,-0.119098560,0.000000000,0.000000000,1.050000000,0.000000000,0.000000000,0.000000000,0.119098560,0.000000000,0.000000000,1.050000000,0.000000000,0.000000000,0.000000000,1.137434870,1.137434870,1.137434870,1.137434870,0.000000000,0.000000000,1.137434870,1.137434870,1.137434870,1.137434870,0.000000000,0.000000000
8.560000000,-0.117943265,0.000000000,0.000000000,1.050000000,0.000000000,0.000000000,0.000000000,0.117943265,0.000000000,0.000000000,1.050000000,0.000000000,0.000000000,0.000000000,1.144404140,1.144404140,1.144404140,1.144404140,0.000000000,0.000000000,1.144404140,1.144404140,1.144404140,1.144404140,0.000000000,0.000000000
8.580000000,-0.116769345,0.000000000,0.000000000,1.050000000,0.000000000,0.000000000,0.000000000,0.116769345,0.000000000,0.000000000,1.050000000,0.000000000,0.000000000,0.000000000,1.148599329,1.148599329,1.148599329,1.148599329,0.000000000,0.000000000,1.148599329,1.148599329,1.148599329,1.148599329,0.000000000,0.000000000
8.600000000,-0.115576986,0.000000000,0.000000000,1.050000000,0.000000000,0.000000000,0.000000000,0.115576986,0.000000000,0.000000000,1.050000000,0.000000000,0.000000000,0.000000000,1.150000000,1.150000000,1.150000000,1.150000000,0.000000000,0.000000000,1.150000000,1.150000000,1.150000000,1.150000000,0.000000000,0.000000000
8.620000000,-0.114366377,0.000000000,0.000000000,1.050000000,0.000000000,0.000000000,0.000000000,0.114366377,0.000000000,0.000000000,1.050000000,0.000000000,0.000000000,0.000000000,1.148599329,1.148599329,1.148599329,1.148599329,0.000000000,0.000000000,1.148599329,1.148599329,1.148599329,1.148599329,0.000000000,0.000000000
8.640000000,-0.113137707,0.000000000,0.000000000,1.050000000,0.000000000,0.000000000,0.000000000,0.113137707,0.000000000,0.000000000,1.050000000,0.000000000,0.000000000,0.000000000,1.144404140,1.144404140,1.144404140,1.144404140,0.000000000,0.000000000,1.144404140,1.144404140,1.144404140,1.144404140,0.000000000,0.000000000
8.660000000,-0.111891172,0.000000000,0.000000000,1.050000000,0.000000000,0.000000000,0.000000000,0.111891172,0.000000000,0.000000000,1.050000000,0.000000000,0.000000000,0.000000000,1.137434870,1.137434870,1.137434870,1.137434870,0.000000000,0.000000000,1.137434870,1.137434870,1.137434870,1.137434870,0.000000000,0.000000000
8.680000000,-0.110626968,0.000000000,0.000000000,1.050000000,0.000000000,0.000000000,0.000000000,0.110626968,0.000000000,0.000000000,1.050000000,0.000000000,0.000000000,0.000000000,1.127725475,1.127725475,1.127725475,1.127725475,0.000000000,0.000000000,1.127725475,1.127725475,1.127725475,1.127725475,0.000000000,0.000000000
8.700000000,-0.109345294,0.000000000,0.000000000,1.050000000,0.000000000,0.000000000,0.000000000,0.109345294,0.000000000,0.000000000,1.050000000,0.000000000,0.000000000,0.000000000,1.115323257,1.115323257,1.115323257,1.115323257,0.000000000,0.000000000,1.115323257,1.115323257,1.115323257,1.115323257,0.000000000,0.000000000
8.720000000,-0.108046354,0.000000000,0.000000000,1.050000000,0.000000000,0.000000000,0.000000000,0.108046354,0.000000000,0.000000000,1.050000000,0.000000000,0.000000000,0.000000000,1.100288638,1.100288638,1.100288638,1.100288638,0.000000000,0.000000000,1.100288638,1.100288638,1.100288638,1.100288638,0.000000000,0.000000000
8.740000000,-0.106730352,0.000000000,0.000000000,1.050000000,0.000000000,0.000000000,0.000000000,0.106730352,0.000000000,0.000000000,1.050000000,0.000000000,0.000000000,0.000000000,1.082694866,1.082694866,1.082694866,1.082694866,0.000000000,0.000000000,1.082694866,1.082694866,1.082694866,1.082694866,0.000000000,0.000000000
8.760000000,-0.105397495,0.000000000,0.000000000,1.050000000,0.000000000,0.000000000,0.000000000,0.105397495,0.000000000,0.000000000,1.050000000,0.000000000,0.000000000,0.000000000,1.062627655,1.062627655,1.062627655,1.062627655,0.000000000,0.000000000,1.062627655,1.062627655,1.062627655,1.062627655,0.000000000,0.000000000
8.780000000,-0.104047996,0.000000000,0.000000000,1.050000000,0.000000000,0.000000000,0.000000000,0.104047996,0.000000000,0.000000000,1.050000000,0.000000000,0.000000000,0.000000000,1.040184772,1.040184772,1.040184772,1.040184772,0.000000000,0.000000000,1.040184772,1.040184772,1.040184772,1.040184772,0.000000000,0.000000000
8.800000000,-0.102682066,0.000000000,0.000000000,1.050000000,0.000000000,0.000000000,0.000000000,0.102682066,0.000000000,0.000000000,1.050000000,0.000000000,0.000000000,0.000000000,1.015475555,1.015475555,1.015475555,1.015475555,0.000000000,0.000000000,1.015475555,1.015475555,1.015475555,1.015475555,0.000000000,0.000000000
8.820000000,-0.101299921,0.000000000,0.000000000,1.050000000,0.000000000,0.000000000,0.000000000,0.101299921,0.000000000,0.000000000,1.050000000,0.000000000,0.000000000,0.000000000,0.988620385,0.988620385,0.988620385,0.988620385,0.000000000,0.000000000,0.988620385,0.988620385,0.988620385,0.988620385,0.000000000,0.000000000
8.840000000,-0.099901780,0.000000000,0.000000000,1.050000000,0.000000000,0.000000000,0.000000000,0.099901780,0.000000000,0.000000000,1.050000000,0.000000000,0.000000000,0.000000000,0.959750099,0.959750099,0.959750099,0.959750099,0.000000000,0.000000000,0.959750099,0.959750099,0.959750099,0.959750099,0.000000000,0.000000000
8.860000000,-0.098487863,0.000000000,0.000000000,1.050000000,0.000000000,0.000000000,0.000000000,0.098487863,0.000000000,0.000000000,1.050000000,0.000000000,0.000000000,0.000000000,0.929005348,0.929005348,0.929005348,0.929005348,0.000000000,0.000000000,0.929005348,0.929005348,0.929005348,0.929005348,0.000000000,0.000000000
8.880000000,-0.097058394,0.000000000,0.000000000,1.050000000,0.000000000,0.000000000,0.000000000,0.097058394,0.000000000,0.000000000,1.050000000,0.000000000,0.000000000,0.000000000,0.896535919,0.896535919,0.896535919,0.896535919,0.000000000,0.000000000,0.896535919,0.896535919,0.896535919,0.896535919,0.000000000,0.000000000
8.900000000,-0.095613598,0.000000000,0.000000000,1.050000000,0.000000000,0.000000000,0.000000000,0.095613598,0.000000000,0.000000000,1.050000000,0.000000000,0.000000000,0.000000000,0.862500000,0.862500000,0.862500000,0.862500000,0.000000000,0.000000000,0.862500000,0.862500000,0.862500000,0.862500000,0.000000000,0.000000000
8.920000000,-0.094153704,0.000000000,0.000000000,1.050000000,0.000000000,0.000000000,0.000000000,0.094153704,0.000000000,0.000000000,1.050000000,0.000000000,0.000000000,0.000000000,0.827063409,0.827063409,0.827063409,0.827063409,0.000000000,0.000000000,0.827063409,0.827063409,0.827063409,0.827063409,0.000000000,0.000000000
8.940000000,-0.092678942,0.000000000,0.000000000,1.050000000,0.000000000,0.000000000,0.000000000,0.092678942,0.000000000,0.000000000,1.050000000,0.000000000,0.000000000,0.000000000,0.790398791,0.790398791,0.790398791,0.790398791,0.000000000,0.000000000,0.790398791,0.790398791,0.790398791,0.790398791,0.000000000,0.000000000
8.960000000,-0.091189545,0.000000000,0.000000000,1.050000000,0.000000000,0.000000000,0.000000000,0.091189545,0.000000000,0.000000000,1.050000000,0.000000000,0.000000000,0.000000000,0.752684772,0.752684772,0.752684772,0.752684772,0.000000000,0.000000000,0.752684772,0.752684772,0.752684772,0.752684772,0.000000000,0.000000000
8.980000000,-0.089685747,0.000000000,0.000000000,1.050000000,0.000000000,0.000000000,0.000000000,0.089685747,0.000000000,0.000000000,1.050000000,0.000000000,0.000000000,0.000000000,0.714105090,0.714105090,0.714105090,0.714105090,0.000000000,0.000000000,0.714105090,0.714105090,0.714105090,0.714105090,0.000000000,0.000000000
9.000000000,-0.088167788,0.000000000,0.000000000,1.050000000,0.000000000,0.000000000,0.000000000,0.088167788,0.000000000,0.000000000,1.050000000,0.000000000,0.000000000,0.000000000,0.674847702,0.674847702,0.674847702,0.674847702,0.000000000,0.000000000,0.674847702,0.674847702,0.674847702,0.674847702,0.000000000,0.000000000
9.020000000,-0.086635906,0.000000000,0.000000000,1.050000000,0.000000000,0.000000000,0.000000000,0.086635906,0.000000000,0.000000000,1.050000000,0.000000000,0.000000000,0.000000000,0.635103866,0.635103866,0.635103866,0.635103866,0.000000000,0.000000000,0.635103866,0.635103866,0.635103866,0.635103866,0.000000000,0.000000000
9.040000000,-0.085090342,0.000000000,0.000000000,1.050000000,0.000000000,0.000000000,0.000000000,0.085090342,0.000000000,0.000000000,1.050000000,0.000000000,0.000000000,0.000000000,0.595067211,0.595067211,0.595067211,0.595067211,0.000000000,0.000000000,0.595067211,0.595067211,0.595067211,0.595067211,0.000000000,0.000000000
9.060000000,-0.083531342,0.000000000,0.000000000,1.050000000,0.000000000,0.000000000,0.000000000,0.083531342,0.000000000,0.000000000,1.050000000,0.000000000,0.000000000,0.000000000,0.554932789,0.554932789,0.554932789,0.554932789,0.000000000,0.000000000,0.554932789,0.554932789,0.554932789,0.554932789,0.000000000,0.000000000
9.080000000,-0.081959152,0.000000000,0.000000000,1.050000000,0.000000000,0.000000000,0.000000000,0.081959152,0.000000000,0.000000000,1.050000000,0.000000000,0.000000000,0.000000000,0.514896134,0.514896134,0.514896134,0.514896134,0.000000000,0.000000000,0.514896134,0.514896134,0.514896134,0.514896134,0.000000000,0.000000000
9.100000000,-0.080374019,0.000000000,0.000000000,1.050000000,0.000000000,0.000000000,0.000000000,0.080374019,0.000000000,0.000000000,1.050000000,0.000000000,0.000000000,0.000000000,0.475152298,0.475152298,0.475152298,0.475152298,0.000000000,0.000000000,0.475152298,0.475152298,0.475152298,0.475152298,0.000000000,0.000000000
9.120000000,-0.078776194,0.000000000,0.000000000,1.050000000,0.000000000,0.000000000,0.000000000,0.078776194,0.000000000,0.000000000,1.050000000,0.000000000,0.000000000,0.000000000,0.435894910,0.435894910,0.435894910,0.435894910,0.000000000,0.000000000,0.435894910,0.435894910,0.435894910,0.435894910,0.000000000,0.000000000
9.140000000,-0.077165930,0.000000000,0.000000000,1.050000000,0.000000000,0.000000000,0.000000000,0.077165930,0.000000000,0.000000000,1.050000000,0.000000000,0.000000000,0.000000000,0.397315228,0.397315228,0.397315228,0.397315228,0.000000000,0.000000000,0.397315228,0.397315228,0.397315228,0.397315228,0.000000000,0.000000000
9.160000000,-0.075543480,0.000000000,0.000000000,1.050000000,0.000000000,0.000000000,0.000000000,0.075543480,0.000000000,0.000000000,1.050000000,0.000000000,0.000000000,0.000000000,0.359601209,0.359601209,0.359601209,0.359601209,0.000000000,0.000000000,0.359601209,0.359601209,0.359601209,0.359601209,0.000000000,0.000000000
9.180000000,-0.073909101,0.000000000,0.000000000,1.050000000,0.000000000,0.000000000,0.000000000,0.073909101,0.000000000,0.000000000,1.050000000,0.000000000,0.000000000,0.000000000,0.322936591,0.322936591,0.322936591,0.322936591,0.000000000,0.000000000,0.322936591,0.322936591,0.322936591,0.322936591,0.000000000,0.000000000
9.200000000,-0.072263051,0.000000000,0.000000000,1.050000000,0.000000000,0.000000000,0.000000000,0.072263051,0.000000000,0.000000000,1.050000000,0.000000000,0.000000000,0.000000000,0.287500000,0.287500000,0.287500000,0.287500000,0.000000000,0.000000000,0.287500000,0.287500000,0.287500000,0.287500000,0.000000000,0.000000000
9.220000000,-0.070605590,0.000000000,0.000000000,1.050000000,0.000000000,0.000000000,0.000000000,0.070605590,0.000000000,0.000000000,1.050000000,0.000000000,0.000000000,0.000000000,0.253464081,0.253464081,0.253464081,0.253464081,0.000000000,0.000000000,0.253464081,0.253464081,0.253464081,0.253464081,0.000000000,0.000000000
9.240000000,-0.068936979,0.000000000,0.000000000,1.050000000,0.000000000,0.000000000,0.000000000,0.068936979,0.000000000,0.000000000,1.050000000,0.000000000,0.000000000,0.000000000,0.220994652,0.220994652,0.220994652,0.220994652,0.000000000,0.000000000,0.220994652,0.220994652,0.220994652,0.220994652,0.000000000,0.000000000
9.260000000,-0.067257482,0.000000000,0.000000000,1.050000000,0.000000000,0.000000000,0.000000000,0.067257482,0.000000000,0.000000000,1.050000000,0.000000000,0.000000000,0.000000000,0.190249901,0.190249901,0.190249901,0.190249901,0.000000000,0.000000000,0.190249901,0.190249901,0.190249901,0.190249901,0.000000000,0.000000000
9.280000000,-0.065567365,0.000000000,0.000000000,1.050000000,0.000000000,0.000000000,0.000000000,0.065567365,0.000000000,0.000000000,1.050000000,0.000000000,0.000000000,0.000000000,0.161379615,0.161379615,0.161379615,0.161379615,0.000000000,0.000000000,0.161379615,0.161379615,0.161379615,0.161379615,0.000000000,0.000000000
9.300000000,-0.063866894,0.000000000,0.000000000,1.050000000,0.000000000,0.000000000,0.000000000,0.063866894,0.000000000,0.000000000,1.050000000,0.000000000,0.000000000,0.000000000,0.134524445,0.134524445,0.134524445,0.134524445,0.000000000,0.000000000,0.134524445,0.134524445,0.134524445,0.134524445,0.000000000,0.000000000
9.320000000,-0.062156337,0.000000000,0.000000000,1.050000000,0.000000000,0.000000000,0.000000000,0.062156337,0.000000000,0.000000000,1.050000000,0.000000000,0.000000000,0.000000000,0.109815228,0.109815228,0.109815228,0.109815228,0.000000000,0.000000000,0.109815228,0.109815228,0.109815228,0.109815228,0.000000000,0.000000000
9.340000000,-0.060435965,0.000000000,0.000000000,1.050000000,0.000000000,0.000000000,0.000000000,0.060435965,0.000000000,0.000000000,1.050000000,0.000000000,0.000000000,0.000000000,0.087372345,0.087372345,0.087372345,0.087372345,0.000000000,0.000000000,0.087372345,0.087372345,0.087372345,0.087372345,0.000000000,0.000000000
9.360000000,-0.058706050,0.000000000,0.000000000,1.050000000,0.000000000,0.000000000,0.000000000,0.058706050,0.000000000,0.000000000,1.050000000,0.000000000,0.000000000,0.000000000,0.067305134,0.067305134,0.067305134,0.067305134,0.000000000,0.000000000,0.067305134,0.067305134,0.067305134,0.067305134,0.000000000,0.000000000
9.380000000,-0.056966864,0.000000000,0.000000000,1.050000000,0.000000000,0.000000000,0.000000000,0.056966864,0.000000000,0.000000000,1.050000000,0.000000000,0.000000000,0.000000000,0.049711362,0.049711362,0.049711362,0.049711362,0.000000000,0.000000000,0.049711362,0.049711362,0.049711362,0.049711362,0.000000000,0.000000000
9.400000000,-0.055218683,0.000000000,0.000000000,1.050000000,0.000000000,0.000000000,0.000000000,0.055218683,0.000000000,0.000000000,1.050000000,0.000000000,0.000000000,0.000000000,0.034676743,0.034676743,0.034676743,0.034676743,0.000000000,0.000000000,0.034676743,0.034676743,0.034676743,0.034676743,0.000000000,0.000000000
9.420000000,-0.053461782,0.000000000,0.000000000,1.050000000,0.000000000,0.000000000,0.000000000,0.053461782,0.000000000,0.000000000,1.050000000,0.000000000,0.000000000,0.000000000,0.022274525,0.022274525,0.022274525,0.022274525,0.000000000,0.000000000,0.022274525,0.022274525,0.022274525,0.022274525,0.000000000,0.000000000
9.440000000,-0.051696438,0.000000000,0.000000000,1.050000000,0.000000000,0.000000000,0.000000000,0.051696438,0.000000000,0.000000000,1.050000000,0.000000000,0.000000000,0.000000000,0.012565130,0.012565130,0.012565130,0.012565130,0.000000000,0.000000000,0.012565130,0.012565130,0.012565130,0.012565130,0.000000000,0.000000000
9.460000000,-0.049922932,0.000000000,0.000000000,1.050000000,0.000000000,0.000000000,0.000000000,0.049922932,0.000000000,0.000000000,1.050000000,0.000000000,0.000000000,0.000000000,0.005595860,0.005595860,0.005595860,0.005595860,0.000000000,0.000000000,0.005595860,0.005595860,0.005595860,0.005595860,0.000000000,0.000000000
9.480000000,-0.048141541,0.000000000,0.000000000,1.050000000,0.000000000,0.000000000,0.000000000,0.048141541,0.000000000,0.000000000,1.050000000,0.000000000,0.000000000,0.000000000,0.001400671,0.001400671,0.001400671,0.001400671,0.000000000,0.000000000,0.001400671,0.001400671,0.001400671,0.001400671,0.000000000,0.000000000
9.500000000,-0.046352549,0.000000000,0.000000000,1.050000000,0.000000000,0.000000000,0.000000000,0.046352549,0.000000000,0.000000000,1.050000000,0.000000000,0.000000000,0.000000000,0.000000000,0.000000000,0.000000000,0.000000000,0.000000000,0.000000000,0.000000000,0.000000000,0.000000000,0.000000000,0.000000000,0.000000000
9.520000000,-0.044556237,0.000000000,0.000000000,1.050000000,0.000000000,0.000000000,0.000000000,0.044556237,0.000000000,0.000000000,1.050000000,0.000000000,0.000000000,0.000000000,0.000000000,0.000000000,0.000000000,0.000000000,0.000000000,0.000000000,0.000000000,0.000000000,0.000000000,0.000000000,0.000000000,0.000000000
9.540000000,-0.042752889,0.000000000,0.000000000,1.050000000,0.000000000,0.000000000,0.000000000,0.042752889,0.000000000,0.000000000,1.050000000,0.000000000,0.000000000,0.000000000,0.000000000,0.000000000,0.000000000,0.000000000,0.000000000,0.000000000,0.000000000,0.000000000,0.000000000,0.000000000,0.000000000,0.000000000
9.560000000,-0.040942790,0.000000000,0.000000000,1.050000000,0.000000000,0.000000000,0.000000000,0.040942790,0.000000000,0.000000000,1.050000000,0.000000000,0.000000000,0.000000000,0.000000000,0.000000000,0.000000000,0.000000000,0.000000000,0.000000000,0.000000000,0.000000000,0.000000000,0.000000000,0.000000000,0.000000000
9.580000000,-0.039126226,0.000000000,0.000000000,1.050000000,0.000000000,0.000000000,0.000000000,0.039126226,0.000000000,0.000000000,1.050000000,0.000000000,0.000000000,0.000000000,0.000000000,0.000000000,0.000000000,0.000000000,0.000000000,0.000000000,0.000000000,0.000000000,0.000000000,0.000000000,0.000000000,0.000000000
9.600000000,-0.037303483,0.000000000,0.000000000,1.050000000,0.000000000,0.000000000,0.000000000,0.037303483,0.000000000,0.000000000,1.050000000,0.000000000,0.000000000,0.000000000,0.000000000,0.000000000,0.000000000,0.000000000,0.000000000,0.000000000,0.000000000,0.000000000,0.000000000,0.000000000,0.000000000,0.000000000
9.620000000,-0.035474850,0.000000000,0.000000000,1.050000000,0.000000000,0.000000000,0.000000000,0.035474850,0.000000000,0.000000000,1.050000000,0.000000000,0.000000000,0.000000000,0.000000000,0.000000000,0.000000000,0.000000000,0.000000000,0.000000000,0.000000000,0.000000000,0.000000000,0.000000000,0.000000000,0.000000000
9.640000000,-0.033640614,0.000000000,0.000000000,1.050000000,0.000000000,0.000000000,0.000000000,0.033640614,0.000000000,0.000000000,1.050000000,0.000000000,0.000000000,0.000000000,0.000000000,0.000000000,0.000000000,0.000000000,0.000000000,0.000000000,0.000000000,0.000000000,0.000000000,0.000000000,0.000000000,0.000000000
9.660000000,-0.031801066,0.000000000,0.000000000,1.050000000,0.000000000,0.000000000,0.000000000,0.031801066,0.000000000,0.000000000,1.050000000,0.000000000,0.000000000,0.000000000,0.000000000,0.000000000,0.000000000,0.000000000,0.000000000,0.000000000,0.000000000,0.000000000,0.000000000,0.000000000,0.000000000,0.000000000
9.680000000,-0.029956497,0.000000000,0.000000000,1.050000000,0.000000000,0.000000000,0.000000000,0.029956497,0.000000000,0.000000000,1.050000000,0.000000000,0.000000000,0.000000000,0.000000000,0.000000000,0.000000000,0.000000000,0.000000000,0.000000000,0.000000000,0.000000000,0.000000000,0.000000000,0.000000000,0.000000000
9.700000000,-0.028107197,0.000000000,0.000000000,1.050000000,0.000000000,0.000000000,0.000000000,0.028107197,0.000000000,0.000000000,1.050000000,0.000000000,0.000000000,0.000000000,0.000000000,0.000000000,0.000000000,0.000000000,0.000000000,0.000000000,0.000000000,0.000000000,0.000000000,0.000000000,0.000000000,0.000000000
9.720000000,-0.026253459,0.000000000,0.000000000,1.050000000,0.000000000,0.000000000,0.000000000,0.026253459,0.000000000,0.000000000,1.050000000,0.000000000,0.000000000,0.000000000,0.000000000,0.000000000,0.000000000,0.000000000,0.000000000,0.000000000,0.000000000,0.000000000,0.000000000,0.000000000,0.000000000,0.000000000
9.740000000,-0.024395575,0.000000000,0.000000000,1.050000000,0.000000000,0.000000000,0.000000000,0.024395575,0.000000000,0.000000000,1.050000000,0.000000000,0.000000000,0.000000000,0.000000000,0.000000000,0.000000000,0.000000000,0.000000000,0.000000000,0.000000000,0.000000000,0.000000000,0.000000000,0.000000000,0.000000000
9.760000000,-0.022533838,0.000000000,0.000000000,1.050000000,0.000000000,0.000000000,0.000000000,0.022533838,0.000000000,0.000000000,1.050000000,0.000000000,0.000000000,0.000000000,0.000000000,0.000000000,0.000000000,0.000000000,0.000000000,0.000000000,0.000000000,0.000000000,0.000000000,0.000000000,0.000000000,0.000000000
9.780000000,-0.020668544,0.000000000,0.000000000,1.050000000,0.000000000,0.000000000,0.000000000,0.020668544,0.000000000,0.000000000,1.050000000,0.000000000,0.000000000,0.000000000,0.000000000,0.000000000,0.000000000,0.000000000,0.000000000,0.000000000,0.000000000,0.000000000,0.000000000,0.000000000,0.000000000,0.000000000
9.800000000,-0.018799985,0.000000000,0.000000000,1.050000000,0.000000000,0.000000000,0.000000000,0.018799985,0.000000000,0.000000000,1.050000000,0.000000000,0.000000000,0.000000000,0.000000000,0.000000000,0.000000000,0.000000000,0.000000000,0.000000000,0.000000000,0.000000000,0.000000000,0.000000000,0.000000000,0.000000000
9.820000000,-0.016928458,0.000000000,0.000000000,1.050000000,0.000000000,0.000000000,0.000000000,0.016928458,0.000000000,0.000000000,1.050000000,0.000000000,0.000000000,0.000000000,0.000000000,0.000000000,0.000000000,0.000000000,0.000000000,0.000000000,0.000000000,0.000000000,0.000000000,0.000000000,0.000000000,0.000000000
9.840000000,-0.015054257,0.000000000,0.000000000,1.050000000,0.000000000,0.000000000,0.000000000,0.015054257,0.000000000,0.000000000,1.050000000,0.000000000,0.000000000,0.000000000,0.000000000,0.000000000,0.000000000,0.000000000,0.000000000,0.000000000,0.000000000,0.000000000,0.000000000,0.000000000,0.000000000,0.000000000
9.860000000,-0.013177679,0.000000000,0.000000000,1.050000000,0.000000000,0.000000000,0.000000000,0.013177679,0.000000000,0.000000000,1.050000000,0.000000000,0.000000000,0.000000000,0.000000000,0.000000000,0.000000000,0.000000000,0.000000000,0.000000000,0.000000000,0.000000000,0.000000000,0.000000000,0.000000000,0.000000000
9.880000000,-0.011299021,0.000000000,0.000000000,1.050000000,0.000000000,0.000000000,0.000000000,0.011299021,0.000000000,0.000000000,1.050000000,0.000000000,0.000000000,0.000000000,0.000000000,0.000000000,0.000000000,0.000000000,0.000000000,0.000000000,0.000000000,0.000000000,0.000000000,0.000000000,0.000000000,0.000000000
9.900000000,-0.009418578,0.000000000,0.000000000,1.050000000,0.000000000,0.000000000,0.000000000,0.009418578,0.000000000,0.000000000,1.050000000,0.000000000,0.000000000,0.000000000,0.000000000,0.000000000,0.000000000,0.000000000,0.000000000,0.000000000,0.000000000,0.000000000,0.000000000,0.000000000,0.000000000,0.000000000
9.920000000,-0.007536648,0.000000000,0.000000000,1.050000000,0.000000000,0.000000000,0.000000000,0.007536648,0.000000000,0.000000000,1.050000000,0.000000000,0.000000000,0.000000000,0.000000000,0.000000000,0.000000000,0.000000000,0.000000000,0.000000000,0.000000000,0.000000000,0.000000000,0.000000000,0.000000000,0.000000000
9.940000000,-0.005653527,0.000000000,0.000000000,1.050000000,0.000000000,0.000000000,0.000000000,0.005653527,0.000000000,0.000000000,1.050000000,0.000000000,0.000000000,0.000000000,0.000000000,0.000000000,0.000000000,0.000000000,0.000000000,0.000000000,0.000000000,0.000000000,0.000000000,0.000000000,0.000000000,0.000000000
9.960000000,-0.003769514,0.000000000,0.000000000,1.050000000,0.000000000,0.000000000,0.000000000,0.003769514,0.000000000,0.000000000,1.050000000,0.000000000,0.000000000,0.000000000,0.000000000,0.000000000,0.000000000,0.000000000,0.000000000,0.000000000,0.000000000,0.000000000,0.000000000,0.000000000,0.000000000,0.000000000
9.980000000,-0.001884906,0.000000000,0.000000000,1.050000000,0.000000000,0.000000000,0.000000000,0.001884906,0.000000000,0.000000000,1.050000000,0.000000000,0.000000000,0.000000000,0.000000000,0.000000000,0.000000000,0.000000000,0.000000000,0.000000000,0.000000000,0.000000000,0.000000000,0.000000000,0.000000000,0.000000000
10.000000000,-0.000000000,0.000000000,0.000000000,1.050000000,0.000000000,0.000000000,0.000000000,0.000000000,0.000000000,0.000000000,1.050000000,0.000000000,0.000000000,0.000000000,0.000000000,0.000000000,0.000000000,0.000000000,0.000000000,0.000000000,0.000000000,0.000000000,0.000000000,0.000000000,0.000000000,0.000000000
