# https://github.com/mikedh/trimesh
v -6.00000000 34.50000000 558.50000000
v -5.99254131 34.50000000 558.79907227
v -6.00000000 20.50000000 558.50000000
v -5.99254131 20.50000000 558.79907227
v -5.97018480 34.50000000 559.09741211
v -5.97018480 20.50000000 559.09741211
v -5.93298483 34.50000000 559.39428711
v -5.93298483 20.50000000 559.39428711
v -5.88103485 20.50000000 559.68890381
v -5.88103485 34.50000000 559.68890381
v -5.81446362 34.50000000 559.98059082
v -5.81446362 20.50000000 559.98059082
v -5.73343706 34.50000000 560.26855469
v -5.73343706 20.50000000 560.26855469
v -5.63815594 20.50000000 560.55212402
v -5.63815594 34.50000000 560.55212402
v -5.52885723 34.50000000 560.83062744
v -5.52885723 20.50000000 560.83062744
v -5.40581322 34.50000000 561.10333252
v -5.40581322 20.50000000 561.10333252
v -5.26932955 34.50000000 561.36956787
v -5.26932955 20.50000000 561.36956787
v -5.11974525 34.50000000 561.62866211
v -5.11974525 20.50000000 561.62866211
v -4.95743275 34.50000000 561.87994385
v -4.95743275 20.50000000 561.87994385
v -4.78279495 34.50000000 562.12286377
v -4.78279495 20.50000000 562.12286377
v -4.59626675 34.50000000 562.35675049
v -4.59626675 20.50000000 562.35675049
v -4.39831114 34.50000000 562.58105469
v -4.39831114 20.50000000 562.58105469
v -4.18942070 34.50000000 562.79522705
v -4.18942070 20.50000000 562.79522705
v -3.97011495 34.50000000 562.99871826
v -3.97011495 20.50000000 562.99871826
v -3.74093890 34.50000000 563.19104004
v -3.74093890 20.50000000 563.19104004
v -3.50246215 34.50000000 563.37164307
v -3.50246215 20.50000000 563.37164307
v -3.25527763 20.50000000 563.54016113
v -3.25527763 34.50000000 563.54016113
v -3.00000000 20.50000000 563.69616699
v -3.00000000 34.50000000 563.69616699
v -2.73726392 34.50000000 563.83923340
v -2.73726392 20.50000000 563.83923340
v -2.46772265 34.50000000 563.96905518
v -2.46772265 20.50000000 563.96905518
v -2.19204617 34.50000000 564.08526611
v -2.19204617 20.50000000 564.08526611
v -1.91091990 34.50000000 564.18756104
v -1.91091990 20.50000000 564.18756104
v -1.62504280 34.50000000 564.27575684
v -1.62504280 20.50000000 564.27575684
v -1.33512557 34.50000000 564.34960938
v -1.33512557 20.50000000 564.34960938
v -1.04188907 20.50000000 564.40887451
v -1.04188907 34.50000000 564.40887451
v -0.74606222 34.50000000 564.45343018
v -0.74606222 20.50000000 564.45343018
v -0.44838056 34.50000000 564.48327637
v -0.44838056 20.50000000 564.48327637
v -0.14958414 34.50000000 564.49816895
v -0.14958414 20.50000000 564.49816895
v 0.14958414 34.50000000 564.49816895
v 0.14958414 20.50000000 564.49816895
v 0.44838056 34.50000000 564.48327637
v 0.44838056 20.50000000 564.48327637
v 0.74606222 34.50000000 564.45343018
v 0.74606222 20.50000000 564.45343018
v 1.04188907 34.50000000 564.40887451
v 1.04188907 20.50000000 564.40887451
v 1.33512557 34.50000000 564.34960938
v 1.33512557 20.50000000 564.34960938
v 1.62504280 34.50000000 564.27575684
v 1.62504280 20.50000000 564.27575684
v 1.91091990 34.50000000 564.18756104
v 1.91091990 20.50000000 564.18756104
v 2.19204617 34.50000000 564.08526611
v 2.19204617 20.50000000 564.08526611
v 2.46772265 34.50000000 563.96905518
v 2.46772265 20.50000000 563.96905518
v 2.73726392 34.50000000 563.83923340
v 2.73726392 20.50000000 563.83923340
v 3.00000000 34.50000000 563.69616699
v 3.00000000 20.50000000 563.69616699
v 3.25527763 34.50000000 563.54016113
v 3.25527763 20.50000000 563.54016113
v 3.50246215 34.50000000 563.37164307
v 3.50246215 20.50000000 563.37164307
v 3.74093890 34.50000000 563.19104004
v 3.74093890 20.50000000 563.19104004
v 3.97011495 20.50000000 562.99871826
v 3.97011495 34.50000000 562.99871826
v 4.18942070 34.50000000 562.79522705
v 4.18942070 20.50000000 562.79522705
v 4.39831114 34.50000000 562.58105469
v 4.39831114 20.50000000 562.58105469
v 4.59626675 34.50000000 562.35675049
v 4.59626675 20.50000000 562.35675049
v 4.78279495 34.50000000 562.12286377
v 4.78279495 20.50000000 562.12286377
v 4.95743275 34.50000000 561.87994385
v 4.95743275 20.50000000 561.87994385
v 5.11974525 34.50000000 561.62866211
v 5.11974525 20.50000000 561.62866211
v 5.26932955 20.50000000 561.36956787
v 5.26932955 34.50000000 561.36956787
v 5.40581322 34.50000000 561.10333252
v 5.40581322 20.50000000 561.10333252
v 5.52885723 20.50000000 560.83062744
v 5.52885723 34.50000000 560.83062744
v 5.63815594 20.50000000 560.55212402
v 5.63815594 34.50000000 560.55212402
v 5.73343706 34.50000000 560.26855469
v 5.73343706 20.50000000 560.26855469
v 5.81446362 20.50000000 559.98059082
v 5.81446362 34.50000000 559.98059082
v 5.88103485 34.50000000 559.68890381
v 5.88103485 20.50000000 559.68890381
v 5.93298483 34.50000000 559.39428711
v 5.93298483 20.50000000 559.39428711
v 5.97018480 34.50000000 559.09741211
v 5.97018480 20.50000000 559.09741211
v 5.99254131 34.50000000 558.79907227
v 5.99254131 20.50000000 558.79907227
v 6.00000000 20.50000000 558.50000000
v 6.00000000 34.50000000 558.50000000
v 5.99254131 20.50000000 558.20092773
v 5.99254131 34.50000000 558.20092773
v 5.97018480 34.50000000 557.90258789
v 5.97018480 20.50000000 557.90258789
v 5.93298483 34.50000000 557.60577393
v 5.93298483 20.50000000 557.60577393
v 5.88103485 34.50000000 557.31115723
v 5.88103485 20.50000000 557.31115723
v 5.81446362 34.50000000 557.01947021
v 5.81446362 20.50000000 557.01947021
v 5.73343706 34.50000000 556.73150635
v 5.73343706 20.50000000 556.73150635
v 5.63815594 20.50000000 556.44787598
v 5.63815594 34.50000000 556.44787598
v 5.52885723 20.50000000 556.16943359
v 5.52885723 34.50000000 556.16943359
v 5.40581322 20.50000000 555.89672852
v 5.40581322 34.50000000 555.89672852
v 5.26932955 20.50000000 555.63049316
v 5.26932955 34.50000000 555.63049316
v 5.11974525 20.50000000 555.37139893
v 5.11974525 34.50000000 555.37139893
v 4.95743275 34.50000000 555.12011719
v 4.95743275 20.50000000 555.12011719
v 4.78279495 34.50000000 554.87719727
v 4.78279495 20.50000000 554.87719727
v 4.59626675 20.50000000 554.64331055
v 4.59626675 34.50000000 554.64331055
v 4.39831114 34.50000000 554.41900635
v 4.39831114 20.50000000 554.41900635
v 4.18942070 20.50000000 554.20483398
v 4.18942070 34.50000000 554.20483398
v 3.97011495 34.50000000 554.00134277
v 3.97011495 20.50000000 554.00134277
v 3.74093890 34.50000000 553.80902100
v 3.74093890 20.50000000 553.80902100
v 3.50246215 34.50000000 553.62841797
v 3.50246215 20.50000000 553.62841797
v 3.25527763 34.50000000 553.45989990
v 3.25527763 20.50000000 553.45989990
v 3.00000000 20.50000000 553.30389404
v 3.00000000 34.50000000 553.30389404
v 2.73726392 34.50000000 553.16076660
v 2.73726392 20.50000000 553.16076660
v 2.46772265 34.50000000 553.03100586
v 2.46772265 20.50000000 553.03100586
v 2.19204617 34.50000000 552.91479492
v 2.19204617 20.50000000 552.91479492
v 1.91091990 34.50000000 552.81243896
v 1.91091990 20.50000000 552.81243896
v 1.62504280 34.50000000 552.72430420
v 1.62504280 20.50000000 552.72430420
v 1.33512557 20.50000000 552.65045166
v 1.33512557 34.50000000 552.65045166
v 1.04188907 20.50000000 552.59118652
v 1.04188907 34.50000000 552.59118652
v 0.74606222 34.50000000 552.54656982
v 0.74606222 20.50000000 552.54656982
v 0.44838056 20.50000000 552.51678467
v 0.44838056 34.50000000 552.51678467
v 0.14958414 34.50000000 552.50189209
v 0.14958414 20.50000000 552.50189209
v -0.14958414 20.50000000 552.50189209
v -0.14958414 34.50000000 552.50189209
v -0.44838056 34.50000000 552.51678467
v -0.44838056 20.50000000 552.51678467
v -0.74606222 20.50000000 552.54656982
v -0.74606222 34.50000000 552.54656982
v -1.04188907 34.50000000 552.59118652
v -1.04188907 20.50000000 552.59118652
v -1.33512557 34.50000000 552.65045166
v -1.33512557 20.50000000 552.65045166
v -1.62504280 34.50000000 552.72430420
v -1.62504280 20.50000000 552.72430420
v -1.91091990 34.50000000 552.81243896
v -1.91091990 20.50000000 552.81243896
v -2.19204617 34.50000000 552.91479492
v -2.19204617 20.50000000 552.91479492
v -2.46772265 34.50000000 553.03100586
v -2.46772265 20.50000000 553.03100586
v -2.73726392 34.50000000 553.16076660
v -2.73726392 20.50000000 553.16076660
v -3.00000000 20.50000000 553.30389404
v -3.00000000 34.50000000 553.30389404
v -3.25527763 34.50000000 553.45989990
v -3.25527763 20.50000000 553.45989990
v -3.50246215 34.50000000 553.62841797
v -3.50246215 20.50000000 553.62841797
v -3.74093890 34.50000000 553.80902100
v -3.74093890 20.50000000 553.80902100
v -3.97011495 34.50000000 554.00134277
v -3.97011495 20.50000000 554.00134277
v -4.18942070 34.50000000 554.20483398
v -4.18942070 20.50000000 554.20483398
v -4.39831114 20.50000000 554.41900635
v -4.39831114 34.50000000 554.41900635
v -4.59626675 34.50000000 554.64331055
v -4.59626675 20.50000000 554.64331055
v -4.78279495 34.50000000 554.87719727
v -4.78279495 20.50000000 554.87719727
v -4.95743275 20.50000000 555.12011719
v -4.95743275 34.50000000 555.12011719
v -5.11974525 34.50000000 555.37139893
v -5.11974525 20.50000000 555.37139893
v -5.26932955 20.50000000 555.63049316
v -5.26932955 34.50000000 555.63049316
v -5.40581322 34.50000000 555.89672852
v -5.40581322 20.50000000 555.89672852
v -5.52885723 34.50000000 556.16943359
v -5.52885723 20.50000000 556.16943359
v -5.63815594 34.50000000 556.44787598
v -5.63815594 20.50000000 556.44787598
v -5.73343706 20.50000000 556.73150635
v -5.73343706 34.50000000 556.73150635
v -5.81446362 34.50000000 557.01947021
v -5.81446362 20.50000000 557.01947021
v -5.88103485 34.50000000 557.31115723
v -5.88103485 20.50000000 557.31115723
v -5.93298483 20.50000000 557.60577393
v -5.93298483 34.50000000 557.60577393
v -5.97018480 34.50000000 557.90258789
v -5.97018480 20.50000000 557.90258789
v -5.99254131 20.50000000 558.20092773
v -5.99254131 34.50000000 558.20092773
v -3.00000000 34.50000000 545.00000000
v -2.99627066 34.50000000 545.14953613
v -3.00000000 30.50000000 545.00000000
v -2.99627066 30.50000000 545.14953613
v -2.98509240 34.50000000 545.29870605
v -2.98509240 30.50000000 545.29870605
v -2.96649241 34.50000000 545.44714355
v -2.96649241 30.50000000 545.44714355
v -2.94051743 34.50000000 545.59448242
v -2.94051743 30.50000000 545.59448242
v -2.90723181 34.50000000 545.74029541
v -2.90723181 30.50000000 545.74029541
v -2.86671853 34.50000000 545.88427734
v -2.86671853 30.50000000 545.88427734
v -2.81907797 34.50000000 546.02606201
v -2.81907797 30.50000000 546.02606201
v -2.76442862 34.50000000 546.16534424
v -2.76442862 30.50000000 546.16534424
v -2.70290661 34.50000000 546.30169678
v -2.70290661 30.50000000 546.30169678
v -2.63466477 34.50000000 546.43481445
v -2.63466477 30.50000000 546.43481445
v -2.55987263 34.50000000 546.56433105
v -2.55987263 30.50000000 546.56433105
v -2.47871637 34.50000000 546.69000244
v -2.47871637 30.50000000 546.69000244
v -2.39139748 34.50000000 546.81146240
v -2.39139748 30.50000000 546.81146240
v -2.29813337 30.50000000 546.92840576
v -2.29813337 34.50000000 546.92840576
v -2.19915557 34.50000000 547.04052734
v -2.19915557 30.50000000 547.04052734
v -2.09471035 30.50000000 547.14764404
v -2.09471035 34.50000000 547.14764404
v -1.98505747 34.50000000 547.24938965
v -1.98505747 30.50000000 547.24938965
v -1.87046945 34.50000000 547.34552002
v -1.87046945 30.50000000 547.34552002
v -1.75123107 34.50000000 547.43585205
v -1.75123107 30.50000000 547.43585205
v -1.62763882 34.50000000 547.52008057
v -1.62763882 30.50000000 547.52008057
v -1.50000000 34.50000000 547.59808350
v -1.50000000 30.50000000 547.59808350
v -1.36863196 34.50000000 547.66961670
v -1.36863196 30.50000000 547.66961670
v -1.23386133 34.50000000 547.73455811
v -1.23386133 30.50000000 547.73455811
v -1.09602308 30.50000000 547.79266357
v -1.09602308 34.50000000 547.79266357
v -0.95545995 34.50000000 547.84381104
v -0.95545995 30.50000000 547.84381104
v -0.81252140 34.50000000 547.88787842
v -0.81252140 30.50000000 547.88787842
v -0.66756278 34.50000000 547.92480469
v -0.66756278 30.50000000 547.92480469
v -0.52094454 34.50000000 547.95446777
v -0.52094454 30.50000000 547.95446777
v -0.37303111 34.50000000 547.97674561
v -0.37303111 30.50000000 547.97674561
v -0.22419028 34.50000000 547.99163818
v -0.22419028 30.50000000 547.99163818
v -0.07479207 34.50000000 547.99908447
v -0.07479207 30.50000000 547.99908447
v 0.07479207 34.50000000 547.99908447
v 0.07479207 30.50000000 547.99908447
v 0.22419028 34.50000000 547.99163818
v 0.22419028 30.50000000 547.99163818
v 0.37303111 34.50000000 547.97674561
v 0.37303111 30.50000000 547.97674561
v 0.52094454 34.50000000 547.95446777
v 0.52094454 30.50000000 547.95446777
v 0.66756278 34.50000000 547.92480469
v 0.66756278 30.50000000 547.92480469
v 0.81252140 30.50000000 547.88787842
v 0.81252140 34.50000000 547.88787842
v 0.95545995 34.50000000 547.84381104
v 0.95545995 30.50000000 547.84381104
v 1.09602308 34.50000000 547.79266357
v 1.09602308 30.50000000 547.79266357
v 1.23386133 34.50000000 547.73455811
v 1.23386133 30.50000000 547.73455811
v 1.36863196 34.50000000 547.66961670
v 1.36863196 30.50000000 547.66961670
v 1.50000000 30.50000000 547.59808350
v 1.50000000 34.50000000 547.59808350
v 1.62763882 34.50000000 547.52008057
v 1.62763882 30.50000000 547.52008057
v 1.75123107 34.50000000 547.43585205
v 1.75123107 30.50000000 547.43585205
v 1.87046945 30.50000000 547.34552002
v 1.87046945 34.50000000 547.34552002
v 1.98505747 34.50000000 547.24938965
v 1.98505747 30.50000000 547.24938965
v 2.09471035 34.50000000 547.14764404
v 2.09471035 30.50000000 547.14764404
v 2.19915557 34.50000000 547.04052734
v 2.19915557 30.50000000 547.04052734
v 2.29813337 34.50000000 546.92840576
v 2.29813337 30.50000000 546.92840576
v 2.39139748 34.50000000 546.81146240
v 2.39139748 30.50000000 546.81146240
v 2.47871637 34.50000000 546.69000244
v 2.47871637 30.50000000 546.69000244
v 2.55987263 34.50000000 546.56433105
v 2.55987263 30.50000000 546.56433105
v 2.63466477 30.50000000 546.43481445
v 2.63466477 34.50000000 546.43481445
v 2.70290661 34.50000000 546.30169678
v 2.70290661 30.50000000 546.30169678
v 2.76442862 34.50000000 546.16534424
v 2.76442862 30.50000000 546.16534424
v 2.81907797 34.50000000 546.02606201
v 2.81907797 30.50000000 546.02606201
v 2.86671853 34.50000000 545.88427734
v 2.86671853 30.50000000 545.88427734
v 2.90723181 34.50000000 545.74029541
v 2.90723181 30.50000000 545.74029541
v 2.94051743 34.50000000 545.59448242
v 2.94051743 30.50000000 545.59448242
v 2.96649241 30.50000000 545.44714355
v 2.96649241 34.50000000 545.44714355
v 2.98509240 30.50000000 545.29870605
v 2.98509240 34.50000000 545.29870605
v 2.99627066 34.50000000 545.14953613
v 2.99627066 30.50000000 545.14953613
v 3.00000000 34.50000000 545.00000000
v 3.00000000 30.50000000 545.00000000
v 2.99627066 34.50000000 544.85046387
v 2.99627066 30.50000000 544.85046387
v 2.98509240 34.50000000 544.70129395
v 2.98509240 30.50000000 544.70129395
v 2.96649241 34.50000000 544.55291748
v 2.96649241 30.50000000 544.55291748
v 2.94051743 34.50000000 544.40557861
v 2.94051743 30.50000000 544.40557861
v 2.90723181 34.50000000 544.25976562
v 2.90723181 30.50000000 544.25976562
v 2.86671853 34.50000000 544.11578369
v 2.86671853 30.50000000 544.11578369
v 2.81907797 30.50000000 543.97393799
v 2.81907797 34.50000000 543.97393799
v 2.76442862 34.50000000 543.83471680
v 2.76442862 30.50000000 543.83471680
v 2.70290661 30.50000000 543.69836426
v 2.70290661 34.50000000 543.69836426
v 2.63466477 30.50000000 543.56524658
v 2.63466477 34.50000000 543.56524658
v 2.55987263 34.50000000 543.43572998
v 2.55987263 30.50000000 543.43572998
v 2.47871637 30.50000000 543.31005859
v 2.47871637 34.50000000 543.31005859
v 2.39139748 34.50000000 543.18859863
v 2.39139748 30.50000000 543.18859863
v 2.29813337 30.50000000 543.07165527
v 2.29813337 34.50000000 543.07165527
v 2.19915557 34.50000000 542.95953369
v 2.19915557 30.50000000 542.95953369
v 2.09471035 30.50000000 542.85241699
v 2.09471035 34.50000000 542.85241699
v 1.98505747 34.50000000 542.75067139
v 1.98505747 30.50000000 542.75067139
v 1.87046945 30.50000000 542.65454102
v 1.87046945 34.50000000 542.65454102
v 1.75123107 34.50000000 542.56420898
v 1.75123107 30.50000000 542.56420898
v 1.62763882 30.50000000 542.47991943
v 1.62763882 34.50000000 542.47991943
v 1.50000000 34.50000000 542.40197754
v 1.50000000 30.50000000 542.40197754
v 1.36863196 34.50000000 542.33038330
v 1.36863196 30.50000000 542.33038330
v 1.23386133 34.50000000 542.26550293
v 1.23386133 30.50000000 542.26550293
v 1.09602308 34.50000000 542.20739746
v 1.09602308 30.50000000 542.20739746
v 0.95545995 34.50000000 542.15625000
v 0.95545995 30.50000000 542.15625000
v 0.81252140 30.50000000 542.11218262
v 0.81252140 34.50000000 542.11218262
v 0.66756278 34.50000000 542.07525635
v 0.66756278 30.50000000 542.07525635
v 0.52094454 34.50000000 542.04559326
v 0.52094454 30.50000000 542.04559326
v 0.37303111 30.50000000 542.02331543
v 0.37303111 34.50000000 542.02331543
v 0.22419028 30.50000000 542.00842285
v 0.22419028 34.50000000 542.00842285
v 0.07479207 34.50000000 542.00097656
v 0.07479207 30.50000000 542.00097656
v -0.07479207 34.50000000 542.00097656
v -0.07479207 30.50000000 542.00097656
v -0.22419028 34.50000000 542.00842285
v -0.22419028 30.50000000 542.00842285
v -0.37303111 34.50000000 542.02331543
v -0.37303111 30.50000000 542.02331543
v -0.52094454 34.50000000 542.04559326
v -0.52094454 30.50000000 542.04559326
v -0.66756278 34.50000000 542.07525635
v -0.66756278 30.50000000 542.07525635
v -0.81252140 34.50000000 542.11218262
v -0.81252140 30.50000000 542.11218262
v -0.95545995 30.50000000 542.15625000
v -0.95545995 34.50000000 542.15625000
v -1.09602308 34.50000000 542.20739746
v -1.09602308 30.50000000 542.20739746
v -1.23386133 34.50000000 542.26550293
v -1.23386133 30.50000000 542.26550293
v -1.36863196 30.50000000 542.33038330
v -1.36863196 34.50000000 542.33038330
v -1.50000000 30.50000000 542.40197754
v -1.50000000 34.50000000 542.40197754
v -1.62763882 34.50000000 542.47991943
v -1.62763882 30.50000000 542.47991943
v -1.75123107 34.50000000 542.56420898
v -1.75123107 30.50000000 542.56420898
v -1.87046945 30.50000000 542.65454102
v -1.87046945 34.50000000 542.65454102
v -1.98505747 34.50000000 542.75067139
v -1.98505747 30.50000000 542.75067139
v -2.09471035 34.50000000 542.85241699
v -2.09471035 30.50000000 542.85241699
v -2.19915557 30.50000000 542.95953369
v -2.19915557 34.50000000 542.95953369
v -2.29813337 34.50000000 543.07165527
v -2.29813337 30.50000000 543.07165527
v -2.39139748 30.50000000 543.18859863
v -2.39139748 34.50000000 543.18859863
v -2.47871637 34.50000000 543.31005859
v -2.47871637 30.50000000 543.31005859
v -2.55987263 30.50000000 543.43572998
v -2.55987263 34.50000000 543.43572998
v -2.63466477 34.50000000 543.56524658
v -2.63466477 30.50000000 543.56524658
v -2.70290661 34.50000000 543.69836426
v -2.70290661 30.50000000 543.69836426
v -2.76442862 34.50000000 543.83471680
v -2.76442862 30.50000000 543.83471680
v -2.81907797 34.50000000 543.97393799
v -2.81907797 30.50000000 543.97393799
v -2.86671853 30.50000000 544.11578369
v -2.86671853 34.50000000 544.11578369
v -2.90723181 30.50000000 544.25976562
v -2.90723181 34.50000000 544.25976562
v -2.94051743 30.50000000 544.40557861
v -2.94051743 34.50000000 544.40557861
v -2.96649241 34.50000000 544.55291748
v -2.96649241 30.50000000 544.55291748
v -2.98509240 30.50000000 544.70129395
v -2.98509240 34.50000000 544.70129395
v -2.99627066 34.50000000 544.85046387
v -2.99627066 30.50000000 544.85046387
v 8.69134331 34.50000000 551.75000000
v 8.69507217 34.50000000 551.89953613
v 8.69134331 30.50000000 551.75000000
v 8.69507217 30.50000000 551.89953613
v 8.70625019 34.50000000 552.04870605
v 8.70625019 30.50000000 552.04870605
v 8.72485065 34.50000000 552.19714355
v 8.72485065 30.50000000 552.19714355
v 8.75082588 34.50000000 552.34448242
v 8.75082588 30.50000000 552.34448242
v 8.78411102 34.50000000 552.49029541
v 8.78411102 30.50000000 552.49029541
v 8.82462406 34.50000000 552.63427734
v 8.82462406 30.50000000 552.63427734
v 8.87226486 34.50000000 552.77606201
v 8.87226486 30.50000000 552.77606201
v 8.92691422 34.50000000 552.91534424
v 8.92691422 30.50000000 552.91534424
v 8.98843670 34.50000000 553.05169678
v 8.98843670 30.50000000 553.05169678
v 9.05667782 34.50000000 553.18481445
v 9.05667782 30.50000000 553.18481445
v 9.13147068 34.50000000 553.31433105
v 9.13147068 30.50000000 553.31433105
v 9.21262646 34.50000000 553.44000244
v 9.21262646 30.50000000 553.44000244
v 9.29994583 34.50000000 553.56146240
v 9.29994583 30.50000000 553.56146240
v 9.39320946 30.50000000 553.67840576
v 9.39320946 34.50000000 553.67840576
v 9.49218750 34.50000000 553.79052734
v 9.49218750 30.50000000 553.79052734
v 9.59663296 30.50000000 553.89764404
v 9.59663296 34.50000000 553.89764404
v 9.70628548 34.50000000 553.99938965
v 9.70628548 30.50000000 553.99938965
v 9.82087326 34.50000000 554.09552002
v 9.82087326 30.50000000 554.09552002
v 9.94011211 34.50000000 554.18585205
v 9.94011211 30.50000000 554.18585205
v 10.06370449 34.50000000 554.27008057
v 10.06370449 30.50000000 554.27008057
v 10.19134331 34.50000000 554.34808350
v 10.19134331 30.50000000 554.34808350
v 10.32271099 34.50000000 554.41961670
v 10.32271099 30.50000000 554.41961670
v 10.45748138 34.50000000 554.48455811
v 10.45748138 30.50000000 554.48455811
v 10.59531975 30.50000000 554.54266357
v 10.59531975 34.50000000 554.54266357
v 10.73588276 34.50000000 554.59381104
v 10.73588276 30.50000000 554.59381104
v 10.87882137 34.50000000 554.63787842
v 10.87882137 30.50000000 554.63787842
v 11.02377987 34.50000000 554.67480469
v 11.02377987 30.50000000 554.67480469
v 11.17039871 34.50000000 554.70446777
v 11.17039871 30.50000000 554.70446777
v 11.31831169 34.50000000 554.72674561
v 11.31831169 30.50000000 554.72674561
v 11.46715260 34.50000000 554.74163818
v 11.46715260 30.50000000 554.74163818
v 11.61655045 34.50000000 554.74908447
v 11.61655045 30.50000000 554.74908447
v 11.76613522 34.50000000 554.74908447
v 11.76613522 30.50000000 554.74908447
v 11.91553307 34.50000000 554.74163818
v 11.91553307 30.50000000 554.74163818
v 12.06437397 34.50000000 554.72674561
v 12.06437397 30.50000000 554.72674561
v 12.21228790 34.50000000 554.70446777
v 12.21228790 30.50000000 554.70446777
v 12.35890579 34.50000000 554.67480469
v 12.35890579 30.50000000 554.67480469
v 12.50386429 30.50000000 554.63787842
v 12.50386429 34.50000000 554.63787842
v 12.64680290 34.50000000 554.59381104
v 12.64680290 30.50000000 554.59381104
v 12.78736591 34.50000000 554.54266357
v 12.78736591 30.50000000 554.54266357
v 12.92520428 34.50000000 554.48455811
v 12.92520428 30.50000000 554.48455811
v 13.05997467 34.50000000 554.41961670
v 13.05997467 30.50000000 554.41961670
v 13.19134331 30.50000000 554.34808350
v 13.19134331 34.50000000 554.34808350
v 13.31898212 34.50000000 554.27008057
v 13.31898212 30.50000000 554.27008057
v 13.44257355 34.50000000 554.18585205
v 13.44257355 30.50000000 554.18585205
v 13.56181240 30.50000000 554.09552002
v 13.56181240 34.50000000 554.09552002
v 13.67640018 34.50000000 553.99938965
v 13.67640018 30.50000000 553.99938965
v 13.78605366 34.50000000 553.89764404
v 13.78605366 30.50000000 553.89764404
v 13.89049816 34.50000000 553.79052734
v 13.89049816 30.50000000 553.79052734
v 13.98947620 34.50000000 553.67840576
v 13.98947620 30.50000000 553.67840576
v 14.08274078 34.50000000 553.56146240
v 14.08274078 30.50000000 553.56146240
v 14.17005920 34.50000000 553.44000244
v 14.17005920 30.50000000 553.44000244
v 14.25121593 34.50000000 553.31433105
v 14.25121593 30.50000000 553.31433105
v 14.32600784 30.50000000 553.18481445
v 14.32600784 34.50000000 553.18481445
v 14.39424992 34.50000000 553.05169678
v 14.39424992 30.50000000 553.05169678
v 14.45577145 34.50000000 552.91534424
v 14.45577145 30.50000000 552.91534424
v 14.51042080 34.50000000 552.77606201
v 14.51042080 30.50000000 552.77606201
v 14.55806160 34.50000000 552.63427734
v 14.55806160 30.50000000 552.63427734
v 14.59857464 34.50000000 552.49029541
v 14.59857464 30.50000000 552.49029541
v 14.63186073 34.50000000 552.34448242
v 14.63186073 30.50000000 552.34448242
v 14.65783501 30.50000000 552.19714355
v 14.65783501 34.50000000 552.19714355
v 14.67643547 30.50000000 552.04870605
v 14.67643547 34.50000000 552.04870605
v 14.68761349 34.50000000 551.89953613
v 14.68761349 30.50000000 551.89953613
v 14.69134331 34.50000000 551.75000000
v 14.69134331 30.50000000 551.75000000
v 14.68761349 34.50000000 551.60046387
v 14.68761349 30.50000000 551.60046387
v 14.67643547 34.50000000 551.45129395
v 14.67643547 30.50000000 551.45129395
v 14.65783501 34.50000000 551.30291748
v 14.65783501 30.50000000 551.30291748
v 14.63186073 34.50000000 551.15557861
v 14.63186073 30.50000000 551.15557861
v 14.59857464 34.50000000 551.00976562
v 14.59857464 30.50000000 551.00976562
v 14.55806160 34.50000000 550.86578369
v 14.55806160 30.50000000 550.86578369
v 14.51042080 30.50000000 550.72393799
v 14.51042080 34.50000000 550.72393799
v 14.45577145 34.50000000 550.58471680
v 14.45577145 30.50000000 550.58471680
v 14.39424992 30.50000000 550.44836426
v 14.39424992 34.50000000 550.44836426
v 14.32600784 30.50000000 550.31524658
v 14.32600784 34.50000000 550.31524658
v 14.25121593 34.50000000 550.18572998
v 14.25121593 30.50000000 550.18572998
v 14.17005920 30.50000000 550.06005859
v 14.17005920 34.50000000 550.06005859
v 14.08274078 34.50000000 549.93859863
v 14.08274078 30.50000000 549.93859863
v 13.98947620 30.50000000 549.82165527
v 13.98947620 34.50000000 549.82165527
v 13.89049816 34.50000000 549.70953369
v 13.89049816 30.50000000 549.70953369
v 13.78605366 30.50000000 549.60241699
v 13.78605366 34.50000000 549.60241699
v 13.67640018 34.50000000 549.50067139
v 13.67640018 30.50000000 549.50067139
v 13.56181240 30.50000000 549.40454102
v 13.56181240 34.50000000 549.40454102
v 13.44257355 34.50000000 549.31420898
v 13.44257355 30.50000000 549.31420898
v 13.31898212 30.50000000 549.22991943
v 13.31898212 34.50000000 549.22991943
v 13.19134331 34.50000000 549.15197754
v 13.19134331 30.50000000 549.15197754
v 13.05997467 34.50000000 549.08038330
v 13.05997467 30.50000000 549.08038330
v 12.92520428 34.50000000 549.01550293
v 12.92520428 30.50000000 549.01550293
v 12.78736591 34.50000000 548.95739746
v 12.78736591 30.50000000 548.95739746
v 12.64680290 34.50000000 548.90625000
v 12.64680290 30.50000000 548.90625000
v 12.50386429 30.50000000 548.86218262
v 12.50386429 34.50000000 548.86218262
v 12.35890579 34.50000000 548.82525635
v 12.35890579 30.50000000 548.82525635
v 12.21228790 34.50000000 548.79559326
v 12.21228790 30.50000000 548.79559326
v 12.06437397 30.50000000 548.77331543
v 12.06437397 34.50000000 548.77331543
v 11.91553307 30.50000000 548.75842285
v 11.91553307 34.50000000 548.75842285
v 11.76613522 34.50000000 548.75097656
v 11.76613522 30.50000000 548.75097656
v 11.61655045 34.50000000 548.75097656
v 11.61655045 30.50000000 548.75097656
v 11.46715260 34.50000000 548.75842285
v 11.46715260 30.50000000 548.75842285
v 11.31831169 34.50000000 548.77331543
v 11.31831169 30.50000000 548.77331543
v 11.17039871 34.50000000 548.79559326
v 11.17039871 30.50000000 548.79559326
v 11.02377987 34.50000000 548.82525635
v 11.02377987 30.50000000 548.82525635
v 10.87882137 34.50000000 548.86218262
v 10.87882137 30.50000000 548.86218262
v 10.73588276 30.50000000 548.90625000
v 10.73588276 34.50000000 548.90625000
v 10.59531975 34.50000000 548.95739746
v 10.59531975 30.50000000 548.95739746
v 10.45748138 34.50000000 549.01550293
v 10.45748138 30.50000000 549.01550293
v 10.32271099 30.50000000 549.08038330
v 10.32271099 34.50000000 549.08038330
v 10.19134331 30.50000000 549.15197754
v 10.19134331 34.50000000 549.15197754
v 10.06370449 34.50000000 549.22991943
v 10.06370449 30.50000000 549.22991943
v 9.94011211 34.50000000 549.31420898
v 9.94011211 30.50000000 549.31420898
v 9.82087326 30.50000000 549.40454102
v 9.82087326 34.50000000 549.40454102
v 9.70628548 34.50000000 549.50067139
v 9.70628548 30.50000000 549.50067139
v 9.59663296 34.50000000 549.60241699
v 9.59663296 30.50000000 549.60241699
v 9.49218750 30.50000000 549.70953369
v 9.49218750 34.50000000 549.70953369
v 9.39320946 34.50000000 549.82165527
v 9.39320946 30.50000000 549.82165527
v 9.29994583 30.50000000 549.93859863
v 9.29994583 34.50000000 549.93859863
v 9.21262646 34.50000000 550.06005859
v 9.21262646 30.50000000 550.06005859
v 9.13147068 30.50000000 550.18572998
v 9.13147068 34.50000000 550.18572998
v 9.05667782 34.50000000 550.31524658
v 9.05667782 30.50000000 550.31524658
v 8.98843670 34.50000000 550.44836426
v 8.98843670 30.50000000 550.44836426
v 8.92691422 34.50000000 550.58471680
v 8.92691422 30.50000000 550.58471680
v 8.87226486 34.50000000 550.72393799
v 8.87226486 30.50000000 550.72393799
v 8.82462406 30.50000000 550.86578369
v 8.82462406 34.50000000 550.86578369
v 8.78411102 30.50000000 551.00976562
v 8.78411102 34.50000000 551.00976562
v 8.75082588 30.50000000 551.15557861
v 8.75082588 34.50000000 551.15557861
v 8.72485065 34.50000000 551.30291748
v 8.72485065 30.50000000 551.30291748
v 8.70625019 30.50000000 551.45129395
v 8.70625019 34.50000000 551.45129395
v 8.69507217 34.50000000 551.60046387
v 8.69507217 30.50000000 551.60046387
v 8.69134331 34.50000000 565.25000000
v 8.69507217 34.50000000 565.39953613
v 8.69134331 30.50000000 565.25000000
v 8.69507217 30.50000000 565.39953613
v 8.70625019 34.50000000 565.54870605
v 8.70625019 30.50000000 565.54870605
v 8.72485065 34.50000000 565.69714355
v 8.72485065 30.50000000 565.69714355
v 8.75082588 34.50000000 565.84448242
v 8.75082588 30.50000000 565.84448242
v 8.78411102 34.50000000 565.99029541
v 8.78411102 30.50000000 565.99029541
v 8.82462406 34.50000000 566.13427734
v 8.82462406 30.50000000 566.13427734
v 8.87226486 34.50000000 566.27606201
v 8.87226486 30.50000000 566.27606201
v 8.92691422 34.50000000 566.41534424
v 8.92691422 30.50000000 566.41534424
v 8.98843670 34.50000000 566.55169678
v 8.98843670 30.50000000 566.55169678
v 9.05667782 34.50000000 566.68481445
v 9.05667782 30.50000000 566.68481445
v 9.13147068 34.50000000 566.81433105
v 9.13147068 30.50000000 566.81433105
v 9.21262646 34.50000000 566.94000244
v 9.21262646 30.50000000 566.94000244
v 9.29994583 34.50000000 567.06146240
v 9.29994583 30.50000000 567.06146240
v 9.39320946 30.50000000 567.17840576
v 9.39320946 34.50000000 567.17840576
v 9.49218750 34.50000000 567.29052734
v 9.49218750 30.50000000 567.29052734
v 9.59663296 30.50000000 567.39764404
v 9.59663296 34.50000000 567.39764404
v 9.70628548 34.50000000 567.49938965
v 9.70628548 30.50000000 567.49938965
v 9.82087326 34.50000000 567.59552002
v 9.82087326 30.50000000 567.59552002
v 9.94011211 34.50000000 567.68585205
v 9.94011211 30.50000000 567.68585205
v 10.06370449 34.50000000 567.77008057
v 10.06370449 30.50000000 567.77008057
v 10.19134331 34.50000000 567.84808350
v 10.19134331 30.50000000 567.84808350
v 10.32271099 34.50000000 567.91961670
v 10.32271099 30.50000000 567.91961670
v 10.45748138 34.50000000 567.98455811
v 10.45748138 30.50000000 567.98455811
v 10.59531975 30.50000000 568.04266357
v 10.59531975 34.50000000 568.04266357
v 10.73588276 34.50000000 568.09381104
v 10.73588276 30.50000000 568.09381104
v 10.87882137 34.50000000 568.13787842
v 10.87882137 30.50000000 568.13787842
v 11.02377987 34.50000000 568.17480469
v 11.02377987 30.50000000 568.17480469
v 11.17039871 34.50000000 568.20446777
v 11.17039871 30.50000000 568.20446777
v 11.31831169 34.50000000 568.22674561
v 11.31831169 30.50000000 568.22674561
v 11.46715260 34.50000000 568.24163818
v 11.46715260 30.50000000 568.24163818
v 11.61655045 34.50000000 568.24908447
v 11.61655045 30.50000000 568.24908447
v 11.76613522 34.50000000 568.24908447
v 11.76613522 30.50000000 568.24908447
v 11.91553307 34.50000000 568.24163818
v 11.91553307 30.50000000 568.24163818
v 12.06437397 34.50000000 568.22674561
v 12.06437397 30.50000000 568.22674561
v 12.21228790 34.50000000 568.20446777
v 12.21228790 30.50000000 568.20446777
v 12.35890579 34.50000000 568.17480469
v 12.35890579 30.50000000 568.17480469
v 12.50386429 30.50000000 568.13787842
v 12.50386429 34.50000000 568.13787842
v 12.64680290 34.50000000 568.09381104
v 12.64680290 30.50000000 568.09381104
v 12.78736591 34.50000000 568.04266357
v 12.78736591 30.50000000 568.04266357
v 12.92520428 34.50000000 567.98455811
v 12.92520428 30.50000000 567.98455811
v 13.05997467 34.50000000 567.91961670
v 13.05997467 30.50000000 567.91961670
v 13.19134331 30.50000000 567.84808350
v 13.19134331 34.50000000 567.84808350
v 13.31898212 34.50000000 567.77008057
v 13.31898212 30.50000000 567.77008057
v 13.44257355 34.50000000 567.68585205
v 13.44257355 30.50000000 567.68585205
v 13.56181240 30.50000000 567.59552002
v 13.56181240 34.50000000 567.59552002
v 13.67640018 34.50000000 567.49938965
v 13.67640018 30.50000000 567.49938965
v 13.78605366 34.50000000 567.39764404
v 13.78605366 30.50000000 567.39764404
v 13.89049816 34.50000000 567.29052734
v 13.89049816 30.50000000 567.29052734
v 13.98947620 34.50000000 567.17840576
v 13.98947620 30.50000000 567.17840576
v 14.08274078 34.50000000 567.06146240
v 14.08274078 30.50000000 567.06146240
v 14.17005920 34.50000000 566.94000244
v 14.17005920 30.50000000 566.94000244
v 14.25121593 34.50000000 566.81433105
v 14.25121593 30.50000000 566.81433105
v 14.32600784 30.50000000 566.68481445
v 14.32600784 34.50000000 566.68481445
v 14.39424992 34.50000000 566.55169678
v 14.39424992 30.50000000 566.55169678
v 14.45577145 34.50000000 566.41534424
v 14.45577145 30.50000000 566.41534424
v 14.51042080 34.50000000 566.27606201
v 14.51042080 30.50000000 566.27606201
v 14.55806160 34.50000000 566.13427734
v 14.55806160 30.50000000 566.13427734
v 14.59857464 34.50000000 565.99029541
v 14.59857464 30.50000000 565.99029541
v 14.63186073 34.50000000 565.84448242
v 14.63186073 30.50000000 565.84448242
v 14.65783501 30.50000000 565.69714355
v 14.65783501 34.50000000 565.69714355
v 14.67643547 30.50000000 565.54870605
v 14.67643547 34.50000000 565.54870605
v 14.68761349 34.50000000 565.39953613
v 14.68761349 30.50000000 565.39953613
v 14.69134331 34.50000000 565.25000000
v 14.69134331 30.50000000 565.25000000
v 14.68761349 34.50000000 565.10046387
v 14.68761349 30.50000000 565.10046387
v 14.67643547 34.50000000 564.95129395
v 14.67643547 30.50000000 564.95129395
v 14.65783501 34.50000000 564.80291748
v 14.65783501 30.50000000 564.80291748
v 14.63186073 34.50000000 564.65557861
v 14.63186073 30.50000000 564.65557861
v 14.59857464 34.50000000 564.50976562
v 14.59857464 30.50000000 564.50976562
v 14.55806160 34.50000000 564.36578369
v 14.55806160 30.50000000 564.36578369
v 14.51042080 30.50000000 564.22393799
v 14.51042080 34.50000000 564.22393799
v 14.45577145 34.50000000 564.08471680
v 14.45577145 30.50000000 564.08471680
v 14.39424992 30.50000000 563.94836426
v 14.39424992 34.50000000 563.94836426
v 14.32600784 30.50000000 563.81524658
v 14.32600784 34.50000000 563.81524658
v 14.25121593 34.50000000 563.68572998
v 14.25121593 30.50000000 563.68572998
v 14.17005920 30.50000000 563.56005859
v 14.17005920 34.50000000 563.56005859
v 14.08274078 34.50000000 563.43859863
v 14.08274078 30.50000000 563.43859863
v 13.98947620 30.50000000 563.32165527
v 13.98947620 34.50000000 563.32165527
v 13.89049816 34.50000000 563.20953369
v 13.89049816 30.50000000 563.20953369
v 13.78605366 30.50000000 563.10241699
v 13.78605366 34.50000000 563.10241699
v 13.67640018 34.50000000 563.00067139
v 13.67640018 30.50000000 563.00067139
v 13.56181240 30.50000000 562.90454102
v 13.56181240 34.50000000 562.90454102
v 13.44257355 34.50000000 562.81420898
v 13.44257355 30.50000000 562.81420898
v 13.31898212 30.50000000 562.72991943
v 13.31898212 34.50000000 562.72991943
v 13.19134331 34.50000000 562.65197754
v 13.19134331 30.50000000 562.65197754
v 13.05997467 34.50000000 562.58038330
v 13.05997467 30.50000000 562.58038330
v 12.92520428 34.50000000 562.51550293
v 12.92520428 30.50000000 562.51550293
v 12.78736591 34.50000000 562.45739746
v 12.78736591 30.50000000 562.45739746
v 12.64680290 34.50000000 562.40625000
v 12.64680290 30.50000000 562.40625000
v 12.50386429 30.50000000 562.36218262
v 12.50386429 34.50000000 562.36218262
v 12.35890579 34.50000000 562.32525635
v 12.35890579 30.50000000 562.32525635
v 12.21228790 34.50000000 562.29559326
v 12.21228790 30.50000000 562.29559326
v 12.06437397 30.50000000 562.27331543
v 12.06437397 34.50000000 562.27331543
v 11.91553307 30.50000000 562.25842285
v 11.91553307 34.50000000 562.25842285
v 11.76613522 34.50000000 562.25097656
v 11.76613522 30.50000000 562.25097656
v 11.61655045 34.50000000 562.25097656
v 11.61655045 30.50000000 562.25097656
v 11.46715260 34.50000000 562.25842285
v 11.46715260 30.50000000 562.25842285
v 11.31831169 34.50000000 562.27331543
v 11.31831169 30.50000000 562.27331543
v 11.17039871 34.50000000 562.29559326
v 11.17039871 30.50000000 562.29559326
v 11.02377987 34.50000000 562.32525635
v 11.02377987 30.50000000 562.32525635
v 10.87882137 34.50000000 562.36218262
v 10.87882137 30.50000000 562.36218262
v 10.73588276 30.50000000 562.40625000
v 10.73588276 34.50000000 562.40625000
v 10.59531975 34.50000000 562.45739746
v 10.59531975 30.50000000 562.45739746
v 10.45748138 34.50000000 562.51550293
v 10.45748138 30.50000000 562.51550293
v 10.32271099 30.50000000 562.58038330
v 10.32271099 34.50000000 562.58038330
v 10.19134331 30.50000000 562.65197754
v 10.19134331 34.50000000 562.65197754
v 10.06370449 34.50000000 562.72991943
v 10.06370449 30.50000000 562.72991943
v 9.94011211 34.50000000 562.81420898
v 9.94011211 30.50000000 562.81420898
v 9.82087326 30.50000000 562.90454102
v 9.82087326 34.50000000 562.90454102
v 9.70628548 34.50000000 563.00067139
v 9.70628548 30.50000000 563.00067139
v 9.59663296 34.50000000 563.10241699
v 9.59663296 30.50000000 563.10241699
v 9.49218750 30.50000000 563.20953369
v 9.49218750 34.50000000 563.20953369
v 9.39320946 34.50000000 563.32165527
v 9.39320946 30.50000000 563.32165527
v 9.29994583 30.50000000 563.43859863
v 9.29994583 34.50000000 563.43859863
v 9.21262646 34.50000000 563.56005859
v 9.21262646 30.50000000 563.56005859
v 9.13147068 30.50000000 563.68572998
v 9.13147068 34.50000000 563.68572998
v 9.05667782 34.50000000 563.81524658
v 9.05667782 30.50000000 563.81524658
v 8.98843670 34.50000000 563.94836426
v 8.98843670 30.50000000 563.94836426
v 8.92691422 34.50000000 564.08471680
v 8.92691422 30.50000000 564.08471680
v 8.87226486 34.50000000 564.22393799
v 8.87226486 30.50000000 564.22393799
v 8.82462406 30.50000000 564.36578369
v 8.82462406 34.50000000 564.36578369
v 8.78411102 30.50000000 564.50976562
v 8.78411102 34.50000000 564.50976562
v 8.75082588 30.50000000 564.65557861
v 8.75082588 34.50000000 564.65557861
v 8.72485065 34.50000000 564.80291748
v 8.72485065 30.50000000 564.80291748
v 8.70625019 30.50000000 564.95129395
v 8.70625019 34.50000000 564.95129395
v 8.69507217 34.50000000 565.10046387
v 8.69507217 30.50000000 565.10046387
v -3.00000000 34.50000000 572.00000000
v -2.99627066 34.50000000 572.14953613
v -3.00000000 30.50000000 572.00000000
v -2.99627066 30.50000000 572.14953613
v -2.98509240 34.50000000 572.29870605
v -2.98509240 30.50000000 572.29870605
v -2.96649241 34.50000000 572.44714355
v -2.96649241 30.50000000 572.44714355
v -2.94051743 34.50000000 572.59448242
v -2.94051743 30.50000000 572.59448242
v -2.90723181 34.50000000 572.74029541
v -2.90723181 30.50000000 572.74029541
v -2.86671853 34.50000000 572.88427734
v -2.86671853 30.50000000 572.88427734
v -2.81907797 34.50000000 573.02606201
v -2.81907797 30.50000000 573.02606201
v -2.76442862 34.50000000 573.16534424
v -2.76442862 30.50000000 573.16534424
v -2.70290661 34.50000000 573.30169678
v -2.70290661 30.50000000 573.30169678
v -2.63466477 34.50000000 573.43481445
v -2.63466477 30.50000000 573.43481445
v -2.55987263 34.50000000 573.56433105
v -2.55987263 30.50000000 573.56433105
v -2.47871637 34.50000000 573.69000244
v -2.47871637 30.50000000 573.69000244
v -2.39139748 34.50000000 573.81146240
v -2.39139748 30.50000000 573.81146240
v -2.29813337 30.50000000 573.92840576
v -2.29813337 34.50000000 573.92840576
v -2.19915557 34.50000000 574.04052734
v -2.19915557 30.50000000 574.04052734
v -2.09471035 30.50000000 574.14764404
v -2.09471035 34.50000000 574.14764404
v -1.98505747 34.50000000 574.24938965
v -1.98505747 30.50000000 574.24938965
v -1.87046945 34.50000000 574.34552002
v -1.87046945 30.50000000 574.34552002
v -1.75123107 34.50000000 574.43585205
v -1.75123107 30.50000000 574.43585205
v -1.62763882 34.50000000 574.52008057
v -1.62763882 30.50000000 574.52008057
v -1.50000000 34.50000000 574.59808350
v -1.50000000 30.50000000 574.59808350
v -1.36863196 34.50000000 574.66961670
v -1.36863196 30.50000000 574.66961670
v -1.23386133 34.50000000 574.73455811
v -1.23386133 30.50000000 574.73455811
v -1.09602308 30.50000000 574.79266357
v -1.09602308 34.50000000 574.79266357
v -0.95545995 34.50000000 574.84381104
v -0.95545995 30.50000000 574.84381104
v -0.81252140 34.50000000 574.88787842
v -0.81252140 30.50000000 574.88787842
v -0.66756278 34.50000000 574.92480469
v -0.66756278 30.50000000 574.92480469
v -0.52094454 34.50000000 574.95446777
v -0.52094454 30.50000000 574.95446777
v -0.37303111 34.50000000 574.97674561
v -0.37303111 30.50000000 574.97674561
v -0.22419028 34.50000000 574.99163818
v -0.22419028 30.50000000 574.99163818
v -0.07479207 34.50000000 574.99908447
v -0.07479207 30.50000000 574.99908447
v 0.07479207 34.50000000 574.99908447
v 0.07479207 30.50000000 574.99908447
v 0.22419028 34.50000000 574.99163818
v 0.22419028 30.50000000 574.99163818
v 0.37303111 34.50000000 574.97674561
v 0.37303111 30.50000000 574.97674561
v 0.52094454 34.50000000 574.95446777
v 0.52094454 30.50000000 574.95446777
v 0.66756278 34.50000000 574.92480469
v 0.66756278 30.50000000 574.92480469
v 0.81252140 30.50000000 574.88787842
v 0.81252140 34.50000000 574.88787842
v 0.95545995 34.50000000 574.84381104
v 0.95545995 30.50000000 574.84381104
v 1.09602308 34.50000000 574.79266357
v 1.09602308 30.50000000 574.79266357
v 1.23386133 34.50000000 574.73455811
v 1.23386133 30.50000000 574.73455811
v 1.36863196 34.50000000 574.66961670
v 1.36863196 30.50000000 574.66961670
v 1.50000000 30.50000000 574.59808350
v 1.50000000 34.50000000 574.59808350
v 1.62763882 34.50000000 574.52008057
v 1.62763882 30.50000000 574.52008057
v 1.75123107 34.50000000 574.43585205
v 1.75123107 30.50000000 574.43585205
v 1.87046945 30.50000000 574.34552002
v 1.87046945 34.50000000 574.34552002
v 1.98505747 34.50000000 574.24938965
v 1.98505747 30.50000000 574.24938965
v 2.09471035 34.50000000 574.14764404
v 2.09471035 30.50000000 574.14764404
v 2.19915557 34.50000000 574.04052734
v 2.19915557 30.50000000 574.04052734
v 2.29813337 34.50000000 573.92840576
v 2.29813337 30.50000000 573.92840576
v 2.39139748 34.50000000 573.81146240
v 2.39139748 30.50000000 573.81146240
v 2.47871637 34.50000000 573.69000244
v 2.47871637 30.50000000 573.69000244
v 2.55987263 34.50000000 573.56433105
v 2.55987263 30.50000000 573.56433105
v 2.63466477 30.50000000 573.43481445
v 2.63466477 34.50000000 573.43481445
v 2.70290661 34.50000000 573.30169678
v 2.70290661 30.50000000 573.30169678
v 2.76442862 34.50000000 573.16534424
v 2.76442862 30.50000000 573.16534424
v 2.81907797 34.50000000 573.02606201
v 2.81907797 30.50000000 573.02606201
v 2.86671853 34.50000000 572.88427734
v 2.86671853 30.50000000 572.88427734
v 2.90723181 34.50000000 572.74029541
v 2.90723181 30.50000000 572.74029541
v 2.94051743 34.50000000 572.59448242
v 2.94051743 30.50000000 572.59448242
v 2.96649241 30.50000000 572.44714355
v 2.96649241 34.50000000 572.44714355
v 2.98509240 30.50000000 572.29870605
v 2.98509240 34.50000000 572.29870605
v 2.99627066 34.50000000 572.14953613
v 2.99627066 30.50000000 572.14953613
v 3.00000000 34.50000000 572.00000000
v 3.00000000 30.50000000 572.00000000
v 2.99627066 34.50000000 571.85046387
v 2.99627066 30.50000000 571.85046387
v 2.98509240 34.50000000 571.70129395
v 2.98509240 30.50000000 571.70129395
v 2.96649241 34.50000000 571.55291748
v 2.96649241 30.50000000 571.55291748
v 2.94051743 34.50000000 571.40557861
v 2.94051743 30.50000000 571.40557861
v 2.90723181 34.50000000 571.25976562
v 2.90723181 30.50000000 571.25976562
v 2.86671853 34.50000000 571.11578369
v 2.86671853 30.50000000 571.11578369
v 2.81907797 30.50000000 570.97393799
v 2.81907797 34.50000000 570.97393799
v 2.76442862 34.50000000 570.83471680
v 2.76442862 30.50000000 570.83471680
v 2.70290661 30.50000000 570.69836426
v 2.70290661 34.50000000 570.69836426
v 2.63466477 30.50000000 570.56524658
v 2.63466477 34.50000000 570.56524658
v 2.55987263 34.50000000 570.43572998
v 2.55987263 30.50000000 570.43572998
v 2.47871637 30.50000000 570.31005859
v 2.47871637 34.50000000 570.31005859
v 2.39139748 34.50000000 570.18859863
v 2.39139748 30.50000000 570.18859863
v 2.29813337 30.50000000 570.07165527
v 2.29813337 34.50000000 570.07165527
v 2.19915557 34.50000000 569.95953369
v 2.19915557 30.50000000 569.95953369
v 2.09471035 30.50000000 569.85241699
v 2.09471035 34.50000000 569.85241699
v 1.98505747 34.50000000 569.75067139
v 1.98505747 30.50000000 569.75067139
v 1.87046945 30.50000000 569.65454102
v 1.87046945 34.50000000 569.65454102
v 1.75123107 34.50000000 569.56420898
v 1.75123107 30.50000000 569.56420898
v 1.62763882 30.50000000 569.47991943
v 1.62763882 34.50000000 569.47991943
v 1.50000000 34.50000000 569.40197754
v 1.50000000 30.50000000 569.40197754
v 1.36863196 34.50000000 569.33038330
v 1.36863196 30.50000000 569.33038330
v 1.23386133 34.50000000 569.26550293
v 1.23386133 30.50000000 569.26550293
v 1.09602308 34.50000000 569.20739746
v 1.09602308 30.50000000 569.20739746
v 0.95545995 34.50000000 569.15625000
v 0.95545995 30.50000000 569.15625000
v 0.81252140 30.50000000 569.11218262
v 0.81252140 34.50000000 569.11218262
v 0.66756278 34.50000000 569.07525635
v 0.66756278 30.50000000 569.07525635
v 0.52094454 34.50000000 569.04559326
v 0.52094454 30.50000000 569.04559326
v 0.37303111 30.50000000 569.02331543
v 0.37303111 34.50000000 569.02331543
v 0.22419028 30.50000000 569.00842285
v 0.22419028 34.50000000 569.00842285
v 0.07479207 34.50000000 569.00097656
v 0.07479207 30.50000000 569.00097656
v -0.07479207 34.50000000 569.00097656
v -0.07479207 30.50000000 569.00097656
v -0.22419028 34.50000000 569.00842285
v -0.22419028 30.50000000 569.00842285
v -0.37303111 34.50000000 569.02331543
v -0.37303111 30.50000000 569.02331543
v -0.52094454 34.50000000 569.04559326
v -0.52094454 30.50000000 569.04559326
v -0.66756278 34.50000000 569.07525635
v -0.66756278 30.50000000 569.07525635
v -0.81252140 34.50000000 569.11218262
v -0.81252140 30.50000000 569.11218262
v -0.95545995 30.50000000 569.15625000
v -0.95545995 34.50000000 569.15625000
v -1.09602308 34.50000000 569.20739746
v -1.09602308 30.50000000 569.20739746
v -1.23386133 34.50000000 569.26550293
v -1.23386133 30.50000000 569.26550293
v -1.36863196 30.50000000 569.33038330
v -1.36863196 34.50000000 569.33038330
v -1.50000000 30.50000000 569.40197754
v -1.50000000 34.50000000 569.40197754
v -1.62763882 34.50000000 569.47991943
v -1.62763882 30.50000000 569.47991943
v -1.75123107 34.50000000 569.56420898
v -1.75123107 30.50000000 569.56420898
v -1.87046945 30.50000000 569.65454102
v -1.87046945 34.50000000 569.65454102
v -1.98505747 34.50000000 569.75067139
v -1.98505747 30.50000000 569.75067139
v -2.09471035 34.50000000 569.85241699
v -2.09471035 30.50000000 569.85241699
v -2.19915557 30.50000000 569.95953369
v -2.19915557 34.50000000 569.95953369
v -2.29813337 34.50000000 570.07165527
v -2.29813337 30.50000000 570.07165527
v -2.39139748 30.50000000 570.18859863
v -2.39139748 34.50000000 570.18859863
v -2.47871637 34.50000000 570.31005859
v -2.47871637 30.50000000 570.31005859
v -2.55987263 30.50000000 570.43572998
v -2.55987263 34.50000000 570.43572998
v -2.63466477 34.50000000 570.56524658
v -2.63466477 30.50000000 570.56524658
v -2.70290661 34.50000000 570.69836426
v -2.70290661 30.50000000 570.69836426
v -2.76442862 34.50000000 570.83471680
v -2.76442862 30.50000000 570.83471680
v -2.81907797 34.50000000 570.97393799
v -2.81907797 30.50000000 570.97393799
v -2.86671853 30.50000000 571.11578369
v -2.86671853 34.50000000 571.11578369
v -2.90723181 30.50000000 571.25976562
v -2.90723181 34.50000000 571.25976562
v -2.94051743 30.50000000 571.40557861
v -2.94051743 34.50000000 571.40557861
v -2.96649241 34.50000000 571.55291748
v -2.96649241 30.50000000 571.55291748
v -2.98509240 30.50000000 571.70129395
v -2.98509240 34.50000000 571.70129395
v -2.99627066 34.50000000 571.85046387
v -2.99627066 30.50000000 571.85046387
v -14.69134331 34.50000000 565.25000000
v -14.68761349 34.50000000 565.39953613
v -14.69134331 30.50000000 565.25000000
v -14.68761349 30.50000000 565.39953613
v -14.67643547 34.50000000 565.54870605
v -14.67643547 30.50000000 565.54870605
v -14.65783501 34.50000000 565.69714355
v -14.65783501 30.50000000 565.69714355
v -14.63186073 34.50000000 565.84448242
v -14.63186073 30.50000000 565.84448242
v -14.59857464 34.50000000 565.99029541
v -14.59857464 30.50000000 565.99029541
v -14.55806160 34.50000000 566.13427734
v -14.55806160 30.50000000 566.13427734
v -14.51042080 34.50000000 566.27606201
v -14.51042080 30.50000000 566.27606201
v -14.45577145 34.50000000 566.41534424
v -14.45577145 30.50000000 566.41534424
v -14.39424992 34.50000000 566.55169678
v -14.39424992 30.50000000 566.55169678
v -14.32600784 34.50000000 566.68481445
v -14.32600784 30.50000000 566.68481445
v -14.25121593 34.50000000 566.81433105
v -14.25121593 30.50000000 566.81433105
v -14.17005920 34.50000000 566.94000244
v -14.17005920 30.50000000 566.94000244
v -14.08274078 34.50000000 567.06146240
v -14.08274078 30.50000000 567.06146240
v -13.98947620 30.50000000 567.17840576
v -13.98947620 34.50000000 567.17840576
v -13.89049816 34.50000000 567.29052734
v -13.89049816 30.50000000 567.29052734
v -13.78605366 30.50000000 567.39764404
v -13.78605366 34.50000000 567.39764404
v -13.67640018 34.50000000 567.49938965
v -13.67640018 30.50000000 567.49938965
v -13.56181240 34.50000000 567.59552002
v -13.56181240 30.50000000 567.59552002
v -13.44257355 34.50000000 567.68585205
v -13.44257355 30.50000000 567.68585205
v -13.31898212 34.50000000 567.77008057
v -13.31898212 30.50000000 567.77008057
v -13.19134331 34.50000000 567.84808350
v -13.19134331 30.50000000 567.84808350
v -13.05997467 34.50000000 567.91961670
v -13.05997467 30.50000000 567.91961670
v -12.92520428 34.50000000 567.98455811
v -12.92520428 30.50000000 567.98455811
v -12.78736591 30.50000000 568.04266357
v -12.78736591 34.50000000 568.04266357
v -12.64680290 34.50000000 568.09381104
v -12.64680290 30.50000000 568.09381104
v -12.50386429 34.50000000 568.13787842
v -12.50386429 30.50000000 568.13787842
v -12.35890579 34.50000000 568.17480469
v -12.35890579 30.50000000 568.17480469
v -12.21228790 34.50000000 568.20446777
v -12.21228790 30.50000000 568.20446777
v -12.06437397 34.50000000 568.22674561
v -12.06437397 30.50000000 568.22674561
v -11.91553307 34.50000000 568.24163818
v -11.91553307 30.50000000 568.24163818
v -11.76613522 34.50000000 568.24908447
v -11.76613522 30.50000000 568.24908447
v -11.61655045 34.50000000 568.24908447
v -11.61655045 30.50000000 568.24908447
v -11.46715260 34.50000000 568.24163818
v -11.46715260 30.50000000 568.24163818
v -11.31831169 34.50000000 568.22674561
v -11.31831169 30.50000000 568.22674561
v -11.17039871 34.50000000 568.20446777
v -11.17039871 30.50000000 568.20446777
v -11.02377987 34.50000000 568.17480469
v -11.02377987 30.50000000 568.17480469
v -10.87882137 30.50000000 568.13787842
v -10.87882137 34.50000000 568.13787842
v -10.73588276 34.50000000 568.09381104
v -10.73588276 30.50000000 568.09381104
v -10.59531975 34.50000000 568.04266357
v -10.59531975 30.50000000 568.04266357
v -10.45748138 34.50000000 567.98455811
v -10.45748138 30.50000000 567.98455811
v -10.32271099 34.50000000 567.91961670
v -10.32271099 30.50000000 567.91961670
v -10.19134331 30.50000000 567.84808350
v -10.19134331 34.50000000 567.84808350
v -10.06370449 34.50000000 567.77008057
v -10.06370449 30.50000000 567.77008057
v -9.94011211 34.50000000 567.68585205
v -9.94011211 30.50000000 567.68585205
v -9.82087326 30.50000000 567.59552002
v -9.82087326 34.50000000 567.59552002
v -9.70628548 34.50000000 567.49938965
v -9.70628548 30.50000000 567.49938965
v -9.59663296 34.50000000 567.39764404
v -9.59663296 30.50000000 567.39764404
v -9.49218750 34.50000000 567.29052734
v -9.49218750 30.50000000 567.29052734
v -9.39320946 34.50000000 567.17840576
v -9.39320946 30.50000000 567.17840576
v -9.29994583 34.50000000 567.06146240
v -9.29994583 30.50000000 567.06146240
v -9.21262646 34.50000000 566.94000244
v -9.21262646 30.50000000 566.94000244
v -9.13147068 34.50000000 566.81433105
v -9.13147068 30.50000000 566.81433105
v -9.05667782 30.50000000 566.68481445
v -9.05667782 34.50000000 566.68481445
v -8.98843670 34.50000000 566.55169678
v -8.98843670 30.50000000 566.55169678
v -8.92691422 34.50000000 566.41534424
v -8.92691422 30.50000000 566.41534424
v -8.87226486 34.50000000 566.27606201
v -8.87226486 30.50000000 566.27606201
v -8.82462406 34.50000000 566.13427734
v -8.82462406 30.50000000 566.13427734
v -8.78411102 34.50000000 565.99029541
v -8.78411102 30.50000000 565.99029541
v -8.75082588 34.50000000 565.84448242
v -8.75082588 30.50000000 565.84448242
v -8.72485065 30.50000000 565.69714355
v -8.72485065 34.50000000 565.69714355
v -8.70625019 30.50000000 565.54870605
v -8.70625019 34.50000000 565.54870605
v -8.69507217 34.50000000 565.39953613
v -8.69507217 30.50000000 565.39953613
v -8.69134331 34.50000000 565.25000000
v -8.69134331 30.50000000 565.25000000
v -8.69507217 34.50000000 565.10046387
v -8.69507217 30.50000000 565.10046387
v -8.70625019 34.50000000 564.95129395
v -8.70625019 30.50000000 564.95129395
v -8.72485065 34.50000000 564.80291748
v -8.72485065 30.50000000 564.80291748
v -8.75082588 34.50000000 564.65557861
v -8.75082588 30.50000000 564.65557861
v -8.78411102 34.50000000 564.50976562
v -8.78411102 30.50000000 564.50976562
v -8.82462406 34.50000000 564.36578369
v -8.82462406 30.50000000 564.36578369
v -8.87226486 30.50000000 564.22393799
v -8.87226486 34.50000000 564.22393799
v -8.92691422 34.50000000 564.08471680
v -8.92691422 30.50000000 564.08471680
v -8.98843670 30.50000000 563.94836426
v -8.98843670 34.50000000 563.94836426
v -9.05667782 30.50000000 563.81524658
v -9.05667782 34.50000000 563.81524658
v -9.13147068 34.50000000 563.68572998
v -9.13147068 30.50000000 563.68572998
v -9.21262646 30.50000000 563.56005859
v -9.21262646 34.50000000 563.56005859
v -9.29994583 34.50000000 563.43859863
v -9.29994583 30.50000000 563.43859863
v -9.39320946 30.50000000 563.32165527
v -9.39320946 34.50000000 563.32165527
v -9.49218750 34.50000000 563.20953369
v -9.49218750 30.50000000 563.20953369
v -9.59663296 30.50000000 563.10241699
v -9.59663296 34.50000000 563.10241699
v -9.70628548 34.50000000 563.00067139
v -9.70628548 30.50000000 563.00067139
v -9.82087326 30.50000000 562.90454102
v -9.82087326 34.50000000 562.90454102
v -9.94011211 34.50000000 562.81420898
v -9.94011211 30.50000000 562.81420898
v -10.06370449 30.50000000 562.72991943
v -10.06370449 34.50000000 562.72991943
v -10.19134331 34.50000000 562.65197754
v -10.19134331 30.50000000 562.65197754
v -10.32271099 34.50000000 562.58038330
v -10.32271099 30.50000000 562.58038330
v -10.45748138 34.50000000 562.51550293
v -10.45748138 30.50000000 562.51550293
v -10.59531975 34.50000000 562.45739746
v -10.59531975 30.50000000 562.45739746
v -10.73588276 34.50000000 562.40625000
v -10.73588276 30.50000000 562.40625000
v -10.87882137 30.50000000 562.36218262
v -10.87882137 34.50000000 562.36218262
v -11.02377987 34.50000000 562.32525635
v -11.02377987 30.50000000 562.32525635
v -11.17039871 34.50000000 562.29559326
v -11.17039871 30.50000000 562.29559326
v -11.31831169 30.50000000 562.27331543
v -11.31831169 34.50000000 562.27331543
v -11.46715260 30.50000000 562.25842285
v -11.46715260 34.50000000 562.25842285
v -11.61655045 34.50000000 562.25097656
v -11.61655045 30.50000000 562.25097656
v -11.76613522 34.50000000 562.25097656
v -11.76613522 30.50000000 562.25097656
v -11.91553307 34.50000000 562.25842285
v -11.91553307 30.50000000 562.25842285
v -12.06437397 34.50000000 562.27331543
v -12.06437397 30.50000000 562.27331543
v -12.21228790 34.50000000 562.29559326
v -12.21228790 30.50000000 562.29559326
v -12.35890579 34.50000000 562.32525635
v -12.35890579 30.50000000 562.32525635
v -12.50386429 34.50000000 562.36218262
v -12.50386429 30.50000000 562.36218262
v -12.64680290 30.50000000 562.40625000
v -12.64680290 34.50000000 562.40625000
v -12.78736591 34.50000000 562.45739746
v -12.78736591 30.50000000 562.45739746
v -12.92520428 34.50000000 562.51550293
v -12.92520428 30.50000000 562.51550293
v -13.05997467 30.50000000 562.58038330
v -13.05997467 34.50000000 562.58038330
v -13.19134331 30.50000000 562.65197754
v -13.19134331 34.50000000 562.65197754
v -13.31898212 34.50000000 562.72991943
v -13.31898212 30.50000000 562.72991943
v -13.44257355 34.50000000 562.81420898
v -13.44257355 30.50000000 562.81420898
v -13.56181240 30.50000000 562.90454102
v -13.56181240 34.50000000 562.90454102
v -13.67640018 34.50000000 563.00067139
v -13.67640018 30.50000000 563.00067139
v -13.78605366 34.50000000 563.10241699
v -13.78605366 30.50000000 563.10241699
v -13.89049816 30.50000000 563.20953369
v -13.89049816 34.50000000 563.20953369
v -13.98947620 34.50000000 563.32165527
v -13.98947620 30.50000000 563.32165527
v -14.08274078 30.50000000 563.43859863
v -14.08274078 34.50000000 563.43859863
v -14.17005920 34.50000000 563.56005859
v -14.17005920 30.50000000 563.56005859
v -14.25121593 30.50000000 563.68572998
v -14.25121593 34.50000000 563.68572998
v -14.32600784 34.50000000 563.81524658
v -14.32600784 30.50000000 563.81524658
v -14.39424992 34.50000000 563.94836426
v -14.39424992 30.50000000 563.94836426
v -14.45577145 34.50000000 564.08471680
v -14.45577145 30.50000000 564.08471680
v -14.51042080 34.50000000 564.22393799
v -14.51042080 30.50000000 564.22393799
v -14.55806160 30.50000000 564.36578369
v -14.55806160 34.50000000 564.36578369
v -14.59857464 30.50000000 564.50976562
v -14.59857464 34.50000000 564.50976562
v -14.63186073 30.50000000 564.65557861
v -14.63186073 34.50000000 564.65557861
v -14.65783501 34.50000000 564.80291748
v -14.65783501 30.50000000 564.80291748
v -14.67643547 30.50000000 564.95129395
v -14.67643547 34.50000000 564.95129395
v -14.68761349 34.50000000 565.10046387
v -14.68761349 30.50000000 565.10046387
v -14.69134331 34.50000000 551.75000000
v -14.68761349 34.50000000 551.89953613
v -14.69134331 30.50000000 551.75000000
v -14.68761349 30.50000000 551.89953613
v -14.67643547 34.50000000 552.04870605
v -14.67643547 30.50000000 552.04870605
v -14.65783501 34.50000000 552.19714355
v -14.65783501 30.50000000 552.19714355
v -14.63186073 34.50000000 552.34448242
v -14.63186073 30.50000000 552.34448242
v -14.59857464 34.50000000 552.49029541
v -14.59857464 30.50000000 552.49029541
v -14.55806160 34.50000000 552.63427734
v -14.55806160 30.50000000 552.63427734
v -14.51042080 34.50000000 552.77606201
v -14.51042080 30.50000000 552.77606201
v -14.45577145 34.50000000 552.91534424
v -14.45577145 30.50000000 552.91534424
v -14.39424992 34.50000000 553.05169678
v -14.39424992 30.50000000 553.05169678
v -14.32600784 34.50000000 553.18481445
v -14.32600784 30.50000000 553.18481445
v -14.25121593 34.50000000 553.31433105
v -14.25121593 30.50000000 553.31433105
v -14.17005920 34.50000000 553.44000244
v -14.17005920 30.50000000 553.44000244
v -14.08274078 34.50000000 553.56146240
v -14.08274078 30.50000000 553.56146240
v -13.98947620 30.50000000 553.67840576
v -13.98947620 34.50000000 553.67840576
v -13.89049816 34.50000000 553.79052734
v -13.89049816 30.50000000 553.79052734
v -13.78605366 30.50000000 553.89764404
v -13.78605366 34.50000000 553.89764404
v -13.67640018 34.50000000 553.99938965
v -13.67640018 30.50000000 553.99938965
v -13.56181240 34.50000000 554.09552002
v -13.56181240 30.50000000 554.09552002
v -13.44257355 34.50000000 554.18585205
v -13.44257355 30.50000000 554.18585205
v -13.31898212 34.50000000 554.27008057
v -13.31898212 30.50000000 554.27008057
v -13.19134331 34.50000000 554.34808350
v -13.19134331 30.50000000 554.34808350
v -13.05997467 34.50000000 554.41961670
v -13.05997467 30.50000000 554.41961670
v -12.92520428 34.50000000 554.48455811
v -12.92520428 30.50000000 554.48455811
v -12.78736591 30.50000000 554.54266357
v -12.78736591 34.50000000 554.54266357
v -12.64680290 34.50000000 554.59381104
v -12.64680290 30.50000000 554.59381104
v -12.50386429 34.50000000 554.63787842
v -12.50386429 30.50000000 554.63787842
v -12.35890579 34.50000000 554.67480469
v -12.35890579 30.50000000 554.67480469
v -12.21228790 34.50000000 554.70446777
v -12.21228790 30.50000000 554.70446777
v -12.06437397 34.50000000 554.72674561
v -12.06437397 30.50000000 554.72674561
v -11.91553307 34.50000000 554.74163818
v -11.91553307 30.50000000 554.74163818
v -11.76613522 34.50000000 554.74908447
v -11.76613522 30.50000000 554.74908447
v -11.61655045 34.50000000 554.74908447
v -11.61655045 30.50000000 554.74908447
v -11.46715260 34.50000000 554.74163818
v -11.46715260 30.50000000 554.74163818
v -11.31831169 34.50000000 554.72674561
v -11.31831169 30.50000000 554.72674561
v -11.17039871 34.50000000 554.70446777
v -11.17039871 30.50000000 554.70446777
v -11.02377987 34.50000000 554.67480469
v -11.02377987 30.50000000 554.67480469
v -10.87882137 30.50000000 554.63787842
v -10.87882137 34.50000000 554.63787842
v -10.73588276 34.50000000 554.59381104
v -10.73588276 30.50000000 554.59381104
v -10.59531975 34.50000000 554.54266357
v -10.59531975 30.50000000 554.54266357
v -10.45748138 34.50000000 554.48455811
v -10.45748138 30.50000000 554.48455811
v -10.32271099 34.50000000 554.41961670
v -10.32271099 30.50000000 554.41961670
v -10.19134331 30.50000000 554.34808350
v -10.19134331 34.50000000 554.34808350
v -10.06370449 34.50000000 554.27008057
v -10.06370449 30.50000000 554.27008057
v -9.94011211 34.50000000 554.18585205
v -9.94011211 30.50000000 554.18585205
v -9.82087326 30.50000000 554.09552002
v -9.82087326 34.50000000 554.09552002
v -9.70628548 34.50000000 553.99938965
v -9.70628548 30.50000000 553.99938965
v -9.59663296 34.50000000 553.89764404
v -9.59663296 30.50000000 553.89764404
v -9.49218750 34.50000000 553.79052734
v -9.49218750 30.50000000 553.79052734
v -9.39320946 34.50000000 553.67840576
v -9.39320946 30.50000000 553.67840576
v -9.29994583 34.50000000 553.56146240
v -9.29994583 30.50000000 553.56146240
v -9.21262646 34.50000000 553.44000244
v -9.21262646 30.50000000 553.44000244
v -9.13147068 34.50000000 553.31433105
v -9.13147068 30.50000000 553.31433105
v -9.05667782 30.50000000 553.18481445
v -9.05667782 34.50000000 553.18481445
v -8.98843670 34.50000000 553.05169678
v -8.98843670 30.50000000 553.05169678
v -8.92691422 34.50000000 552.91534424
v -8.92691422 30.50000000 552.91534424
v -8.87226486 34.50000000 552.77606201
v -8.87226486 30.50000000 552.77606201
v -8.82462406 34.50000000 552.63427734
v -8.82462406 30.50000000 552.63427734
v -8.78411102 34.50000000 552.49029541
v -8.78411102 30.50000000 552.49029541
v -8.75082588 34.50000000 552.34448242
v -8.75082588 30.50000000 552.34448242
v -8.72485065 30.50000000 552.19714355
v -8.72485065 34.50000000 552.19714355
v -8.70625019 30.50000000 552.04870605
v -8.70625019 34.50000000 552.04870605
v -8.69507217 34.50000000 551.89953613
v -8.69507217 30.50000000 551.89953613
v -8.69134331 34.50000000 551.75000000
v -8.69134331 30.50000000 551.75000000
v -8.69507217 34.50000000 551.60046387
v -8.69507217 30.50000000 551.60046387
v -8.70625019 34.50000000 551.45129395
v -8.70625019 30.50000000 551.45129395
v -8.72485065 34.50000000 551.30291748
v -8.72485065 30.50000000 551.30291748
v -8.75082588 34.50000000 551.15557861
v -8.75082588 30.50000000 551.15557861
v -8.78411102 34.50000000 551.00976562
v -8.78411102 30.50000000 551.00976562
v -8.82462406 34.50000000 550.86578369
v -8.82462406 30.50000000 550.86578369
v -8.87226486 30.50000000 550.72393799
v -8.87226486 34.50000000 550.72393799
v -8.92691422 34.50000000 550.58471680
v -8.92691422 30.50000000 550.58471680
v -8.98843670 30.50000000 550.44836426
v -8.98843670 34.50000000 550.44836426
v -9.05667782 30.50000000 550.31524658
v -9.05667782 34.50000000 550.31524658
v -9.13147068 34.50000000 550.18572998
v -9.13147068 30.50000000 550.18572998
v -9.21262646 30.50000000 550.06005859
v -9.21262646 34.50000000 550.06005859
v -9.29994583 34.50000000 549.93859863
v -9.29994583 30.50000000 549.93859863
v -9.39320946 30.50000000 549.82165527
v -9.39320946 34.50000000 549.82165527
v -9.49218750 34.50000000 549.70953369
v -9.49218750 30.50000000 549.70953369
v -9.59663296 30.50000000 549.60241699
v -9.59663296 34.50000000 549.60241699
v -9.70628548 34.50000000 549.50067139
v -9.70628548 30.50000000 549.50067139
v -9.82087326 30.50000000 549.40454102
v -9.82087326 34.50000000 549.40454102
v -9.94011211 34.50000000 549.31420898
v -9.94011211 30.50000000 549.31420898
v -10.06370449 30.50000000 549.22991943
v -10.06370449 34.50000000 549.22991943
v -10.19134331 34.50000000 549.15197754
v -10.19134331 30.50000000 549.15197754
v -10.32271099 34.50000000 549.08038330
v -10.32271099 30.50000000 549.08038330
v -10.45748138 34.50000000 549.01550293
v -10.45748138 30.50000000 549.01550293
v -10.59531975 34.50000000 548.95739746
v -10.59531975 30.50000000 548.95739746
v -10.73588276 34.50000000 548.90625000
v -10.73588276 30.50000000 548.90625000
v -10.87882137 30.50000000 548.86218262
v -10.87882137 34.50000000 548.86218262
v -11.02377987 34.50000000 548.82525635
v -11.02377987 30.50000000 548.82525635
v -11.17039871 34.50000000 548.79559326
v -11.17039871 30.50000000 548.79559326
v -11.31831169 30.50000000 548.77331543
v -11.31831169 34.50000000 548.77331543
v -11.46715260 30.50000000 548.75842285
v -11.46715260 34.50000000 548.75842285
v -11.61655045 34.50000000 548.75097656
v -11.61655045 30.50000000 548.75097656
v -11.76613522 34.50000000 548.75097656
v -11.76613522 30.50000000 548.75097656
v -11.91553307 34.50000000 548.75842285
v -11.91553307 30.50000000 548.75842285
v -12.06437397 34.50000000 548.77331543
v -12.06437397 30.50000000 548.77331543
v -12.21228790 34.50000000 548.79559326
v -12.21228790 30.50000000 548.79559326
v -12.35890579 34.50000000 548.82525635
v -12.35890579 30.50000000 548.82525635
v -12.50386429 34.50000000 548.86218262
v -12.50386429 30.50000000 548.86218262
v -12.64680290 30.50000000 548.90625000
v -12.64680290 34.50000000 548.90625000
v -12.78736591 34.50000000 548.95739746
v -12.78736591 30.50000000 548.95739746
v -12.92520428 34.50000000 549.01550293
v -12.92520428 30.50000000 549.01550293
v -13.05997467 30.50000000 549.08038330
v -13.05997467 34.50000000 549.08038330
v -13.19134331 30.50000000 549.15197754
v -13.19134331 34.50000000 549.15197754
v -13.31898212 34.50000000 549.22991943
v -13.31898212 30.50000000 549.22991943
v -13.44257355 34.50000000 549.31420898
v -13.44257355 30.50000000 549.31420898
v -13.56181240 30.50000000 549.40454102
v -13.56181240 34.50000000 549.40454102
v -13.67640018 34.50000000 549.50067139
v -13.67640018 30.50000000 549.50067139
v -13.78605366 34.50000000 549.60241699
v -13.78605366 30.50000000 549.60241699
v -13.89049816 30.50000000 549.70953369
v -13.89049816 34.50000000 549.70953369
v -13.98947620 34.50000000 549.82165527
v -13.98947620 30.50000000 549.82165527
v -14.08274078 30.50000000 549.93859863
v -14.08274078 34.50000000 549.93859863
v -14.17005920 34.50000000 550.06005859
v -14.17005920 30.50000000 550.06005859
v -14.25121593 30.50000000 550.18572998
v -14.25121593 34.50000000 550.18572998
v -14.32600784 34.50000000 550.31524658
v -14.32600784 30.50000000 550.31524658
v -14.39424992 34.50000000 550.44836426
v -14.39424992 30.50000000 550.44836426
v -14.45577145 34.50000000 550.58471680
v -14.45577145 30.50000000 550.58471680
v -14.51042080 34.50000000 550.72393799
v -14.51042080 30.50000000 550.72393799
v -14.55806160 30.50000000 550.86578369
v -14.55806160 34.50000000 550.86578369
v -14.59857464 30.50000000 551.00976562
v -14.59857464 34.50000000 551.00976562
v -14.63186073 30.50000000 551.15557861
v -14.63186073 34.50000000 551.15557861
v -14.65783501 34.50000000 551.30291748
v -14.65783501 30.50000000 551.30291748
v -14.67643547 30.50000000 551.45129395
v -14.67643547 34.50000000 551.45129395
v -14.68761349 34.50000000 551.60046387
v -14.68761349 30.50000000 551.60046387
v -10.09134293 20.50000000 551.75000000
v -10.09333229 20.50000000 551.82977295
v -10.09134293 30.50000000 551.75000000
v -10.09333229 30.50000000 551.82977295
v -10.09929371 20.50000000 551.90936279
v -10.09929371 30.50000000 551.90936279
v -10.10921383 20.50000000 551.98846436
v -10.10921383 30.50000000 551.98846436
v -10.12306690 20.50000000 552.06707764
v -10.12306690 30.50000000 552.06707764
v -10.14081955 20.50000000 552.14483643
v -10.14081955 30.50000000 552.14483643
v -10.16242599 30.50000000 552.22161865
v -10.16242599 20.50000000 552.22161865
v -10.18783474 30.50000000 552.29724121
v -10.18783474 20.50000000 552.29724121
v -10.21698093 20.50000000 552.37152100
v -10.21698093 30.50000000 552.37152100
v -10.24979305 30.50000000 552.44421387
v -10.24979305 20.50000000 552.44421387
v -10.28618813 30.50000000 552.51525879
v -10.28618813 20.50000000 552.51525879
v -10.32607746 20.50000000 552.58435059
v -10.32607746 30.50000000 552.58435059
v -10.36936092 20.50000000 552.65136719
v -10.36936092 30.50000000 552.65136719
v -10.41593075 20.50000000 552.71612549
v -10.41593075 30.50000000 552.71612549
v -10.46567154 20.50000000 552.77850342
v -10.46567154 30.50000000 552.77850342
v -10.51846027 20.50000000 552.83831787
v -10.51846027 30.50000000 552.83831787
v -10.57416439 30.50000000 552.89538574
v -10.57416439 20.50000000 552.89538574
v -10.63264561 20.50000000 552.94964600
v -10.63264561 30.50000000 552.94964600
v -10.69375896 20.50000000 553.00097656
v -10.69375896 30.50000000 553.00097656
v -10.75735283 20.50000000 553.04913330
v -10.75735283 30.50000000 553.04913330
v -10.82326889 20.50000000 553.09405518
v -10.82326889 30.50000000 553.09405518
v -10.89134312 20.50000000 553.13568115
v -10.89134312 30.50000000 553.13568115
v -10.96140575 30.50000000 553.17382812
v -10.96140575 20.50000000 553.17382812
v -11.03328323 30.50000000 553.20843506
v -11.03328323 20.50000000 553.20843506
v -11.10679722 20.50000000 553.23944092
v -11.10679722 30.50000000 553.23944092
v -11.18176460 20.50000000 553.26672363
v -11.18176460 30.50000000 553.26672363
v -11.25799847 20.50000000 553.29022217
v -11.25799847 30.50000000 553.29022217
v -11.33530903 20.50000000 553.30993652
v -11.33530903 30.50000000 553.30993652
v -11.41350555 20.50000000 553.32574463
v -11.41350555 30.50000000 553.32574463
v -11.49239349 20.50000000 553.33758545
v -11.49239349 30.50000000 553.33758545
v -11.57177448 20.50000000 553.34558105
v -11.57177448 30.50000000 553.34558105
v -11.65145397 20.50000000 553.34954834
v -11.65145397 30.50000000 553.34954834
v -11.73123169 20.50000000 553.34954834
v -11.73123169 30.50000000 553.34954834
v -11.81091118 20.50000000 553.34558105
v -11.81091118 30.50000000 553.34558105
v -11.89029312 20.50000000 553.33758545
v -11.89029312 30.50000000 553.33758545
v -11.96918011 20.50000000 553.32574463
v -11.96918011 30.50000000 553.32574463
v -12.04737663 20.50000000 553.30993652
v -12.04737663 30.50000000 553.30993652
v -12.12468815 30.50000000 553.29022217
v -12.12468815 20.50000000 553.29022217
v -12.20092201 20.50000000 553.26672363
v -12.20092201 30.50000000 553.26672363
v -12.27588844 20.50000000 553.23944092
v -12.27588844 30.50000000 553.23944092
v -12.34940243 20.50000000 553.20843506
v -12.34940243 30.50000000 553.20843506
v -12.42127991 30.50000000 553.17382812
v -12.42127991 20.50000000 553.17382812
v -12.49134254 30.50000000 553.13568115
v -12.49134254 20.50000000 553.13568115
v -12.55941677 20.50000000 553.09405518
v -12.55941677 30.50000000 553.09405518
v -12.62533283 20.50000000 553.04913330
v -12.62533283 30.50000000 553.04913330
v -12.68892670 30.50000000 553.00097656
v -12.68892670 20.50000000 553.00097656
v -12.75004005 30.50000000 552.94964600
v -12.75004005 20.50000000 552.94964600
v -12.80852222 30.50000000 552.89538574
v -12.80852222 20.50000000 552.89538574
v -12.86422634 30.50000000 552.83831787
v -12.86422634 20.50000000 552.83831787
v -12.91701412 20.50000000 552.77850342
v -12.91701412 30.50000000 552.77850342
v -12.96675491 20.50000000 552.71612549
v -12.96675491 30.50000000 552.71612549
v -13.01332474 30.50000000 552.65136719
v -13.01332474 20.50000000 552.65136719
v -13.05660820 30.50000000 552.58435059
v -13.05660820 20.50000000 552.58435059
v -13.09649754 20.50000000 552.51525879
v -13.09649754 30.50000000 552.51525879
v -13.13289356 20.50000000 552.44421387
v -13.13289356 30.50000000 552.44421387
v -13.16570473 20.50000000 552.37152100
v -13.16570473 30.50000000 552.37152100
v -13.19485092 20.50000000 552.29724121
v -13.19485092 30.50000000 552.29724121
v -13.22025967 30.50000000 552.22161865
v -13.22025967 20.50000000 552.22161865
v -13.24186707 20.50000000 552.14483643
v -13.24186707 30.50000000 552.14483643
v -13.25961876 30.50000000 552.06707764
v -13.25961876 20.50000000 552.06707764
v -13.27347183 20.50000000 551.98846436
v -13.27347183 30.50000000 551.98846436
v -13.28339195 20.50000000 551.90936279
v -13.28339195 30.50000000 551.90936279
v -13.28935432 20.50000000 551.82977295
v -13.28935432 30.50000000 551.82977295
v -13.29134274 30.50000000 551.75000000
v -13.29134274 20.50000000 551.75000000
v -13.28935432 20.50000000 551.67028809
v -13.28935432 30.50000000 551.67028809
v -13.28339195 30.50000000 551.59069824
v -13.28339195 20.50000000 551.59069824
v -13.27347183 20.50000000 551.51153564
v -13.27347183 30.50000000 551.51153564
v -13.25961876 20.50000000 551.43298340
v -13.25961876 30.50000000 551.43298340
v -13.24186707 20.50000000 551.35522461
v -13.24186707 30.50000000 551.35522461
v -13.22025967 20.50000000 551.27844238
v -13.22025967 30.50000000 551.27844238
v -13.19485092 30.50000000 551.20281982
v -13.19485092 20.50000000 551.20281982
v -13.16570473 20.50000000 551.12854004
v -13.16570473 30.50000000 551.12854004
v -13.13289356 20.50000000 551.05578613
v -13.13289356 30.50000000 551.05578613
v -13.09649754 30.50000000 550.98480225
v -13.09649754 20.50000000 550.98480225
v -13.05660820 20.50000000 550.91571045
v -13.05660820 30.50000000 550.91571045
v -13.01332474 20.50000000 550.84869385
v -13.01332474 30.50000000 550.84869385
v -12.96675491 20.50000000 550.78393555
v -12.96675491 30.50000000 550.78393555
v -12.91701412 20.50000000 550.72155762
v -12.91701412 30.50000000 550.72155762
v -12.86422634 30.50000000 550.66174316
v -12.86422634 20.50000000 550.66174316
v -12.80852222 20.50000000 550.60461426
v -12.80852222 30.50000000 550.60461426
v -12.75004005 30.50000000 550.55035400
v -12.75004005 20.50000000 550.55035400
v -12.68892670 20.50000000 550.49908447
v -12.68892670 30.50000000 550.49908447
v -12.62533283 30.50000000 550.45092773
v -12.62533283 20.50000000 550.45092773
v -12.55941677 30.50000000 550.40600586
v -12.55941677 20.50000000 550.40600586
v -12.49134254 20.50000000 550.36437988
v -12.49134254 30.50000000 550.36437988
v -12.42127991 20.50000000 550.32623291
v -12.42127991 30.50000000 550.32623291
v -12.34940243 20.50000000 550.29162598
v -12.34940243 30.50000000 550.29162598
v -12.27588844 20.50000000 550.26062012
v -12.27588844 30.50000000 550.26062012
v -12.20092201 30.50000000 550.23333740
v -12.20092201 20.50000000 550.23333740
v -12.12468815 20.50000000 550.20983887
v -12.12468815 30.50000000 550.20983887
v -12.04737663 20.50000000 550.19012451
v -12.04737663 30.50000000 550.19012451
v -11.96918011 30.50000000 550.17431641
v -11.96918011 20.50000000 550.17431641
v -11.89029312 20.50000000 550.16241455
v -11.89029312 30.50000000 550.16241455
v -11.81091118 20.50000000 550.15447998
v -11.81091118 30.50000000 550.15447998
v -11.73123169 20.50000000 550.15051270
v -11.73123169 30.50000000 550.15051270
v -11.65145397 20.50000000 550.15051270
v -11.65145397 30.50000000 550.15051270
v -11.57177448 30.50000000 550.15447998
v -11.57177448 20.50000000 550.15447998
v -11.49239349 20.50000000 550.16241455
v -11.49239349 30.50000000 550.16241455
v -11.41350555 20.50000000 550.17431641
v -11.41350555 30.50000000 550.17431641
v -11.33530903 20.50000000 550.19012451
v -11.33530903 30.50000000 550.19012451
v -11.25799847 20.50000000 550.20983887
v -11.25799847 30.50000000 550.20983887
v -11.18176460 20.50000000 550.23333740
v -11.18176460 30.50000000 550.23333740
v -11.10679722 20.50000000 550.26062012
v -11.10679722 30.50000000 550.26062012
v -11.03328323 20.50000000 550.29162598
v -11.03328323 30.50000000 550.29162598
v -10.96140575 20.50000000 550.32623291
v -10.96140575 30.50000000 550.32623291
v -10.89134312 20.50000000 550.36437988
v -10.89134312 30.50000000 550.36437988
v -10.82326889 20.50000000 550.40600586
v -10.82326889 30.50000000 550.40600586
v -10.75735283 30.50000000 550.45092773
v -10.75735283 20.50000000 550.45092773
v -10.69375896 30.50000000 550.49908447
v -10.69375896 20.50000000 550.49908447
v -10.63264561 20.50000000 550.55035400
v -10.63264561 30.50000000 550.55035400
v -10.57416439 20.50000000 550.60461426
v -10.57416439 30.50000000 550.60461426
v -10.51846027 20.50000000 550.66174316
v -10.51846027 30.50000000 550.66174316
v -10.46567154 20.50000000 550.72155762
v -10.46567154 30.50000000 550.72155762
v -10.41593075 20.50000000 550.78393555
v -10.41593075 30.50000000 550.78393555
v -10.36936092 20.50000000 550.84869385
v -10.36936092 30.50000000 550.84869385
v -10.32607746 20.50000000 550.91571045
v -10.32607746 30.50000000 550.91571045
v -10.28618813 30.50000000 550.98480225
v -10.28618813 20.50000000 550.98480225
v -10.24979305 20.50000000 551.05578613
v -10.24979305 30.50000000 551.05578613
v -10.21698093 20.50000000 551.12854004
v -10.21698093 30.50000000 551.12854004
v -10.18783474 20.50000000 551.20281982
v -10.18783474 30.50000000 551.20281982
v -10.16242599 20.50000000 551.27844238
v -10.16242599 30.50000000 551.27844238
v -10.14081955 20.50000000 551.35522461
v -10.14081955 30.50000000 551.35522461
v -10.12306690 30.50000000 551.43298340
v -10.12306690 20.50000000 551.43298340
v -10.10921383 30.50000000 551.51153564
v -10.10921383 20.50000000 551.51153564
v -10.09929371 20.50000000 551.59069824
v -10.09929371 30.50000000 551.59069824
v -10.09333229 20.50000000 551.67028809
v -10.09333229 30.50000000 551.67028809
v -10.09134293 20.50000000 565.25000000
v -10.09333229 20.50000000 565.32977295
v -10.09134293 30.50000000 565.25000000
v -10.09333229 30.50000000 565.32977295
v -10.09929371 20.50000000 565.40936279
v -10.09929371 30.50000000 565.40936279
v -10.10921383 20.50000000 565.48846436
v -10.10921383 30.50000000 565.48846436
v -10.12306690 20.50000000 565.56707764
v -10.12306690 30.50000000 565.56707764
v -10.14081955 20.50000000 565.64483643
v -10.14081955 30.50000000 565.64483643
v -10.16242599 30.50000000 565.72161865
v -10.16242599 20.50000000 565.72161865
v -10.18783474 30.50000000 565.79724121
v -10.18783474 20.50000000 565.79724121
v -10.21698093 20.50000000 565.87152100
v -10.21698093 30.50000000 565.87152100
v -10.24979305 30.50000000 565.94421387
v -10.24979305 20.50000000 565.94421387
v -10.28618813 30.50000000 566.01525879
v -10.28618813 20.50000000 566.01525879
v -10.32607746 20.50000000 566.08435059
v -10.32607746 30.50000000 566.08435059
v -10.36936092 20.50000000 566.15136719
v -10.36936092 30.50000000 566.15136719
v -10.41593075 20.50000000 566.21612549
v -10.41593075 30.50000000 566.21612549
v -10.46567154 20.50000000 566.27850342
v -10.46567154 30.50000000 566.27850342
v -10.51846027 20.50000000 566.33831787
v -10.51846027 30.50000000 566.33831787
v -10.57416439 30.50000000 566.39538574
v -10.57416439 20.50000000 566.39538574
v -10.63264561 20.50000000 566.44964600
v -10.63264561 30.50000000 566.44964600
v -10.69375896 20.50000000 566.50097656
v -10.69375896 30.50000000 566.50097656
v -10.75735283 20.50000000 566.54913330
v -10.75735283 30.50000000 566.54913330
v -10.82326889 20.50000000 566.59405518
v -10.82326889 30.50000000 566.59405518
v -10.89134312 20.50000000 566.63568115
v -10.89134312 30.50000000 566.63568115
v -10.96140575 30.50000000 566.67382812
v -10.96140575 20.50000000 566.67382812
v -11.03328323 30.50000000 566.70843506
v -11.03328323 20.50000000 566.70843506
v -11.10679722 20.50000000 566.73944092
v -11.10679722 30.50000000 566.73944092
v -11.18176460 20.50000000 566.76672363
v -11.18176460 30.50000000 566.76672363
v -11.25799847 20.50000000 566.79022217
v -11.25799847 30.50000000 566.79022217
v -11.33530903 20.50000000 566.80993652
v -11.33530903 30.50000000 566.80993652
v -11.41350555 20.50000000 566.82574463
v -11.41350555 30.50000000 566.82574463
v -11.49239349 20.50000000 566.83758545
v -11.49239349 30.50000000 566.83758545
v -11.57177448 20.50000000 566.84558105
v -11.57177448 30.50000000 566.84558105
v -11.65145397 20.50000000 566.84954834
v -11.65145397 30.50000000 566.84954834
v -11.73123169 20.50000000 566.84954834
v -11.73123169 30.50000000 566.84954834
v -11.81091118 20.50000000 566.84558105
v -11.81091118 30.50000000 566.84558105
v -11.89029312 20.50000000 566.83758545
v -11.89029312 30.50000000 566.83758545
v -11.96918011 20.50000000 566.82574463
v -11.96918011 30.50000000 566.82574463
v -12.04737663 20.50000000 566.80993652
v -12.04737663 30.50000000 566.80993652
v -12.12468815 30.50000000 566.79022217
v -12.12468815 20.50000000 566.79022217
v -12.20092201 20.50000000 566.76672363
v -12.20092201 30.50000000 566.76672363
v -12.27588844 20.50000000 566.73944092
v -12.27588844 30.50000000 566.73944092
v -12.34940243 20.50000000 566.70843506
v -12.34940243 30.50000000 566.70843506
v -12.42127991 30.50000000 566.67382812
v -12.42127991 20.50000000 566.67382812
v -12.49134254 30.50000000 566.63568115
v -12.49134254 20.50000000 566.63568115
v -12.55941677 20.50000000 566.59405518
v -12.55941677 30.50000000 566.59405518
v -12.62533283 20.50000000 566.54913330
v -12.62533283 30.50000000 566.54913330
v -12.68892670 30.50000000 566.50097656
v -12.68892670 20.50000000 566.50097656
v -12.75004005 30.50000000 566.44964600
v -12.75004005 20.50000000 566.44964600
v -12.80852222 30.50000000 566.39538574
v -12.80852222 20.50000000 566.39538574
v -12.86422634 30.50000000 566.33831787
v -12.86422634 20.50000000 566.33831787
v -12.91701412 20.50000000 566.27850342
v -12.91701412 30.50000000 566.27850342
v -12.96675491 20.50000000 566.21612549
v -12.96675491 30.50000000 566.21612549
v -13.01332474 30.50000000 566.15136719
v -13.01332474 20.50000000 566.15136719
v -13.05660820 30.50000000 566.08435059
v -13.05660820 20.50000000 566.08435059
v -13.09649754 20.50000000 566.01525879
v -13.09649754 30.50000000 566.01525879
v -13.13289356 20.50000000 565.94421387
v -13.13289356 30.50000000 565.94421387
v -13.16570473 20.50000000 565.87152100
v -13.16570473 30.50000000 565.87152100
v -13.19485092 20.50000000 565.79724121
v -13.19485092 30.50000000 565.79724121
v -13.22025967 30.50000000 565.72161865
v -13.22025967 20.50000000 565.72161865
v -13.24186707 20.50000000 565.64483643
v -13.24186707 30.50000000 565.64483643
v -13.25961876 30.50000000 565.56707764
v -13.25961876 20.50000000 565.56707764
v -13.27347183 20.50000000 565.48846436
v -13.27347183 30.50000000 565.48846436
v -13.28339195 20.50000000 565.40936279
v -13.28339195 30.50000000 565.40936279
v -13.28935432 20.50000000 565.32977295
v -13.28935432 30.50000000 565.32977295
v -13.29134274 30.50000000 565.25000000
v -13.29134274 20.50000000 565.25000000
v -13.28935432 20.50000000 565.17028809
v -13.28935432 30.50000000 565.17028809
v -13.28339195 30.50000000 565.09069824
v -13.28339195 20.50000000 565.09069824
v -13.27347183 20.50000000 565.01153564
v -13.27347183 30.50000000 565.01153564
v -13.25961876 20.50000000 564.93298340
v -13.25961876 30.50000000 564.93298340
v -13.24186707 20.50000000 564.85522461
v -13.24186707 30.50000000 564.85522461
v -13.22025967 20.50000000 564.77844238
v -13.22025967 30.50000000 564.77844238
v -13.19485092 30.50000000 564.70281982
v -13.19485092 20.50000000 564.70281982
v -13.16570473 20.50000000 564.62854004
v -13.16570473 30.50000000 564.62854004
v -13.13289356 20.50000000 564.55578613
v -13.13289356 30.50000000 564.55578613
v -13.09649754 30.50000000 564.48480225
v -13.09649754 20.50000000 564.48480225
v -13.05660820 20.50000000 564.41571045
v -13.05660820 30.50000000 564.41571045
v -13.01332474 20.50000000 564.34869385
v -13.01332474 30.50000000 564.34869385
v -12.96675491 20.50000000 564.28393555
v -12.96675491 30.50000000 564.28393555
v -12.91701412 20.50000000 564.22155762
v -12.91701412 30.50000000 564.22155762
v -12.86422634 30.50000000 564.16174316
v -12.86422634 20.50000000 564.16174316
v -12.80852222 20.50000000 564.10461426
v -12.80852222 30.50000000 564.10461426
v -12.75004005 30.50000000 564.05035400
v -12.75004005 20.50000000 564.05035400
v -12.68892670 20.50000000 563.99908447
v -12.68892670 30.50000000 563.99908447
v -12.62533283 30.50000000 563.95092773
v -12.62533283 20.50000000 563.95092773
v -12.55941677 30.50000000 563.90600586
v -12.55941677 20.50000000 563.90600586
v -12.49134254 20.50000000 563.86437988
v -12.49134254 30.50000000 563.86437988
v -12.42127991 20.50000000 563.82623291
v -12.42127991 30.50000000 563.82623291
v -12.34940243 20.50000000 563.79162598
v -12.34940243 30.50000000 563.79162598
v -12.27588844 20.50000000 563.76062012
v -12.27588844 30.50000000 563.76062012
v -12.20092201 30.50000000 563.73333740
v -12.20092201 20.50000000 563.73333740
v -12.12468815 20.50000000 563.70983887
v -12.12468815 30.50000000 563.70983887
v -12.04737663 20.50000000 563.69012451
v -12.04737663 30.50000000 563.69012451
v -11.96918011 30.50000000 563.67431641
v -11.96918011 20.50000000 563.67431641
v -11.89029312 20.50000000 563.66241455
v -11.89029312 30.50000000 563.66241455
v -11.81091118 20.50000000 563.65447998
v -11.81091118 30.50000000 563.65447998
v -11.73123169 20.50000000 563.65051270
v -11.73123169 30.50000000 563.65051270
v -11.65145397 20.50000000 563.65051270
v -11.65145397 30.50000000 563.65051270
v -11.57177448 30.50000000 563.65447998
v -11.57177448 20.50000000 563.65447998
v -11.49239349 20.50000000 563.66241455
v -11.49239349 30.50000000 563.66241455
v -11.41350555 20.50000000 563.67431641
v -11.41350555 30.50000000 563.67431641
v -11.33530903 20.50000000 563.69012451
v -11.33530903 30.50000000 563.69012451
v -11.25799847 20.50000000 563.70983887
v -11.25799847 30.50000000 563.70983887
v -11.18176460 20.50000000 563.73333740
v -11.18176460 30.50000000 563.73333740
v -11.10679722 20.50000000 563.76062012
v -11.10679722 30.50000000 563.76062012
v -11.03328323 20.50000000 563.79162598
v -11.03328323 30.50000000 563.79162598
v -10.96140575 20.50000000 563.82623291
v -10.96140575 30.50000000 563.82623291
v -10.89134312 20.50000000 563.86437988
v -10.89134312 30.50000000 563.86437988
v -10.82326889 20.50000000 563.90600586
v -10.82326889 30.50000000 563.90600586
v -10.75735283 30.50000000 563.95092773
v -10.75735283 20.50000000 563.95092773
v -10.69375896 30.50000000 563.99908447
v -10.69375896 20.50000000 563.99908447
v -10.63264561 20.50000000 564.05035400
v -10.63264561 30.50000000 564.05035400
v -10.57416439 20.50000000 564.10461426
v -10.57416439 30.50000000 564.10461426
v -10.51846027 20.50000000 564.16174316
v -10.51846027 30.50000000 564.16174316
v -10.46567154 20.50000000 564.22155762
v -10.46567154 30.50000000 564.22155762
v -10.41593075 20.50000000 564.28393555
v -10.41593075 30.50000000 564.28393555
v -10.36936092 20.50000000 564.34869385
v -10.36936092 30.50000000 564.34869385
v -10.32607746 20.50000000 564.41571045
v -10.32607746 30.50000000 564.41571045
v -10.28618813 30.50000000 564.48480225
v -10.28618813 20.50000000 564.48480225
v -10.24979305 20.50000000 564.55578613
v -10.24979305 30.50000000 564.55578613
v -10.21698093 20.50000000 564.62854004
v -10.21698093 30.50000000 564.62854004
v -10.18783474 20.50000000 564.70281982
v -10.18783474 30.50000000 564.70281982
v -10.16242599 20.50000000 564.77844238
v -10.16242599 30.50000000 564.77844238
v -10.14081955 20.50000000 564.85522461
v -10.14081955 30.50000000 564.85522461
v -10.12306690 30.50000000 564.93298340
v -10.12306690 20.50000000 564.93298340
v -10.10921383 30.50000000 565.01153564
v -10.10921383 20.50000000 565.01153564
v -10.09929371 20.50000000 565.09069824
v -10.09929371 30.50000000 565.09069824
v -10.09333229 20.50000000 565.17028809
v -10.09333229 30.50000000 565.17028809
v 1.60000002 20.50000000 572.00000000
v 1.59801102 20.50000000 572.07977295
v 1.60000002 30.50000000 572.00000000
v 1.59801102 30.50000000 572.07977295
v 1.59204924 20.50000000 572.15936279
v 1.59204924 30.50000000 572.15936279
v 1.58212936 20.50000000 572.23846436
v 1.58212936 30.50000000 572.23846436
v 1.56827593 20.50000000 572.31707764
v 1.56827593 30.50000000 572.31707764
v 1.55052364 20.50000000 572.39483643
v 1.55052364 30.50000000 572.39483643
v 1.52891648 30.50000000 572.47161865
v 1.52891648 20.50000000 572.47161865
v 1.50350821 30.50000000 572.54724121
v 1.50350821 20.50000000 572.54724121
v 1.47436190 20.50000000 572.62152100
v 1.47436190 30.50000000 572.62152100
v 1.44155014 30.50000000 572.69421387
v 1.44155014 20.50000000 572.69421387
v 1.40515447 30.50000000 572.76525879
v 1.40515447 20.50000000 572.76525879
v 1.36526537 20.50000000 572.83435059
v 1.36526537 30.50000000 572.83435059
v 1.32198203 20.50000000 572.90136719
v 1.32198203 30.50000000 572.90136719
v 1.27541196 20.50000000 572.96612549
v 1.27541196 30.50000000 572.96612549
v 1.22567105 20.50000000 573.02850342
v 1.22567105 30.50000000 573.02850342
v 1.17288303 20.50000000 573.08831787
v 1.17288303 30.50000000 573.08831787
v 1.11717892 30.50000000 573.14538574
v 1.11717892 20.50000000 573.14538574
v 1.05869734 20.50000000 573.19964600
v 1.05869734 30.50000000 573.19964600
v 0.99758369 20.50000000 573.25097656
v 0.99758369 30.50000000 573.25097656
v 0.93398988 20.50000000 573.29913330
v 0.93398988 30.50000000 573.29913330
v 0.86807400 20.50000000 573.34405518
v 0.86807400 30.50000000 573.34405518
v 0.80000001 20.50000000 573.38568115
v 0.80000001 30.50000000 573.38568115
v 0.72993708 30.50000000 573.42382812
v 0.72993708 20.50000000 573.42382812
v 0.65805936 30.50000000 573.45843506
v 0.65805936 20.50000000 573.45843506
v 0.58454561 20.50000000 573.48944092
v 0.58454561 30.50000000 573.48944092
v 0.50957865 20.50000000 573.51672363
v 0.50957865 30.50000000 573.51672363
v 0.43334475 20.50000000 573.54022217
v 0.43334475 30.50000000 573.54022217
v 0.35603350 20.50000000 573.55993652
v 0.35603350 30.50000000 573.55993652
v 0.27783710 20.50000000 573.57574463
v 0.27783710 30.50000000 573.57574463
v 0.19894993 20.50000000 573.58758545
v 0.19894993 30.50000000 573.58758545
v 0.11956815 20.50000000 573.59558105
v 0.11956815 30.50000000 573.59558105
v 0.03988911 20.50000000 573.59954834
v 0.03988911 30.50000000 573.59954834
v -0.03988911 20.50000000 573.59954834
v -0.03988911 30.50000000 573.59954834
v -0.11956815 20.50000000 573.59558105
v -0.11956815 30.50000000 573.59558105
v -0.19894993 20.50000000 573.58758545
v -0.19894993 30.50000000 573.58758545
v -0.27783710 20.50000000 573.57574463
v -0.27783710 30.50000000 573.57574463
v -0.35603350 20.50000000 573.55993652
v -0.35603350 30.50000000 573.55993652
v -0.43334475 30.50000000 573.54022217
v -0.43334475 20.50000000 573.54022217
v -0.50957865 20.50000000 573.51672363
v -0.50957865 30.50000000 573.51672363
v -0.58454561 20.50000000 573.48944092
v -0.58454561 30.50000000 573.48944092
v -0.65805936 20.50000000 573.45843506
v -0.65805936 30.50000000 573.45843506
v -0.72993708 30.50000000 573.42382812
v -0.72993708 20.50000000 573.42382812
v -0.80000001 30.50000000 573.38568115
v -0.80000001 20.50000000 573.38568115
v -0.86807400 20.50000000 573.34405518
v -0.86807400 30.50000000 573.34405518
v -0.93398988 20.50000000 573.29913330
v -0.93398988 30.50000000 573.29913330
v -0.99758369 30.50000000 573.25097656
v -0.99758369 20.50000000 573.25097656
v -1.05869734 30.50000000 573.19964600
v -1.05869734 20.50000000 573.19964600
v -1.11717892 30.50000000 573.14538574
v -1.11717892 20.50000000 573.14538574
v -1.17288303 30.50000000 573.08831787
v -1.17288303 20.50000000 573.08831787
v -1.22567105 20.50000000 573.02850342
v -1.22567105 30.50000000 573.02850342
v -1.27541196 20.50000000 572.96612549
v -1.27541196 30.50000000 572.96612549
v -1.32198203 30.50000000 572.90136719
v -1.32198203 20.50000000 572.90136719
v -1.36526537 30.50000000 572.83435059
v -1.36526537 20.50000000 572.83435059
v -1.40515447 20.50000000 572.76525879
v -1.40515447 30.50000000 572.76525879
v -1.44155014 20.50000000 572.69421387
v -1.44155014 30.50000000 572.69421387
v -1.47436190 20.50000000 572.62152100
v -1.47436190 30.50000000 572.62152100
v -1.50350821 20.50000000 572.54724121
v -1.50350821 30.50000000 572.54724121
v -1.52891648 30.50000000 572.47161865
v -1.52891648 20.50000000 572.47161865
v -1.55052364 20.50000000 572.39483643
v -1.55052364 30.50000000 572.39483643
v -1.56827593 30.50000000 572.31707764
v -1.56827593 20.50000000 572.31707764
v -1.58212936 20.50000000 572.23846436
v -1.58212936 30.50000000 572.23846436
v -1.59204924 20.50000000 572.15936279
v -1.59204924 30.50000000 572.15936279
v -1.59801102 20.50000000 572.07977295
v -1.59801102 30.50000000 572.07977295
v -1.60000002 30.50000000 572.00000000
v -1.60000002 20.50000000 572.00000000
v -1.59801102 20.50000000 571.92028809
v -1.59801102 30.50000000 571.92028809
v -1.59204924 30.50000000 571.84069824
v -1.59204924 20.50000000 571.84069824
v -1.58212936 20.50000000 571.76153564
v -1.58212936 30.50000000 571.76153564
v -1.56827593 20.50000000 571.68298340
v -1.56827593 30.50000000 571.68298340
v -1.55052364 20.50000000 571.60522461
v -1.55052364 30.50000000 571.60522461
v -1.52891648 20.50000000 571.52844238
v -1.52891648 30.50000000 571.52844238
v -1.50350821 30.50000000 571.45281982
v -1.50350821 20.50000000 571.45281982
v -1.47436190 20.50000000 571.37854004
v -1.47436190 30.50000000 571.37854004
v -1.44155014 20.50000000 571.30578613
v -1.44155014 30.50000000 571.30578613
v -1.40515447 30.50000000 571.23480225
v -1.40515447 20.50000000 571.23480225
v -1.36526537 20.50000000 571.16571045
v -1.36526537 30.50000000 571.16571045
v -1.32198203 20.50000000 571.09869385
v -1.32198203 30.50000000 571.09869385
v -1.27541196 20.50000000 571.03393555
v -1.27541196 30.50000000 571.03393555
v -1.22567105 20.50000000 570.97155762
v -1.22567105 30.50000000 570.97155762
v -1.17288303 30.50000000 570.91174316
v -1.17288303 20.50000000 570.91174316
v -1.11717892 20.50000000 570.85461426
v -1.11717892 30.50000000 570.85461426
v -1.05869734 30.50000000 570.80035400
v -1.05869734 20.50000000 570.80035400
v -0.99758369 20.50000000 570.74908447
v -0.99758369 30.50000000 570.74908447
v -0.93398988 30.50000000 570.70092773
v -0.93398988 20.50000000 570.70092773
v -0.86807400 30.50000000 570.65600586
v -0.86807400 20.50000000 570.65600586
v -0.80000001 20.50000000 570.61437988
v -0.80000001 30.50000000 570.61437988
v -0.72993708 20.50000000 570.57623291
v -0.72993708 30.50000000 570.57623291
v -0.65805936 20.50000000 570.54162598
v -0.65805936 30.50000000 570.54162598
v -0.58454561 20.50000000 570.51062012
v -0.58454561 30.50000000 570.51062012
v -0.50957865 30.50000000 570.48333740
v -0.50957865 20.50000000 570.48333740
v -0.43334475 20.50000000 570.45983887
v -0.43334475 30.50000000 570.45983887
v -0.35603350 20.50000000 570.44012451
v -0.35603350 30.50000000 570.44012451
v -0.27783710 30.50000000 570.42431641
v -0.27783710 20.50000000 570.42431641
v -0.19894993 20.50000000 570.41241455
v -0.19894993 30.50000000 570.41241455
v -0.11956815 20.50000000 570.40447998
v -0.11956815 30.50000000 570.40447998
v -0.03988911 20.50000000 570.40051270
v -0.03988911 30.50000000 570.40051270
v 0.03988911 20.50000000 570.40051270
v 0.03988911 30.50000000 570.40051270
v 0.11956815 30.50000000 570.40447998
v 0.11956815 20.50000000 570.40447998
v 0.19894993 20.50000000 570.41241455
v 0.19894993 30.50000000 570.41241455
v 0.27783710 20.50000000 570.42431641
v 0.27783710 30.50000000 570.42431641
v 0.35603350 20.50000000 570.44012451
v 0.35603350 30.50000000 570.44012451
v 0.43334475 20.50000000 570.45983887
v 0.43334475 30.50000000 570.45983887
v 0.50957865 20.50000000 570.48333740
v 0.50957865 30.50000000 570.48333740
v 0.58454561 20.50000000 570.51062012
v 0.58454561 30.50000000 570.51062012
v 0.65805936 20.50000000 570.54162598
v 0.65805936 30.50000000 570.54162598
v 0.72993708 20.50000000 570.57623291
v 0.72993708 30.50000000 570.57623291
v 0.80000001 20.50000000 570.61437988
v 0.80000001 30.50000000 570.61437988
v 0.86807400 20.50000000 570.65600586
v 0.86807400 30.50000000 570.65600586
v 0.93398988 30.50000000 570.70092773
v 0.93398988 20.50000000 570.70092773
v 0.99758369 30.50000000 570.74908447
v 0.99758369 20.50000000 570.74908447
v 1.05869734 20.50000000 570.80035400
v 1.05869734 30.50000000 570.80035400
v 1.11717892 20.50000000 570.85461426
v 1.11717892 30.50000000 570.85461426
v 1.17288303 20.50000000 570.91174316
v 1.17288303 30.50000000 570.91174316
v 1.22567105 20.50000000 570.97155762
v 1.22567105 30.50000000 570.97155762
v 1.27541196 20.50000000 571.03393555
v 1.27541196 30.50000000 571.03393555
v 1.32198203 20.50000000 571.09869385
v 1.32198203 30.50000000 571.09869385
v 1.36526537 20.50000000 571.16571045
v 1.36526537 30.50000000 571.16571045
v 1.40515447 30.50000000 571.23480225
v 1.40515447 20.50000000 571.23480225
v 1.44155014 20.50000000 571.30578613
v 1.44155014 30.50000000 571.30578613
v 1.47436190 20.50000000 571.37854004
v 1.47436190 30.50000000 571.37854004
v 1.50350821 20.50000000 571.45281982
v 1.50350821 30.50000000 571.45281982
v 1.52891648 20.50000000 571.52844238
v 1.52891648 30.50000000 571.52844238
v 1.55052364 20.50000000 571.60522461
v 1.55052364 30.50000000 571.60522461
v 1.56827593 30.50000000 571.68298340
v 1.56827593 20.50000000 571.68298340
v 1.58212936 30.50000000 571.76153564
v 1.58212936 20.50000000 571.76153564
v 1.59204924 20.50000000 571.84069824
v 1.59204924 30.50000000 571.84069824
v 1.59801102 20.50000000 571.92028809
v 1.59801102 30.50000000 571.92028809
v 13.29134274 20.50000000 565.25000000
v 13.28935432 20.50000000 565.32977295
v 13.29134274 30.50000000 565.25000000
v 13.28935432 30.50000000 565.32977295
v 13.28339195 20.50000000 565.40936279
v 13.28339195 30.50000000 565.40936279
v 13.27347183 20.50000000 565.48846436
v 13.27347183 30.50000000 565.48846436
v 13.25961876 20.50000000 565.56707764
v 13.25961876 30.50000000 565.56707764
v 13.24186707 20.50000000 565.64483643
v 13.24186707 30.50000000 565.64483643
v 13.22025967 30.50000000 565.72161865
v 13.22025967 20.50000000 565.72161865
v 13.19485092 30.50000000 565.79724121
v 13.19485092 20.50000000 565.79724121
v 13.16570473 20.50000000 565.87152100
v 13.16570473 30.50000000 565.87152100
v 13.13289356 30.50000000 565.94421387
v 13.13289356 20.50000000 565.94421387
v 13.09649754 30.50000000 566.01525879
v 13.09649754 20.50000000 566.01525879
v 13.05660820 20.50000000 566.08435059
v 13.05660820 30.50000000 566.08435059
v 13.01332474 20.50000000 566.15136719
v 13.01332474 30.50000000 566.15136719
v 12.96675491 20.50000000 566.21612549
v 12.96675491 30.50000000 566.21612549
v 12.91701412 20.50000000 566.27850342
v 12.91701412 30.50000000 566.27850342
v 12.86422634 20.50000000 566.33831787
v 12.86422634 30.50000000 566.33831787
v 12.80852222 30.50000000 566.39538574
v 12.80852222 20.50000000 566.39538574
v 12.75004005 20.50000000 566.44964600
v 12.75004005 30.50000000 566.44964600
v 12.68892670 20.50000000 566.50097656
v 12.68892670 30.50000000 566.50097656
v 12.62533283 20.50000000 566.54913330
v 12.62533283 30.50000000 566.54913330
v 12.55941677 20.50000000 566.59405518
v 12.55941677 30.50000000 566.59405518
v 12.49134254 20.50000000 566.63568115
v 12.49134254 30.50000000 566.63568115
v 12.42127991 30.50000000 566.67382812
v 12.42127991 20.50000000 566.67382812
v 12.34940243 30.50000000 566.70843506
v 12.34940243 20.50000000 566.70843506
v 12.27588844 20.50000000 566.73944092
v 12.27588844 30.50000000 566.73944092
v 12.20092201 20.50000000 566.76672363
v 12.20092201 30.50000000 566.76672363
v 12.12468815 20.50000000 566.79022217
v 12.12468815 30.50000000 566.79022217
v 12.04737663 20.50000000 566.80993652
v 12.04737663 30.50000000 566.80993652
v 11.96918011 20.50000000 566.82574463
v 11.96918011 30.50000000 566.82574463
v 11.89029312 20.50000000 566.83758545
v 11.89029312 30.50000000 566.83758545
v 11.81091118 20.50000000 566.84558105
v 11.81091118 30.50000000 566.84558105
v 11.73123169 20.50000000 566.84954834
v 11.73123169 30.50000000 566.84954834
v 11.65145397 20.50000000 566.84954834
v 11.65145397 30.50000000 566.84954834
v 11.57177448 20.50000000 566.84558105
v 11.57177448 30.50000000 566.84558105
v 11.49239349 20.50000000 566.83758545
v 11.49239349 30.50000000 566.83758545
v 11.41350555 20.50000000 566.82574463
v 11.41350555 30.50000000 566.82574463
v 11.33530903 20.50000000 566.80993652
v 11.33530903 30.50000000 566.80993652
v 11.25799847 30.50000000 566.79022217
v 11.25799847 20.50000000 566.79022217
v 11.18176460 20.50000000 566.76672363
v 11.18176460 30.50000000 566.76672363
v 11.10679722 20.50000000 566.73944092
v 11.10679722 30.50000000 566.73944092
v 11.03328323 20.50000000 566.70843506
v 11.03328323 30.50000000 566.70843506
v 10.96140575 30.50000000 566.67382812
v 10.96140575 20.50000000 566.67382812
v 10.89134312 30.50000000 566.63568115
v 10.89134312 20.50000000 566.63568115
v 10.82326889 20.50000000 566.59405518
v 10.82326889 30.50000000 566.59405518
v 10.75735283 20.50000000 566.54913330
v 10.75735283 30.50000000 566.54913330
v 10.69375896 30.50000000 566.50097656
v 10.69375896 20.50000000 566.50097656
v 10.63264561 30.50000000 566.44964600
v 10.63264561 20.50000000 566.44964600
v 10.57416439 30.50000000 566.39538574
v 10.57416439 20.50000000 566.39538574
v 10.51846027 30.50000000 566.33831787
v 10.51846027 20.50000000 566.33831787
v 10.46567154 20.50000000 566.27850342
v 10.46567154 30.50000000 566.27850342
v 10.41593075 20.50000000 566.21612549
v 10.41593075 30.50000000 566.21612549
v 10.36936092 30.50000000 566.15136719
v 10.36936092 20.50000000 566.15136719
v 10.32607746 30.50000000 566.08435059
v 10.32607746 20.50000000 566.08435059
v 10.28618813 20.50000000 566.01525879
v 10.28618813 30.50000000 566.01525879
v 10.24979305 20.50000000 565.94421387
v 10.24979305 30.50000000 565.94421387
v 10.21698093 20.50000000 565.87152100
v 10.21698093 30.50000000 565.87152100
v 10.18783474 20.50000000 565.79724121
v 10.18783474 30.50000000 565.79724121
v 10.16242599 30.50000000 565.72161865
v 10.16242599 20.50000000 565.72161865
v 10.14081955 20.50000000 565.64483643
v 10.14081955 30.50000000 565.64483643
v 10.12306690 30.50000000 565.56707764
v 10.12306690 20.50000000 565.56707764
v 10.10921383 20.50000000 565.48846436
v 10.10921383 30.50000000 565.48846436
v 10.09929371 20.50000000 565.40936279
v 10.09929371 30.50000000 565.40936279
v 10.09333229 20.50000000 565.32977295
v 10.09333229 30.50000000 565.32977295
v 10.09134293 30.50000000 565.25000000
v 10.09134293 20.50000000 565.25000000
v 10.09333229 20.50000000 565.17028809
v 10.09333229 30.50000000 565.17028809
v 10.09929371 30.50000000 565.09069824
v 10.09929371 20.50000000 565.09069824
v 10.10921383 20.50000000 565.01153564
v 10.10921383 30.50000000 565.01153564
v 10.12306690 20.50000000 564.93298340
v 10.12306690 30.50000000 564.93298340
v 10.14081955 20.50000000 564.85522461
v 10.14081955 30.50000000 564.85522461
v 10.16242599 20.50000000 564.77844238
v 10.16242599 30.50000000 564.77844238
v 10.18783474 30.50000000 564.70281982
v 10.18783474 20.50000000 564.70281982
v 10.21698093 20.50000000 564.62854004
v 10.21698093 30.50000000 564.62854004
v 10.24979305 20.50000000 564.55578613
v 10.24979305 30.50000000 564.55578613
v 10.28618813 30.50000000 564.48480225
v 10.28618813 20.50000000 564.48480225
v 10.32607746 20.50000000 564.41571045
v 10.32607746 30.50000000 564.41571045
v 10.36936092 20.50000000 564.34869385
v 10.36936092 30.50000000 564.34869385
v 10.41593075 20.50000000 564.28393555
v 10.41593075 30.50000000 564.28393555
v 10.46567154 20.50000000 564.22155762
v 10.46567154 30.50000000 564.22155762
v 10.51846027 30.50000000 564.16174316
v 10.51846027 20.50000000 564.16174316
v 10.57416439 20.50000000 564.10461426
v 10.57416439 30.50000000 564.10461426
v 10.63264561 30.50000000 564.05035400
v 10.63264561 20.50000000 564.05035400
v 10.69375896 20.50000000 563.99908447
v 10.69375896 30.50000000 563.99908447
v 10.75735283 30.50000000 563.95092773
v 10.75735283 20.50000000 563.95092773
v 10.82326889 30.50000000 563.90600586
v 10.82326889 20.50000000 563.90600586
v 10.89134312 20.50000000 563.86437988
v 10.89134312 30.50000000 563.86437988
v 10.96140575 20.50000000 563.82623291
v 10.96140575 30.50000000 563.82623291
v 11.03328323 20.50000000 563.79162598
v 11.03328323 30.50000000 563.79162598
v 11.10679722 20.50000000 563.76062012
v 11.10679722 30.50000000 563.76062012
v 11.18176460 30.50000000 563.73333740
v 11.18176460 20.50000000 563.73333740
v 11.25799847 20.50000000 563.70983887
v 11.25799847 30.50000000 563.70983887
v 11.33530903 20.50000000 563.69012451
v 11.33530903 30.50000000 563.69012451
v 11.41350555 30.50000000 563.67431641
v 11.41350555 20.50000000 563.67431641
v 11.49239349 20.50000000 563.66241455
v 11.49239349 30.50000000 563.66241455
v 11.57177448 20.50000000 563.65447998
v 11.57177448 30.50000000 563.65447998
v 11.65145397 20.50000000 563.65051270
v 11.65145397 30.50000000 563.65051270
v 11.73123169 20.50000000 563.65051270
v 11.73123169 30.50000000 563.65051270
v 11.81091118 30.50000000 563.65447998
v 11.81091118 20.50000000 563.65447998
v 11.89029312 20.50000000 563.66241455
v 11.89029312 30.50000000 563.66241455
v 11.96918011 20.50000000 563.67431641
v 11.96918011 30.50000000 563.67431641
v 12.04737663 20.50000000 563.69012451
v 12.04737663 30.50000000 563.69012451
v 12.12468815 20.50000000 563.70983887
v 12.12468815 30.50000000 563.70983887
v 12.20092201 20.50000000 563.73333740
v 12.20092201 30.50000000 563.73333740
v 12.27588844 20.50000000 563.76062012
v 12.27588844 30.50000000 563.76062012
v 12.34940243 20.50000000 563.79162598
v 12.34940243 30.50000000 563.79162598
v 12.42127991 20.50000000 563.82623291
v 12.42127991 30.50000000 563.82623291
v 12.49134254 20.50000000 563.86437988
v 12.49134254 30.50000000 563.86437988
v 12.55941677 20.50000000 563.90600586
v 12.55941677 30.50000000 563.90600586
v 12.62533283 30.50000000 563.95092773
v 12.62533283 20.50000000 563.95092773
v 12.68892670 30.50000000 563.99908447
v 12.68892670 20.50000000 563.99908447
v 12.75004005 20.50000000 564.05035400
v 12.75004005 30.50000000 564.05035400
v 12.80852222 20.50000000 564.10461426
v 12.80852222 30.50000000 564.10461426
v 12.86422634 20.50000000 564.16174316
v 12.86422634 30.50000000 564.16174316
v 12.91701412 20.50000000 564.22155762
v 12.91701412 30.50000000 564.22155762
v 12.96675491 20.50000000 564.28393555
v 12.96675491 30.50000000 564.28393555
v 13.01332474 20.50000000 564.34869385
v 13.01332474 30.50000000 564.34869385
v 13.05660820 20.50000000 564.41571045
v 13.05660820 30.50000000 564.41571045
v 13.09649754 30.50000000 564.48480225
v 13.09649754 20.50000000 564.48480225
v 13.13289356 20.50000000 564.55578613
v 13.13289356 30.50000000 564.55578613
v 13.16570473 20.50000000 564.62854004
v 13.16570473 30.50000000 564.62854004
v 13.19485092 20.50000000 564.70281982
v 13.19485092 30.50000000 564.70281982
v 13.22025967 20.50000000 564.77844238
v 13.22025967 30.50000000 564.77844238
v 13.24186707 20.50000000 564.85522461
v 13.24186707 30.50000000 564.85522461
v 13.25961876 30.50000000 564.93298340
v 13.25961876 20.50000000 564.93298340
v 13.27347183 30.50000000 565.01153564
v 13.27347183 20.50000000 565.01153564
v 13.28339195 20.50000000 565.09069824
v 13.28339195 30.50000000 565.09069824
v 13.28935432 20.50000000 565.17028809
v 13.28935432 30.50000000 565.17028809
v 13.29134274 20.50000000 551.75000000
v 13.28935432 20.50000000 551.82977295
v 13.29134274 30.50000000 551.75000000
v 13.28935432 30.50000000 551.82977295
v 13.28339195 20.50000000 551.90936279
v 13.28339195 30.50000000 551.90936279
v 13.27347183 20.50000000 551.98846436
v 13.27347183 30.50000000 551.98846436
v 13.25961876 20.50000000 552.06707764
v 13.25961876 30.50000000 552.06707764
v 13.24186707 20.50000000 552.14483643
v 13.24186707 30.50000000 552.14483643
v 13.22025967 30.50000000 552.22161865
v 13.22025967 20.50000000 552.22161865
v 13.19485092 30.50000000 552.29724121
v 13.19485092 20.50000000 552.29724121
v 13.16570473 20.50000000 552.37152100
v 13.16570473 30.50000000 552.37152100
v 13.13289356 30.50000000 552.44421387
v 13.13289356 20.50000000 552.44421387
v 13.09649754 30.50000000 552.51525879
v 13.09649754 20.50000000 552.51525879
v 13.05660820 20.50000000 552.58435059
v 13.05660820 30.50000000 552.58435059
v 13.01332474 20.50000000 552.65136719
v 13.01332474 30.50000000 552.65136719
v 12.96675491 20.50000000 552.71612549
v 12.96675491 30.50000000 552.71612549
v 12.91701412 20.50000000 552.77850342
v 12.91701412 30.50000000 552.77850342
v 12.86422634 20.50000000 552.83831787
v 12.86422634 30.50000000 552.83831787
v 12.80852222 30.50000000 552.89538574
v 12.80852222 20.50000000 552.89538574
v 12.75004005 20.50000000 552.94964600
v 12.75004005 30.50000000 552.94964600
v 12.68892670 20.50000000 553.00097656
v 12.68892670 30.50000000 553.00097656
v 12.62533283 20.50000000 553.04913330
v 12.62533283 30.50000000 553.04913330
v 12.55941677 20.50000000 553.09405518
v 12.55941677 30.50000000 553.09405518
v 12.49134254 20.50000000 553.13568115
v 12.49134254 30.50000000 553.13568115
v 12.42127991 30.50000000 553.17382812
v 12.42127991 20.50000000 553.17382812
v 12.34940243 30.50000000 553.20843506
v 12.34940243 20.50000000 553.20843506
v 12.27588844 20.50000000 553.23944092
v 12.27588844 30.50000000 553.23944092
v 12.20092201 20.50000000 553.26672363
v 12.20092201 30.50000000 553.26672363
v 12.12468815 20.50000000 553.29022217
v 12.12468815 30.50000000 553.29022217
v 12.04737663 20.50000000 553.30993652
v 12.04737663 30.50000000 553.30993652
v 11.96918011 20.50000000 553.32574463
v 11.96918011 30.50000000 553.32574463
v 11.89029312 20.50000000 553.33758545
v 11.89029312 30.50000000 553.33758545
v 11.81091118 20.50000000 553.34558105
v 11.81091118 30.50000000 553.34558105
v 11.73123169 20.50000000 553.34954834
v 11.73123169 30.50000000 553.34954834
v 11.65145397 20.50000000 553.34954834
v 11.65145397 30.50000000 553.34954834
v 11.57177448 20.50000000 553.34558105
v 11.57177448 30.50000000 553.34558105
v 11.49239349 20.50000000 553.33758545
v 11.49239349 30.50000000 553.33758545
v 11.41350555 20.50000000 553.32574463
v 11.41350555 30.50000000 553.32574463
v 11.33530903 20.50000000 553.30993652
v 11.33530903 30.50000000 553.30993652
v 11.25799847 30.50000000 553.29022217
v 11.25799847 20.50000000 553.29022217
v 11.18176460 20.50000000 553.26672363
v 11.18176460 30.50000000 553.26672363
v 11.10679722 20.50000000 553.23944092
v 11.10679722 30.50000000 553.23944092
v 11.03328323 20.50000000 553.20843506
v 11.03328323 30.50000000 553.20843506
v 10.96140575 30.50000000 553.17382812
v 10.96140575 20.50000000 553.17382812
v 10.89134312 30.50000000 553.13568115
v 10.89134312 20.50000000 553.13568115
v 10.82326889 20.50000000 553.09405518
v 10.82326889 30.50000000 553.09405518
v 10.75735283 20.50000000 553.04913330
v 10.75735283 30.50000000 553.04913330
v 10.69375896 30.50000000 553.00097656
v 10.69375896 20.50000000 553.00097656
v 10.63264561 30.50000000 552.94964600
v 10.63264561 20.50000000 552.94964600
v 10.57416439 30.50000000 552.89538574
v 10.57416439 20.50000000 552.89538574
v 10.51846027 30.50000000 552.83831787
v 10.51846027 20.50000000 552.83831787
v 10.46567154 20.50000000 552.77850342
v 10.46567154 30.50000000 552.77850342
v 10.41593075 20.50000000 552.71612549
v 10.41593075 30.50000000 552.71612549
v 10.36936092 30.50000000 552.65136719
v 10.36936092 20.50000000 552.65136719
v 10.32607746 30.50000000 552.58435059
v 10.32607746 20.50000000 552.58435059
v 10.28618813 20.50000000 552.51525879
v 10.28618813 30.50000000 552.51525879
v 10.24979305 20.50000000 552.44421387
v 10.24979305 30.50000000 552.44421387
v 10.21698093 20.50000000 552.37152100
v 10.21698093 30.50000000 552.37152100
v 10.18783474 20.50000000 552.29724121
v 10.18783474 30.50000000 552.29724121
v 10.16242599 30.50000000 552.22161865
v 10.16242599 20.50000000 552.22161865
v 10.14081955 20.50000000 552.14483643
v 10.14081955 30.50000000 552.14483643
v 10.12306690 30.50000000 552.06707764
v 10.12306690 20.50000000 552.06707764
v 10.10921383 20.50000000 551.98846436
v 10.10921383 30.50000000 551.98846436
v 10.09929371 20.50000000 551.90936279
v 10.09929371 30.50000000 551.90936279
v 10.09333229 20.50000000 551.82977295
v 10.09333229 30.50000000 551.82977295
v 10.09134293 30.50000000 551.75000000
v 10.09134293 20.50000000 551.75000000
v 10.09333229 20.50000000 551.67028809
v 10.09333229 30.50000000 551.67028809
v 10.09929371 30.50000000 551.59069824
v 10.09929371 20.50000000 551.59069824
v 10.10921383 20.50000000 551.51153564
v 10.10921383 30.50000000 551.51153564
v 10.12306690 20.50000000 551.43298340
v 10.12306690 30.50000000 551.43298340
v 10.14081955 20.50000000 551.35522461
v 10.14081955 30.50000000 551.35522461
v 10.16242599 20.50000000 551.27844238
v 10.16242599 30.50000000 551.27844238
v 10.18783474 30.50000000 551.20281982
v 10.18783474 20.50000000 551.20281982
v 10.21698093 20.50000000 551.12854004
v 10.21698093 30.50000000 551.12854004
v 10.24979305 20.50000000 551.05578613
v 10.24979305 30.50000000 551.05578613
v 10.28618813 30.50000000 550.98480225
v 10.28618813 20.50000000 550.98480225
v 10.32607746 20.50000000 550.91571045
v 10.32607746 30.50000000 550.91571045
v 10.36936092 20.50000000 550.84869385
v 10.36936092 30.50000000 550.84869385
v 10.41593075 20.50000000 550.78393555
v 10.41593075 30.50000000 550.78393555
v 10.46567154 20.50000000 550.72155762
v 10.46567154 30.50000000 550.72155762
v 10.51846027 30.50000000 550.66174316
v 10.51846027 20.50000000 550.66174316
v 10.57416439 20.50000000 550.60461426
v 10.57416439 30.50000000 550.60461426
v 10.63264561 30.50000000 550.55035400
v 10.63264561 20.50000000 550.55035400
v 10.69375896 20.50000000 550.49908447
v 10.69375896 30.50000000 550.49908447
v 10.75735283 30.50000000 550.45092773
v 10.75735283 20.50000000 550.45092773
v 10.82326889 30.50000000 550.40600586
v 10.82326889 20.50000000 550.40600586
v 10.89134312 20.50000000 550.36437988
v 10.89134312 30.50000000 550.36437988
v 10.96140575 20.50000000 550.32623291
v 10.96140575 30.50000000 550.32623291
v 11.03328323 20.50000000 550.29162598
v 11.03328323 30.50000000 550.29162598
v 11.10679722 20.50000000 550.26062012
v 11.10679722 30.50000000 550.26062012
v 11.18176460 30.50000000 550.23333740
v 11.18176460 20.50000000 550.23333740
v 11.25799847 20.50000000 550.20983887
v 11.25799847 30.50000000 550.20983887
v 11.33530903 20.50000000 550.19012451
v 11.33530903 30.50000000 550.19012451
v 11.41350555 30.50000000 550.17431641
v 11.41350555 20.50000000 550.17431641
v 11.49239349 20.50000000 550.16241455
v 11.49239349 30.50000000 550.16241455
v 11.57177448 20.50000000 550.15447998
v 11.57177448 30.50000000 550.15447998
v 11.65145397 20.50000000 550.15051270
v 11.65145397 30.50000000 550.15051270
v 11.73123169 20.50000000 550.15051270
v 11.73123169 30.50000000 550.15051270
v 11.81091118 30.50000000 550.15447998
v 11.81091118 20.50000000 550.15447998
v 11.89029312 20.50000000 550.16241455
v 11.89029312 30.50000000 550.16241455
v 11.96918011 20.50000000 550.17431641
v 11.96918011 30.50000000 550.17431641
v 12.04737663 20.50000000 550.19012451
v 12.04737663 30.50000000 550.19012451
v 12.12468815 20.50000000 550.20983887
v 12.12468815 30.50000000 550.20983887
v 12.20092201 20.50000000 550.23333740
v 12.20092201 30.50000000 550.23333740
v 12.27588844 20.50000000 550.26062012
v 12.27588844 30.50000000 550.26062012
v 12.34940243 20.50000000 550.29162598
v 12.34940243 30.50000000 550.29162598
v 12.42127991 20.50000000 550.32623291
v 12.42127991 30.50000000 550.32623291
v 12.49134254 20.50000000 550.36437988
v 12.49134254 30.50000000 550.36437988
v 12.55941677 20.50000000 550.40600586
v 12.55941677 30.50000000 550.40600586
v 12.62533283 30.50000000 550.45092773
v 12.62533283 20.50000000 550.45092773
v 12.68892670 30.50000000 550.49908447
v 12.68892670 20.50000000 550.49908447
v 12.75004005 20.50000000 550.55035400
v 12.75004005 30.50000000 550.55035400
v 12.80852222 20.50000000 550.60461426
v 12.80852222 30.50000000 550.60461426
v 12.86422634 20.50000000 550.66174316
v 12.86422634 30.50000000 550.66174316
v 12.91701412 20.50000000 550.72155762
v 12.91701412 30.50000000 550.72155762
v 12.96675491 20.50000000 550.78393555
v 12.96675491 30.50000000 550.78393555
v 13.01332474 20.50000000 550.84869385
v 13.01332474 30.50000000 550.84869385
v 13.05660820 20.50000000 550.91571045
v 13.05660820 30.50000000 550.91571045
v 13.09649754 30.50000000 550.98480225
v 13.09649754 20.50000000 550.98480225
v 13.13289356 20.50000000 551.05578613
v 13.13289356 30.50000000 551.05578613
v 13.16570473 20.50000000 551.12854004
v 13.16570473 30.50000000 551.12854004
v 13.19485092 20.50000000 551.20281982
v 13.19485092 30.50000000 551.20281982
v 13.22025967 20.50000000 551.27844238
v 13.22025967 30.50000000 551.27844238
v 13.24186707 20.50000000 551.35522461
v 13.24186707 30.50000000 551.35522461
v 13.25961876 30.50000000 551.43298340
v 13.25961876 20.50000000 551.43298340
v 13.27347183 30.50000000 551.51153564
v 13.27347183 20.50000000 551.51153564
v 13.28339195 20.50000000 551.59069824
v 13.28339195 30.50000000 551.59069824
v 13.28935432 20.50000000 551.67028809
v 13.28935432 30.50000000 551.67028809
v 1.60000002 20.50000000 545.00000000
v 1.59801102 20.50000000 545.07977295
v 1.60000002 30.50000000 545.00000000
v 1.59801102 30.50000000 545.07977295
v 1.59204924 20.50000000 545.15936279
v 1.59204924 30.50000000 545.15936279
v 1.58212936 20.50000000 545.23846436
v 1.58212936 30.50000000 545.23846436
v 1.56827593 20.50000000 545.31707764
v 1.56827593 30.50000000 545.31707764
v 1.55052364 20.50000000 545.39483643
v 1.55052364 30.50000000 545.39483643
v 1.52891648 30.50000000 545.47161865
v 1.52891648 20.50000000 545.47161865
v 1.50350821 30.50000000 545.54724121
v 1.50350821 20.50000000 545.54724121
v 1.47436190 20.50000000 545.62152100
v 1.47436190 30.50000000 545.62152100
v 1.44155014 30.50000000 545.69421387
v 1.44155014 20.50000000 545.69421387
v 1.40515447 30.50000000 545.76525879
v 1.40515447 20.50000000 545.76525879
v 1.36526537 20.50000000 545.83435059
v 1.36526537 30.50000000 545.83435059
v 1.32198203 20.50000000 545.90136719
v 1.32198203 30.50000000 545.90136719
v 1.27541196 20.50000000 545.96612549
v 1.27541196 30.50000000 545.96612549
v 1.22567105 20.50000000 546.02850342
v 1.22567105 30.50000000 546.02850342
v 1.17288303 20.50000000 546.08831787
v 1.17288303 30.50000000 546.08831787
v 1.11717892 30.50000000 546.14538574
v 1.11717892 20.50000000 546.14538574
v 1.05869734 20.50000000 546.19964600
v 1.05869734 30.50000000 546.19964600
v 0.99758369 20.50000000 546.25097656
v 0.99758369 30.50000000 546.25097656
v 0.93398988 20.50000000 546.29913330
v 0.93398988 30.50000000 546.29913330
v 0.86807400 20.50000000 546.34405518
v 0.86807400 30.50000000 546.34405518
v 0.80000001 20.50000000 546.38568115
v 0.80000001 30.50000000 546.38568115
v 0.72993708 30.50000000 546.42382812
v 0.72993708 20.50000000 546.42382812
v 0.65805936 30.50000000 546.45843506
v 0.65805936 20.50000000 546.45843506
v 0.58454561 20.50000000 546.48944092
v 0.58454561 30.50000000 546.48944092
v 0.50957865 20.50000000 546.51672363
v 0.50957865 30.50000000 546.51672363
v 0.43334475 20.50000000 546.54022217
v 0.43334475 30.50000000 546.54022217
v 0.35603350 20.50000000 546.55993652
v 0.35603350 30.50000000 546.55993652
v 0.27783710 20.50000000 546.57574463
v 0.27783710 30.50000000 546.57574463
v 0.19894993 20.50000000 546.58758545
v 0.19894993 30.50000000 546.58758545
v 0.11956815 20.50000000 546.59558105
v 0.11956815 30.50000000 546.59558105
v 0.03988911 20.50000000 546.59954834
v 0.03988911 30.50000000 546.59954834
v -0.03988911 20.50000000 546.59954834
v -0.03988911 30.50000000 546.59954834
v -0.11956815 20.50000000 546.59558105
v -0.11956815 30.50000000 546.59558105
v -0.19894993 20.50000000 546.58758545
v -0.19894993 30.50000000 546.58758545
v -0.27783710 20.50000000 546.57574463
v -0.27783710 30.50000000 546.57574463
v -0.35603350 20.50000000 546.55993652
v -0.35603350 30.50000000 546.55993652
v -0.43334475 30.50000000 546.54022217
v -0.43334475 20.50000000 546.54022217
v -0.50957865 20.50000000 546.51672363
v -0.50957865 30.50000000 546.51672363
v -0.58454561 20.50000000 546.48944092
v -0.58454561 30.50000000 546.48944092
v -0.65805936 20.50000000 546.45843506
v -0.65805936 30.50000000 546.45843506
v -0.72993708 30.50000000 546.42382812
v -0.72993708 20.50000000 546.42382812
v -0.80000001 30.50000000 546.38568115
v -0.80000001 20.50000000 546.38568115
v -0.86807400 20.50000000 546.34405518
v -0.86807400 30.50000000 546.34405518
v -0.93398988 20.50000000 546.29913330
v -0.93398988 30.50000000 546.29913330
v -0.99758369 30.50000000 546.25097656
v -0.99758369 20.50000000 546.25097656
v -1.05869734 30.50000000 546.19964600
v -1.05869734 20.50000000 546.19964600
v -1.11717892 30.50000000 546.14538574
v -1.11717892 20.50000000 546.14538574
v -1.17288303 30.50000000 546.08831787
v -1.17288303 20.50000000 546.08831787
v -1.22567105 20.50000000 546.02850342
v -1.22567105 30.50000000 546.02850342
v -1.27541196 20.50000000 545.96612549
v -1.27541196 30.50000000 545.96612549
v -1.32198203 30.50000000 545.90136719
v -1.32198203 20.50000000 545.90136719
v -1.36526537 30.50000000 545.83435059
v -1.36526537 20.50000000 545.83435059
v -1.40515447 20.50000000 545.76525879
v -1.40515447 30.50000000 545.76525879
v -1.44155014 20.50000000 545.69421387
v -1.44155014 30.50000000 545.69421387
v -1.47436190 20.50000000 545.62152100
v -1.47436190 30.50000000 545.62152100
v -1.50350821 20.50000000 545.54724121
v -1.50350821 30.50000000 545.54724121
v -1.52891648 30.50000000 545.47161865
v -1.52891648 20.50000000 545.47161865
v -1.55052364 20.50000000 545.39483643
v -1.55052364 30.50000000 545.39483643
v -1.56827593 30.50000000 545.31707764
v -1.56827593 20.50000000 545.31707764
v -1.58212936 20.50000000 545.23846436
v -1.58212936 30.50000000 545.23846436
v -1.59204924 20.50000000 545.15936279
v -1.59204924 30.50000000 545.15936279
v -1.59801102 20.50000000 545.07977295
v -1.59801102 30.50000000 545.07977295
v -1.60000002 30.50000000 545.00000000
v -1.60000002 20.50000000 545.00000000
v -1.59801102 20.50000000 544.92028809
v -1.59801102 30.50000000 544.92028809
v -1.59204924 30.50000000 544.84069824
v -1.59204924 20.50000000 544.84069824
v -1.58212936 20.50000000 544.76153564
v -1.58212936 30.50000000 544.76153564
v -1.56827593 20.50000000 544.68298340
v -1.56827593 30.50000000 544.68298340
v -1.55052364 20.50000000 544.60522461
v -1.55052364 30.50000000 544.60522461
v -1.52891648 20.50000000 544.52844238
v -1.52891648 30.50000000 544.52844238
v -1.50350821 30.50000000 544.45281982
v -1.50350821 20.50000000 544.45281982
v -1.47436190 20.50000000 544.37854004
v -1.47436190 30.50000000 544.37854004
v -1.44155014 20.50000000 544.30578613
v -1.44155014 30.50000000 544.30578613
v -1.40515447 30.50000000 544.23480225
v -1.40515447 20.50000000 544.23480225
v -1.36526537 20.50000000 544.16571045
v -1.36526537 30.50000000 544.16571045
v -1.32198203 20.50000000 544.09869385
v -1.32198203 30.50000000 544.09869385
v -1.27541196 20.50000000 544.03393555
v -1.27541196 30.50000000 544.03393555
v -1.22567105 20.50000000 543.97155762
v -1.22567105 30.50000000 543.97155762
v -1.17288303 30.50000000 543.91174316
v -1.17288303 20.50000000 543.91174316
v -1.11717892 20.50000000 543.85461426
v -1.11717892 30.50000000 543.85461426
v -1.05869734 30.50000000 543.80035400
v -1.05869734 20.50000000 543.80035400
v -0.99758369 20.50000000 543.74908447
v -0.99758369 30.50000000 543.74908447
v -0.93398988 30.50000000 543.70092773
v -0.93398988 20.50000000 543.70092773
v -0.86807400 30.50000000 543.65600586
v -0.86807400 20.50000000 543.65600586
v -0.80000001 20.50000000 543.61437988
v -0.80000001 30.50000000 543.61437988
v -0.72993708 20.50000000 543.57623291
v -0.72993708 30.50000000 543.57623291
v -0.65805936 20.50000000 543.54162598
v -0.65805936 30.50000000 543.54162598
v -0.58454561 20.50000000 543.51062012
v -0.58454561 30.50000000 543.51062012
v -0.50957865 30.50000000 543.48333740
v -0.50957865 20.50000000 543.48333740
v -0.43334475 20.50000000 543.45983887
v -0.43334475 30.50000000 543.45983887
v -0.35603350 20.50000000 543.44012451
v -0.35603350 30.50000000 543.44012451
v -0.27783710 30.50000000 543.42431641
v -0.27783710 20.50000000 543.42431641
v -0.19894993 20.50000000 543.41241455
v -0.19894993 30.50000000 543.41241455
v -0.11956815 20.50000000 543.40447998
v -0.11956815 30.50000000 543.40447998
v -0.03988911 20.50000000 543.40051270
v -0.03988911 30.50000000 543.40051270
v 0.03988911 20.50000000 543.40051270
v 0.03988911 30.50000000 543.40051270
v 0.11956815 30.50000000 543.40447998
v 0.11956815 20.50000000 543.40447998
v 0.19894993 20.50000000 543.41241455
v 0.19894993 30.50000000 543.41241455
v 0.27783710 20.50000000 543.42431641
v 0.27783710 30.50000000 543.42431641
v 0.35603350 20.50000000 543.44012451
v 0.35603350 30.50000000 543.44012451
v 0.43334475 20.50000000 543.45983887
v 0.43334475 30.50000000 543.45983887
v 0.50957865 20.50000000 543.48333740
v 0.50957865 30.50000000 543.48333740
v 0.58454561 20.50000000 543.51062012
v 0.58454561 30.50000000 543.51062012
v 0.65805936 20.50000000 543.54162598
v 0.65805936 30.50000000 543.54162598
v 0.72993708 20.50000000 543.57623291
v 0.72993708 30.50000000 543.57623291
v 0.80000001 20.50000000 543.61437988
v 0.80000001 30.50000000 543.61437988
v 0.86807400 20.50000000 543.65600586
v 0.86807400 30.50000000 543.65600586
v 0.93398988 30.50000000 543.70092773
v 0.93398988 20.50000000 543.70092773
v 0.99758369 30.50000000 543.74908447
v 0.99758369 20.50000000 543.74908447
v 1.05869734 20.50000000 543.80035400
v 1.05869734 30.50000000 543.80035400
v 1.11717892 20.50000000 543.85461426
v 1.11717892 30.50000000 543.85461426
v 1.17288303 20.50000000 543.91174316
v 1.17288303 30.50000000 543.91174316
v 1.22567105 20.50000000 543.97155762
v 1.22567105 30.50000000 543.97155762
v 1.27541196 20.50000000 544.03393555
v 1.27541196 30.50000000 544.03393555
v 1.32198203 20.50000000 544.09869385
v 1.32198203 30.50000000 544.09869385
v 1.36526537 20.50000000 544.16571045
v 1.36526537 30.50000000 544.16571045
v 1.40515447 30.50000000 544.23480225
v 1.40515447 20.50000000 544.23480225
v 1.44155014 20.50000000 544.30578613
v 1.44155014 30.50000000 544.30578613
v 1.47436190 20.50000000 544.37854004
v 1.47436190 30.50000000 544.37854004
v 1.50350821 20.50000000 544.45281982
v 1.50350821 30.50000000 544.45281982
v 1.52891648 20.50000000 544.52844238
v 1.52891648 30.50000000 544.52844238
v 1.55052364 20.50000000 544.60522461
v 1.55052364 30.50000000 544.60522461
v 1.56827593 30.50000000 544.68298340
v 1.56827593 20.50000000 544.68298340
v 1.58212936 30.50000000 544.76153564
v 1.58212936 20.50000000 544.76153564
v 1.59204924 20.50000000 544.84069824
v 1.59204924 30.50000000 544.84069824
v 1.59801102 20.50000000 544.92028809
v 1.59801102 30.50000000 544.92028809
v -8.54619980 20.50000000 573.77130127
v -7.77777767 34.50000000 574.17663574
v -8.54619980 34.50000000 573.77130127
v -7.77777767 20.50000000 574.17663574
v -9.29356003 20.50000000 573.32836914
v -9.29356003 34.50000000 573.32836914
v -10.01801586 20.50000000 572.84887695
v -10.01801586 34.50000000 572.84887695
v -10.71778202 20.50000000 572.33398438
v -10.71778202 34.50000000 572.33398438
v -11.39113522 20.50000000 571.78503418
v -11.39113522 34.50000000 571.78503418
v -12.03641415 20.50000000 571.20336914
v -12.03641415 34.50000000 571.20336914
v -12.65202904 20.50000000 570.59033203
v -12.65202904 34.50000000 570.59033203
v -13.23646355 34.50000000 569.94757080
v -13.23646355 20.50000000 569.94757080
v -13.78827572 34.50000000 569.27655029
v -13.78827572 20.50000000 569.27655029
v -14.30610752 20.50000000 568.57897949
v -14.30610752 34.50000000 568.57897949
v -14.78868198 20.50000000 567.85656738
v -14.78868198 34.50000000 567.85656738
v -15.23480988 20.50000000 567.11108398
v -15.23480988 34.50000000 567.11108398
v -15.64339066 20.50000000 566.34442139
v -15.64339066 34.50000000 566.34442139
v -16.01341820 20.50000000 565.55841064
v -16.01341820 34.50000000 565.55841064
v -16.34398270 20.50000000 564.75494385
v -16.34398270 34.50000000 564.75494385
v -16.63426590 20.50000000 563.93615723
v -16.63426590 34.50000000 563.93615723
v -16.88355255 34.50000000 563.10388184
v -16.88355255 20.50000000 563.10388184
v -17.09123039 20.50000000 562.26031494
v -17.09123039 34.50000000 562.26031494
v -17.25678825 34.50000000 561.40747070
v -17.25678825 20.50000000 561.40747070
v -17.37981606 20.50000000 560.54748535
v -17.37981606 34.50000000 560.54748535
v -17.46001053 34.50000000 559.68243408
v -17.46001053 20.50000000 559.68243408
v -17.49717522 34.50000000 558.81445312
v -17.49717522 20.50000000 558.81445312
v -17.49121857 20.50000000 557.94567871
v -17.49121857 34.50000000 557.94567871
v -17.44215393 20.50000000 557.07830811
v -17.44215393 34.50000000 557.07830811
v -17.35010338 20.50000000 556.21441650
v -17.35010338 34.50000000 556.21441650
v -17.21529388 20.50000000 555.35620117
v -17.21529388 34.50000000 555.35620117
v -17.03805542 20.50000000 554.50567627
v -17.03805542 34.50000000 554.50567627
v -16.81882858 34.50000000 553.66503906
v -16.81882858 20.50000000 553.66503906
v -16.55815125 20.50000000 552.83630371
v -16.55815125 34.50000000 552.83630371
v -16.25666618 34.50000000 552.02154541
v -16.25666618 20.50000000 552.02154541
v -15.91511631 20.50000000 551.22271729
v -15.91511631 34.50000000 551.22271729
v -15.53434372 34.50000000 550.44183350
v -15.53434372 20.50000000 550.44183350
v -15.11528683 20.50000000 549.68084717
v -15.11528683 34.50000000 549.68084717
v -14.65897751 20.50000000 548.94152832
v -14.65897751 34.50000000 548.94152832
v -14.16654205 34.50000000 548.22583008
v -14.16654205 20.50000000 548.22583008
v -13.63919258 34.50000000 547.53540039
v -13.63919258 20.50000000 547.53540039
v -13.07822990 20.50000000 546.87207031
v -13.07822990 34.50000000 546.87207031
v -12.48503494 34.50000000 546.23730469
v -12.48503494 20.50000000 546.23730469
v -11.86107063 20.50000000 545.63281250
v -11.86107063 34.50000000 545.63281250
v -11.20787525 20.50000000 545.05999756
v -11.20787525 34.50000000 545.05999756
v -10.52705765 20.50000000 544.52038574
v -10.52705765 34.50000000 544.52038574
v -9.82029629 20.50000000 544.01513672
v -9.82029629 34.50000000 544.01513672
v -9.08933353 20.50000000 543.54565430
v -9.08933353 34.50000000 543.54565430
v -8.33596897 20.50000000 543.11297607
v -8.33596897 34.50000000 543.11297607
v -7.56206083 20.50000000 542.71820068
v -7.56206083 34.50000000 542.71820068
v -6.76951551 20.50000000 542.36236572
v -6.76951551 34.50000000 542.36236572
v -5.96028709 20.50000000 542.04632568
v -5.96028709 34.50000000 542.04632568
v -5.13636971 20.50000000 541.77075195
v -5.13636971 34.50000000 541.77075195
v -4.29979324 20.50000000 541.53649902
v -4.29979324 34.50000000 541.53649902
v -3.45262027 34.50000000 541.34399414
v -3.45262027 20.50000000 541.34399414
v -2.59693813 20.50000000 541.19378662
v -2.59693813 34.50000000 541.19378662
v -1.73485601 20.50000000 541.08624268
v -1.73485601 34.50000000 541.08624268
v -0.86849821 34.50000000 541.02160645
v -0.86849821 20.50000000 541.02160645
v 0.00000000 20.50000000 541.00000000
v 0.00000000 34.50000000 541.00000000
v 0.86849821 20.50000000 541.02160645
v 0.86849821 34.50000000 541.02160645
v 1.73485601 20.50000000 541.08624268
v 1.73485601 34.50000000 541.08624268
v 2.59693813 20.50000000 541.19378662
v 2.59693813 34.50000000 541.19378662
v 3.45262027 20.50000000 541.34399414
v 3.45262027 34.50000000 541.34399414
v 4.29979324 20.50000000 541.53649902
v 4.29979324 34.50000000 541.53649902
v 5.13636971 20.50000000 541.77075195
v 5.13636971 34.50000000 541.77075195
v 5.96028709 20.50000000 542.04632568
v 5.96028709 34.50000000 542.04632568
v 6.76951551 20.50000000 542.36236572
v 6.76951551 34.50000000 542.36236572
v 7.56206083 20.50000000 542.71820068
v 7.56206083 34.50000000 542.71820068
v 8.33596897 20.50000000 543.11297607
v 8.33596897 34.50000000 543.11297607
v 9.08933353 20.50000000 543.54565430
v 9.08933353 34.50000000 543.54565430
v 9.82029629 20.50000000 544.01513672
v 9.82029629 34.50000000 544.01513672
v 10.52705765 20.50000000 544.52038574
v 10.52705765 34.50000000 544.52038574
v 11.20787525 20.50000000 545.05999756
v 11.20787525 34.50000000 545.05999756
v 11.86107063 20.50000000 545.63281250
v 11.86107063 34.50000000 545.63281250
v 12.48503494 20.50000000 546.23730469
v 12.48503494 34.50000000 546.23730469
v 13.07822990 20.50000000 546.87207031
v 13.07822990 34.50000000 546.87207031
v 13.63919258 20.50000000 547.53540039
v 13.63919258 34.50000000 547.53540039
v 14.16654205 20.50000000 548.22583008
v 14.16654205 34.50000000 548.22583008
v 14.65897751 20.50000000 548.94152832
v 14.65897751 34.50000000 548.94152832
v 15.11528683 20.50000000 549.68084717
v 15.11528683 34.50000000 549.68084717
v 15.53434372 20.50000000 550.44183350
v 15.53434372 34.50000000 550.44183350
v 15.91511631 20.50000000 551.22271729
v 15.91511631 34.50000000 551.22271729
v 16.25666618 34.50000000 552.02154541
v 16.25666618 20.50000000 552.02154541
v 16.55815125 20.50000000 552.83630371
v 16.55815125 34.50000000 552.83630371
v 16.81882858 20.50000000 553.66503906
v 16.81882858 34.50000000 553.66503906
v 17.03805542 20.50000000 554.50567627
v 17.03805542 34.50000000 554.50567627
v 17.21529388 34.50000000 555.35620117
v 17.21529388 20.50000000 555.35620117
v 17.35010338 20.50000000 556.21441650
v 17.35010338 34.50000000 556.21441650
v 17.44215393 20.50000000 557.07830811
v 17.44215393 34.50000000 557.07830811
v 17.49121857 20.50000000 557.94567871
v 17.49121857 34.50000000 557.94567871
v 17.49717522 20.50000000 558.81445312
v 17.49717522 34.50000000 558.81445312
v 17.46001053 20.50000000 559.68243408
v 17.46001053 34.50000000 559.68243408
v 17.37981606 34.50000000 560.54748535
v 17.37981606 20.50000000 560.54748535
v 17.25678825 20.50000000 561.40747070
v 17.25678825 34.50000000 561.40747070
v 17.09123039 20.50000000 562.26031494
v 17.09123039 34.50000000 562.26031494
v 16.88355255 20.50000000 563.10388184
v 16.88355255 34.50000000 563.10388184
v 16.63426590 20.50000000 563.93615723
v 16.63426590 34.50000000 563.93615723
v 16.34398270 34.50000000 564.75494385
v 16.34398270 20.50000000 564.75494385
v 16.01341820 20.50000000 565.55841064
v 16.01341820 34.50000000 565.55841064
v 15.64339066 20.50000000 566.34442139
v 15.64339066 34.50000000 566.34442139
v 15.23480988 20.50000000 567.11108398
v 15.23480988 34.50000000 567.11108398
v 14.78868198 34.50000000 567.85656738
v 14.78868198 20.50000000 567.85656738
v 14.30610752 20.50000000 568.57897949
v 14.30610752 34.50000000 568.57897949
v 13.78827572 20.50000000 569.27655029
v 13.78827572 34.50000000 569.27655029
v 13.23646355 20.50000000 569.94757080
v 13.23646355 34.50000000 569.94757080
v 12.65202904 34.50000000 570.59033203
v 12.65202904 20.50000000 570.59033203
v 12.03641415 34.50000000 571.20336914
v 12.03641415 20.50000000 571.20336914
v 11.39113522 20.50000000 571.78503418
v 11.39113522 34.50000000 571.78503418
v 10.71778202 34.50000000 572.33398438
v 10.71778202 20.50000000 572.33398438
v 10.01801586 20.50000000 572.84887695
v 10.01801586 34.50000000 572.84887695
v 9.29356003 20.50000000 573.32836914
v 9.29356003 34.50000000 573.32836914
v 8.54619980 20.50000000 573.77130127
v 8.54619980 34.50000000 573.77130127
v 7.77777767 34.50000000 574.17663574
v 7.77777767 20.50000000 574.17663574
v -7.50000000 34.50000000 574.62451172
v -7.50058222 34.50000000 574.60040283
v -7.50232840 34.50000000 574.57635498
v -7.50929165 34.50000000 574.52862549
v -7.50523376 34.50000000 574.55236816
v -7.52082491 34.50000000 574.48175049
v -7.51449251 34.50000000 574.50500488
v -7.53682089 34.50000000 574.43621826
v -7.52827358 34.50000000 574.45880127
v -7.55713081 34.50000000 574.39245605
v -7.54644775 34.50000000 574.41406250
v -7.58156538 34.50000000 574.35083008
v -7.56884575 34.50000000 574.37133789
v -7.60989666 34.50000000 574.31176758
v -7.59525919 34.50000000 574.33099365
v -7.64186096 34.50000000 574.27563477
v -7.62544250 34.50000000 574.29333496
v -7.67716074 34.50000000 574.24273682
v -7.65911388 34.50000000 574.25872803
v -7.69596004 34.50000000 574.22760010
v -7.73563766 34.50000000 574.20013428
v -7.71546745 34.50000000 574.21337891
v -7.75642395 34.50000000 574.18786621
v 7.50000000 34.50000000 574.62451172
v 7.50058222 34.50000000 574.60040283
v 7.50232840 34.50000000 574.57635498
v 7.50523376 34.50000000 574.55236816
v 7.50929165 34.50000000 574.52862549
v 7.51449251 34.50000000 574.50500488
v 7.52082491 34.50000000 574.48175049
v 7.52827358 34.50000000 574.45880127
v 7.53682089 34.50000000 574.43621826
v 7.54644775 34.50000000 574.41406250
v 7.55713081 34.50000000 574.39245605
v 7.56884575 34.50000000 574.37133789
v 7.58156538 34.50000000 574.35083008
v 7.59525919 34.50000000 574.33099365
v 7.60989666 34.50000000 574.31176758
v 7.62544250 34.50000000 574.29333496
v 7.64186096 34.50000000 574.27563477
v 7.65911388 34.50000000 574.25872803
v 7.67716074 34.50000000 574.24273682
v 7.69596004 34.50000000 574.22760010
v 7.71546745 34.50000000 574.21337891
v 7.73563766 34.50000000 574.20013428
v 7.75642395 34.50000000 574.18786621
v -7.22735834 20.50000000 576.87750244
v -7.18181801 20.50000000 576.89794922
v -7.20484352 20.50000000 576.88830566
v -7.24930620 20.50000000 576.86560059
v -7.27063227 20.50000000 576.85260010
v -7.29128313 20.50000000 576.83856201
v -7.31120777 20.50000000 576.82354736
v -7.33035660 20.50000000 576.80749512
v -7.34868145 20.50000000 576.79052734
v -7.36613655 20.50000000 576.77270508
v -7.38267899 20.50000000 576.75396729
v -7.39826679 20.50000000 576.73449707
v -7.41286135 20.50000000 576.71423340
v -7.42642641 20.50000000 576.69323730
v -7.43892813 20.50000000 576.67163086
v -7.45033550 20.50000000 576.64941406
v -7.46061945 20.50000000 576.62670898
v -7.46975517 20.50000000 576.60345459
v -7.47771883 20.50000000 576.57977295
v -7.48449135 20.50000000 576.55572510
v -7.49005604 20.50000000 576.53143311
v -7.49750757 20.50000000 576.48205566
v -7.49439812 20.50000000 576.50683594
v -7.49937677 20.50000000 576.45715332
v -7.50000000 20.50000000 576.43218994
v -6.26040125 20.50000000 577.23156738
v -7.50000000 20.50000000 574.62451172
v -5.32357216 20.50000000 577.51904297
v -7.50058222 20.50000000 574.60040283
v -4.37363720 20.50000000 577.75964355
v -3.41293454 20.50000000 577.95288086
v -2.44382977 20.50000000 578.09826660
v -7.50232840 20.50000000 574.57635498
v -7.50929165 20.50000000 574.52862549
v -7.50523376 20.50000000 574.55236816
v -1.46870863 20.50000000 578.19531250
v -7.51449251 20.50000000 574.50500488
v -7.52082491 20.50000000 574.48175049
v -7.53682089 20.50000000 574.43621826
v -7.52827358 20.50000000 574.45880127
v -7.54644775 20.50000000 574.41406250
v -0.48997164 20.50000000 578.24395752
v -7.55713081 20.50000000 574.39245605
v -7.58156538 20.50000000 574.35083008
v -7.56884575 20.50000000 574.37133789
v -7.59525919 20.50000000 574.33099365
v -7.60989666 20.50000000 574.31176758
v -7.64186096 20.50000000 574.27563477
v -7.62544250 20.50000000 574.29333496
v 0.48997164 20.50000000 578.24395752
v -7.65911388 20.50000000 574.25872803
v -7.67716074 20.50000000 574.24273682
v -7.71546745 20.50000000 574.21337891
v -7.69596004 20.50000000 574.22760010
v -7.73563766 20.50000000 574.20013428
v 1.46870863 20.50000000 578.19531250
v -7.75642395 20.50000000 574.18786621
v 2.44382977 20.50000000 578.09826660
v 3.41293454 20.50000000 577.95288086
v 4.37363720 20.50000000 577.75964355
v 5.32357216 20.50000000 577.51904297
v 7.18181801 20.50000000 576.89794922
v 7.22735834 20.50000000 576.87750244
v 7.20484352 20.50000000 576.88830566
v 7.24930620 20.50000000 576.86560059
v 7.27063227 20.50000000 576.85260010
v 7.29128313 20.50000000 576.83856201
v 7.31120777 20.50000000 576.82354736
v 7.33035660 20.50000000 576.80749512
v 7.36613655 20.50000000 576.77270508
v 7.34868145 20.50000000 576.79052734
v 7.38267899 20.50000000 576.75396729
v 7.39826679 20.50000000 576.73449707
v 7.41286135 20.50000000 576.71423340
v 7.42642641 20.50000000 576.69323730
v 7.45033550 20.50000000 576.64941406
v 7.43892813 20.50000000 576.67163086
v 7.46975517 20.50000000 576.60345459
v 7.46061945 20.50000000 576.62670898
v 7.47771883 20.50000000 576.57977295
v 7.48449135 20.50000000 576.55572510
v 7.49439812 20.50000000 576.50683594
v 7.49005604 20.50000000 576.53143311
v 7.49750757 20.50000000 576.48205566
v 7.50000000 20.50000000 576.43218994
v 7.49937677 20.50000000 576.45715332
v 6.26040125 20.50000000 577.23156738
v 7.50000000 20.50000000 574.62451172
v 7.50058222 20.50000000 574.60040283
v 7.50232840 20.50000000 574.57635498
v 7.50523376 20.50000000 574.55236816
v 7.50929165 20.50000000 574.52862549
v 7.51449251 20.50000000 574.50500488
v 7.52082491 20.50000000 574.48175049
v 7.52827358 20.50000000 574.45880127
v 7.53682089 20.50000000 574.43621826
v 7.54644775 20.50000000 574.41406250
v 7.55713081 20.50000000 574.39245605
v 7.56884575 20.50000000 574.37133789
v 7.58156538 20.50000000 574.35083008
v 7.59525919 20.50000000 574.33099365
v 7.60989666 20.50000000 574.31176758
v 7.62544250 20.50000000 574.29333496
v 7.64186096 20.50000000 574.27563477
v 7.65911388 20.50000000 574.25872803
v 7.67716074 20.50000000 574.24273682
v 7.69596004 20.50000000 574.22760010
v 7.71546745 20.50000000 574.21337891
v 7.73563766 20.50000000 574.20013428
v 7.75642395 20.50000000 574.18786621
v -7.50000000 29.00000000 576.43218994
v 7.50000000 29.00000000 576.43218994
v -7.29128313 29.00000000 576.83856201
v -7.27063227 29.00000000 576.85260010
v -7.24930620 29.00000000 576.86560059
v -7.22735834 29.00000000 576.87750244
v -7.20484352 29.00000000 576.88830566
v -7.18181801 29.00000000 576.89794922
v -6.26040125 29.00000000 577.23156738
v -5.32357216 29.00000000 577.51904297
v -4.37363720 29.00000000 577.75964355
v -3.41293454 29.00000000 577.95288086
v -2.44382977 29.00000000 578.09826660
v -1.46870863 29.00000000 578.19531250
v -0.48997164 29.00000000 578.24395752
v 0.48997164 29.00000000 578.24395752
v 1.46870863 29.00000000 578.19531250
v 2.44382977 29.00000000 578.09826660
v 3.41293454 29.00000000 577.95288086
v 4.37363720 29.00000000 577.75964355
v 5.32357216 29.00000000 577.51904297
v 6.26040125 29.00000000 577.23156738
v 7.18181801 29.00000000 576.89794922
v 7.20484352 29.00000000 576.88830566
v 7.22735834 29.00000000 576.87750244
v 7.24930620 29.00000000 576.86560059
v 7.27063227 29.00000000 576.85260010
v 7.29128313 29.00000000 576.83856201
v 7.49937677 29.00000000 576.45715332
v 7.49750757 29.00000000 576.48205566
v 7.49439812 29.00000000 576.50683594
v 7.49005604 29.00000000 576.53143311
v 7.48449135 29.00000000 576.55572510
v 7.47771883 29.00000000 576.57977295
v 7.46975517 29.00000000 576.60345459
v 7.46061945 29.00000000 576.62670898
v 7.45033550 29.00000000 576.64941406
v 7.43892813 29.00000000 576.67163086
v 7.42642641 29.00000000 576.69323730
v 7.41286135 29.00000000 576.71423340
v 7.39826679 29.00000000 576.73449707
v 7.38267899 29.00000000 576.75396729
v 7.36613655 29.00000000 576.77270508
v 7.34868145 29.00000000 576.79052734
v 7.33035660 29.00000000 576.80749512
v 7.31120777 29.00000000 576.82354736
v -7.49937677 29.00000000 576.45715332
v -7.49750757 29.00000000 576.48205566
v -7.49439812 29.00000000 576.50683594
v -7.49005604 29.00000000 576.53143311
v -7.48449135 29.00000000 576.55572510
v -7.47771883 29.00000000 576.57977295
v -7.46975517 29.00000000 576.60345459
v -7.46061945 29.00000000 576.62670898
v -7.45033550 29.00000000 576.64941406
v -7.43892813 29.00000000 576.67163086
v -7.42642641 29.00000000 576.69323730
v -7.41286135 29.00000000 576.71423340
v -7.39826679 29.00000000 576.73449707
v -7.38267899 29.00000000 576.75396729
v -7.36613655 29.00000000 576.77270508
v -7.34868145 29.00000000 576.79052734
v -7.33035660 29.00000000 576.80749512
v -7.31120777 29.00000000 576.82354736
f 1 2 3
f 3 2 4
f 4 5 6
f 2 5 4
f 6 7 8
f 8 7 9
f 5 7 6
f 7 10 9
f 9 11 12
f 10 11 9
f 12 13 14
f 14 13 15
f 11 13 12
f 13 16 15
f 15 17 18
f 16 17 15
f 18 19 20
f 17 19 18
f 20 21 22
f 19 21 20
f 21 23 22
f 22 23 24
f 23 25 24
f 24 25 26
f 25 27 26
f 26 27 28
f 27 29 28
f 28 29 30
f 29 31 30
f 30 31 32
f 31 33 32
f 32 33 34
f 33 35 34
f 34 35 36
f 35 37 36
f 36 37 38
f 37 39 38
f 38 39 40
f 40 39 41
f 39 42 41
f 41 42 43
f 42 44 43
f 44 45 43
f 43 45 46
f 46 47 48
f 45 47 46
f 48 49 50
f 47 49 48
f 50 51 52
f 49 51 50
f 52 53 54
f 51 53 52
f 54 55 56
f 56 55 57
f 53 55 54
f 55 58 57
f 57 59 60
f 58 59 57
f 60 61 62
f 59 61 60
f 62 63 64
f 61 63 62
f 64 65 66
f 63 65 64
f 66 67 68
f 65 67 66
f 68 69 70
f 67 69 68
f 70 71 72
f 69 71 70
f 72 73 74
f 71 73 72
f 73 75 74
f 74 75 76
f 75 77 76
f 76 77 78
f 77 79 78
f 78 79 80
f 79 81 80
f 80 81 82
f 81 83 82
f 82 83 84
f 83 85 84
f 84 85 86
f 85 87 86
f 86 87 88
f 87 89 88
f 88 89 90
f 89 91 90
f 90 91 92
f 92 91 93
f 91 94 93
f 94 95 93
f 93 95 96
f 95 97 96
f 96 97 98
f 97 99 98
f 98 99 100
f 99 101 100
f 100 101 102
f 101 103 102
f 102 103 104
f 103 105 104
f 104 105 106
f 106 105 107
f 105 108 107
f 108 109 107
f 107 109 110
f 110 109 111
f 109 112 111
f 111 112 113
f 112 114 113
f 114 115 113
f 113 115 116
f 116 115 117
f 115 118 117
f 117 119 120
f 118 119 117
f 120 121 122
f 119 121 120
f 122 123 124
f 121 123 122
f 123 125 124
f 124 125 126
f 126 125 127
f 125 128 127
f 127 128 129
f 128 130 129
f 130 131 129
f 129 131 132
f 131 133 132
f 132 133 134
f 133 135 134
f 134 135 136
f 135 137 136
f 136 137 138
f 137 139 138
f 138 139 140
f 140 139 141
f 139 142 141
f 141 142 143
f 142 144 143
f 143 144 145
f 144 146 145
f 147 148 149
f 146 148 145
f 145 148 147
f 148 150 149
f 149 151 152
f 150 151 149
f 152 153 154
f 154 153 155
f 151 153 152
f 153 156 155
f 155 157 158
f 158 157 159
f 156 157 155
f 157 160 159
f 159 161 162
f 160 161 159
f 162 163 164
f 161 163 162
f 164 165 166
f 163 165 164
f 166 167 168
f 168 167 169
f 165 167 166
f 167 170 169
f 169 171 172
f 170 171 169
f 172 173 174
f 171 173 172
f 174 175 176
f 173 175 174
f 175 177 176
f 176 177 178
f 177 179 178
f 178 179 180
f 180 179 181
f 179 182 181
f 181 182 183
f 182 184 183
f 183 185 186
f 186 185 187
f 184 185 183
f 185 188 187
f 187 189 190
f 190 189 191
f 188 189 187
f 189 192 191
f 191 193 194
f 194 193 195
f 192 193 191
f 193 196 195
f 195 197 198
f 196 197 195
f 198 199 200
f 197 199 198
f 200 201 202
f 199 201 200
f 202 203 204
f 201 203 202
f 204 205 206
f 203 205 204
f 206 207 208
f 205 207 206
f 208 209 210
f 210 209 211
f 207 209 208
f 209 212 211
f 211 213 214
f 212 213 211
f 214 215 216
f 213 215 214
f 216 217 218
f 215 217 216
f 218 219 220
f 217 219 218
f 220 221 222
f 222 221 223
f 219 221 220
f 221 224 223
f 224 225 223
f 223 225 226
f 225 227 226
f 226 227 228
f 228 227 229
f 227 230 229
f 230 231 229
f 229 231 232
f 232 231 233
f 231 234 233
f 234 235 233
f 233 235 236
f 235 237 236
f 236 237 238
f 237 239 238
f 238 239 240
f 240 239 241
f 239 242 241
f 242 243 241
f 241 243 244
f 243 245 244
f 244 245 246
f 246 245 247
f 245 248 247
f 248 249 247
f 247 249 250
f 250 249 251
f 249 252 251
f 251 1 3
f 252 1 251
f 253 254 255
f 255 254 256
f 256 257 258
f 254 257 256
f 258 259 260
f 257 259 258
f 260 261 262
f 259 261 260
f 262 263 264
f 261 263 262
f 264 265 266
f 263 265 264
f 266 267 268
f 265 267 266
f 268 269 270
f 267 269 268
f 270 271 272
f 269 271 270
f 272 273 274
f 271 273 272
f 273 275 274
f 274 275 276
f 275 277 276
f 276 277 278
f 277 279 278
f 278 279 280
f 280 279 281
f 279 282 281
f 282 283 281
f 281 283 284
f 284 283 285
f 283 286 285
f 286 287 285
f 285 287 288
f 287 289 288
f 288 289 290
f 289 291 290
f 290 291 292
f 291 293 292
f 292 293 294
f 293 295 294
f 294 295 296
f 295 297 296
f 296 297 298
f 298 299 300
f 297 299 298
f 300 299 301
f 299 302 301
f 302 303 301
f 301 303 304
f 304 305 306
f 303 305 304
f 306 307 308
f 305 307 306
f 308 309 310
f 307 309 308
f 310 311 312
f 309 311 310
f 312 313 314
f 311 313 312
f 314 315 316
f 313 315 314
f 316 317 318
f 315 317 316
f 318 319 320
f 317 319 318
f 320 321 322
f 319 321 320
f 322 323 324
f 321 323 322
f 324 325 326
f 326 325 327
f 323 325 324
f 325 328 327
f 328 329 327
f 327 329 330
f 329 331 330
f 330 331 332
f 331 333 332
f 332 333 334
f 333 335 334
f 334 335 336
f 336 335 337
f 335 338 337
f 338 339 337
f 337 339 340
f 339 341 340
f 340 341 342
f 342 341 343
f 341 344 343
f 344 345 343
f 343 345 346
f 345 347 346
f 346 347 348
f 347 349 348
f 348 349 350
f 349 351 350
f 350 351 352
f 351 353 352
f 352 353 354
f 353 355 354
f 354 355 356
f 355 357 356
f 356 357 358
f 358 357 359
f 357 360 359
f 360 361 359
f 359 361 362
f 361 363 362
f 362 363 364
f 363 365 364
f 364 365 366
f 365 367 366
f 366 367 368
f 368 369 370
f 367 369 368
f 370 371 372
f 372 371 373
f 369 371 370
f 373 374 375
f 371 374 373
f 374 376 375
f 376 377 375
f 375 377 378
f 377 379 378
f 378 379 380
f 379 381 380
f 380 381 382
f 381 383 382
f 382 383 384
f 383 385 384
f 384 385 386
f 385 387 386
f 386 387 388
f 387 389 388
f 388 389 390
f 389 391 390
f 390 391 392
f 392 391 393
f 391 394 393
f 394 395 393
f 393 395 396
f 396 395 397
f 395 398 397
f 397 398 399
f 398 400 399
f 399 401 402
f 402 401 403
f 400 401 399
f 401 404 403
f 403 405 406
f 406 405 407
f 404 405 403
f 405 408 407
f 407 409 410
f 410 409 411
f 408 409 407
f 409 412 411
f 411 413 414
f 414 413 415
f 412 413 411
f 413 416 415
f 415 417 418
f 418 417 419
f 416 417 415
f 417 420 419
f 419 421 422
f 420 421 419
f 422 423 424
f 421 423 422
f 424 425 426
f 423 425 424
f 426 427 428
f 425 427 426
f 427 429 428
f 428 429 430
f 430 429 431
f 429 432 431
f 432 433 431
f 431 433 434
f 433 435 434
f 434 435 436
f 436 435 437
f 435 438 437
f 437 438 439
f 438 440 439
f 439 441 442
f 440 441 439
f 442 443 444
f 441 443 442
f 444 445 446
f 443 445 444
f 446 447 448
f 445 447 446
f 448 449 450
f 447 449 448
f 450 451 452
f 449 451 450
f 452 453 454
f 454 453 455
f 451 453 452
f 453 456 455
f 455 457 458
f 456 457 455
f 458 459 460
f 460 459 461
f 457 459 458
f 461 462 463
f 459 462 461
f 462 464 463
f 463 465 466
f 464 465 463
f 466 467 468
f 468 467 469
f 465 467 466
f 467 470 469
f 469 471 472
f 470 471 469
f 472 473 474
f 474 473 475
f 471 473 472
f 473 476 475
f 476 477 475
f 475 477 478
f 478 477 479
f 477 480 479
f 480 481 479
f 479 481 482
f 482 481 483
f 481 484 483
f 484 485 483
f 483 485 486
f 485 487 486
f 486 487 488
f 487 489 488
f 488 489 490
f 489 491 490
f 490 491 492
f 492 491 493
f 491 494 493
f 493 494 495
f 494 496 495
f 495 496 497
f 496 498 497
f 498 499 497
f 497 499 500
f 500 499 501
f 499 502 501
f 501 503 504
f 502 503 501
f 503 253 504
f 504 253 255
f 505 506 507
f 507 506 508
f 508 509 510
f 506 509 508
f 510 511 512
f 509 511 510
f 512 513 514
f 511 513 512
f 514 515 516
f 513 515 514
f 516 517 518
f 515 517 516
f 518 519 520
f 517 519 518
f 520 521 522
f 519 521 520
f 522 523 524
f 521 523 522
f 524 525 526
f 523 525 524
f 525 527 526
f 526 527 528
f 527 529 528
f 528 529 530
f 529 531 530
f 530 531 532
f 532 531 533
f 531 534 533
f 534 535 533
f 533 535 536
f 536 535 537
f 535 538 537
f 538 539 537
f 537 539 540
f 539 541 540
f 540 541 542
f 541 543 542
f 542 543 544
f 543 545 544
f 544 545 546
f 545 547 546
f 546 547 548
f 547 549 548
f 548 549 550
f 550 551 552
f 549 551 550
f 552 551 553
f 551 554 553
f 554 555 553
f 553 555 556
f 556 557 558
f 555 557 556
f 558 559 560
f 557 559 558
f 560 561 562
f 559 561 560
f 562 563 564
f 561 563 562
f 564 565 566
f 563 565 564
f 566 567 568
f 565 567 566
f 568 569 570
f 567 569 568
f 570 571 572
f 569 571 570
f 572 573 574
f 571 573 572
f 574 575 576
f 573 575 574
f 576 577 578
f 578 577 579
f 575 577 576
f 577 580 579
f 580 581 579
f 579 581 582
f 581 583 582
f 582 583 584
f 583 585 584
f 584 585 586
f 585 587 586
f 586 587 588
f 588 587 589
f 587 590 589
f 590 591 589
f 589 591 592
f 591 593 592
f 592 593 594
f 594 593 595
f 593 596 595
f 596 597 595
f 595 597 598
f 597 599 598
f 598 599 600
f 599 601 600
f 600 601 602
f 601 603 602
f 602 603 604
f 603 605 604
f 604 605 606
f 605 607 606
f 606 607 608
f 607 609 608
f 608 609 610
f 610 609 611
f 609 612 611
f 612 613 611
f 611 613 614
f 613 615 614
f 614 615 616
f 615 617 616
f 616 617 618
f 617 619 618
f 618 619 620
f 620 621 622
f 619 621 620
f 622 623 624
f 624 623 625
f 621 623 622
f 625 626 627
f 623 626 625
f 626 628 627
f 628 629 627
f 627 629 630
f 629 631 630
f 630 631 632
f 631 633 632
f 632 633 634
f 633 635 634
f 634 635 636
f 635 637 636
f 636 637 638
f 637 639 638
f 638 639 640
f 639 641 640
f 640 641 642
f 641 643 642
f 642 643 644
f 644 643 645
f 643 646 645
f 646 647 645
f 645 647 648
f 648 647 649
f 647 650 649
f 649 650 651
f 650 652 651
f 651 653 654
f 654 653 655
f 652 653 651
f 653 656 655
f 655 657 658
f 658 657 659
f 656 657 655
f 657 660 659
f 659 661 662
f 662 661 663
f 660 661 659
f 661 664 663
f 663 665 666
f 666 665 667
f 664 665 663
f 665 668 667
f 667 669 670
f 670 669 671
f 668 669 667
f 669 672 671
f 671 673 674
f 672 673 671
f 674 675 676
f 673 675 674
f 676 677 678
f 675 677 676
f 678 679 680
f 677 679 678
f 679 681 680
f 680 681 682
f 682 681 683
f 681 684 683
f 684 685 683
f 683 685 686
f 685 687 686
f 686 687 688
f 688 687 689
f 687 690 689
f 689 690 691
f 690 692 691
f 691 693 694
f 692 693 691
f 694 695 696
f 693 695 694
f 696 697 698
f 695 697 696
f 698 699 700
f 697 699 698
f 700 701 702
f 699 701 700
f 702 703 704
f 701 703 702
f 704 705 706
f 706 705 707
f 703 705 704
f 705 708 707
f 707 709 710
f 708 709 707
f 710 711 712
f 712 711 713
f 709 711 710
f 713 714 715
f 711 714 713
f 714 716 715
f 715 717 718
f 716 717 715
f 718 719 720
f 720 719 721
f 717 719 718
f 719 722 721
f 721 723 724
f 722 723 721
f 724 725 726
f 726 725 727
f 723 725 724
f 725 728 727
f 728 729 727
f 727 729 730
f 730 729 731
f 729 732 731
f 732 733 731
f 731 733 734
f 734 733 735
f 733 736 735
f 736 737 735
f 735 737 738
f 737 739 738
f 738 739 740
f 739 741 740
f 740 741 742
f 741 743 742
f 742 743 744
f 744 743 745
f 743 746 745
f 745 746 747
f 746 748 747
f 747 748 749
f 748 750 749
f 750 751 749
f 749 751 752
f 752 751 753
f 751 754 753
f 753 755 756
f 754 755 753
f 755 505 756
f 756 505 507
f 757 758 759
f 759 758 760
f 760 761 762
f 758 761 760
f 762 763 764
f 761 763 762
f 764 765 766
f 763 765 764
f 766 767 768
f 765 767 766
f 768 769 770
f 767 769 768
f 770 771 772
f 769 771 770
f 772 773 774
f 771 773 772
f 774 775 776
f 773 775 774
f 776 777 778
f 775 777 776
f 777 779 778
f 778 779 780
f 779 781 780
f 780 781 782
f 781 783 782
f 782 783 784
f 784 783 785
f 783 786 785
f 786 787 785
f 785 787 788
f 788 787 789
f 787 790 789
f 790 791 789
f 789 791 792
f 791 793 792
f 792 793 794
f 793 795 794
f 794 795 796
f 795 797 796
f 796 797 798
f 797 799 798
f 798 799 800
f 799 801 800
f 800 801 802
f 802 803 804
f 801 803 802
f 804 803 805
f 803 806 805
f 806 807 805
f 805 807 808
f 808 809 810
f 807 809 808
f 810 811 812
f 809 811 810
f 812 813 814
f 811 813 812
f 814 815 816
f 813 815 814
f 816 817 818
f 815 817 816
f 818 819 820
f 817 819 818
f 820 821 822
f 819 821 820
f 822 823 824
f 821 823 822
f 824 825 826
f 823 825 824
f 826 827 828
f 825 827 826
f 828 829 830
f 830 829 831
f 827 829 828
f 829 832 831
f 832 833 831
f 831 833 834
f 833 835 834
f 834 835 836
f 835 837 836
f 836 837 838
f 837 839 838
f 838 839 840
f 840 839 841
f 839 842 841
f 842 843 841
f 841 843 844
f 843 845 844
f 844 845 846
f 846 845 847
f 845 848 847
f 848 849 847
f 847 849 850
f 849 851 850
f 850 851 852
f 851 853 852
f 852 853 854
f 853 855 854
f 854 855 856
f 855 857 856
f 856 857 858
f 857 859 858
f 858 859 860
f 859 861 860
f 860 861 862
f 862 861 863
f 861 864 863
f 864 865 863
f 863 865 866
f 865 867 866
f 866 867 868
f 867 869 868
f 868 869 870
f 869 871 870
f 870 871 872
f 872 873 874
f 871 873 872
f 874 875 876
f 876 875 877
f 873 875 874
f 877 878 879
f 875 878 877
f 878 880 879
f 880 881 879
f 879 881 882
f 881 883 882
f 882 883 884
f 883 885 884
f 884 885 886
f 885 887 886
f 886 887 888
f 887 889 888
f 888 889 890
f 889 891 890
f 890 891 892
f 891 893 892
f 892 893 894
f 893 895 894
f 894 895 896
f 896 895 897
f 895 898 897
f 898 899 897
f 897 899 900
f 900 899 901
f 899 902 901
f 901 902 903
f 902 904 903
f 903 905 906
f 906 905 907
f 904 905 903
f 905 908 907
f 907 909 910
f 910 909 911
f 908 909 907
f 909 912 911
f 911 913 914
f 914 913 915
f 912 913 911
f 913 916 915
f 915 917 918
f 918 917 919
f 916 917 915
f 917 920 919
f 919 921 922
f 922 921 923
f 920 921 919
f 921 924 923
f 923 925 926
f 924 925 923
f 926 927 928
f 925 927 926
f 928 929 930
f 927 929 928
f 930 931 932
f 929 931 930
f 931 933 932
f 932 933 934
f 934 933 935
f 933 936 935
f 936 937 935
f 935 937 938
f 937 939 938
f 938 939 940
f 940 939 941
f 939 942 941
f 941 942 943
f 942 944 943
f 943 945 946
f 944 945 943
f 946 947 948
f 945 947 946
f 948 949 950
f 947 949 948
f 950 951 952
f 949 951 950
f 952 953 954
f 951 953 952
f 954 955 956
f 953 955 954
f 956 957 958
f 958 957 959
f 955 957 956
f 957 960 959
f 959 961 962
f 960 961 959
f 962 963 964
f 964 963 965
f 961 963 962
f 965 966 967
f 963 966 965
f 966 968 967
f 967 969 970
f 968 969 967
f 970 971 972
f 972 971 973
f 969 971 970
f 971 974 973
f 973 975 976
f 974 975 973
f 976 977 978
f 978 977 979
f 975 977 976
f 977 980 979
f 980 981 979
f 979 981 982
f 982 981 983
f 981 984 983
f 984 985 983
f 983 985 986
f 986 985 987
f 985 988 987
f 988 989 987
f 987 989 990
f 989 991 990
f 990 991 992
f 991 993 992
f 992 993 994
f 993 995 994
f 994 995 996
f 996 995 997
f 995 998 997
f 997 998 999
f 998 1000 999
f 999 1000 1001
f 1000 1002 1001
f 1002 1003 1001
f 1001 1003 1004
f 1004 1003 1005
f 1003 1006 1005
f 1005 1007 1008
f 1006 1007 1005
f 1007 757 1008
f 1008 757 759
f 1009 1010 1011
f 1011 1010 1012
f 1012 1013 1014
f 1010 1013 1012
f 1014 1015 1016
f 1013 1015 1014
f 1016 1017 1018
f 1015 1017 1016
f 1018 1019 1020
f 1017 1019 1018
f 1020 1021 1022
f 1019 1021 1020
f 1022 1023 1024
f 1021 1023 1022
f 1024 1025 1026
f 1023 1025 1024
f 1026 1027 1028
f 1025 1027 1026
f 1028 1029 1030
f 1027 1029 1028
f 1029 1031 1030
f 1030 1031 1032
f 1031 1033 1032
f 1032 1033 1034
f 1033 1035 1034
f 1034 1035 1036
f 1036 1035 1037
f 1035 1038 1037
f 1038 1039 1037
f 1037 1039 1040
f 1040 1039 1041
f 1039 1042 1041
f 1042 1043 1041
f 1041 1043 1044
f 1043 1045 1044
f 1044 1045 1046
f 1045 1047 1046
f 1046 1047 1048
f 1047 1049 1048
f 1048 1049 1050
f 1049 1051 1050
f 1050 1051 1052
f 1051 1053 1052
f 1052 1053 1054
f 1054 1055 1056
f 1053 1055 1054
f 1056 1055 1057
f 1055 1058 1057
f 1058 1059 1057
f 1057 1059 1060
f 1060 1061 1062
f 1059 1061 1060
f 1062 1063 1064
f 1061 1063 1062
f 1064 1065 1066
f 1063 1065 1064
f 1066 1067 1068
f 1065 1067 1066
f 1068 1069 1070
f 1067 1069 1068
f 1070 1071 1072
f 1069 1071 1070
f 1072 1073 1074
f 1071 1073 1072
f 1074 1075 1076
f 1073 1075 1074
f 1076 1077 1078
f 1075 1077 1076
f 1078 1079 1080
f 1077 1079 1078
f 1080 1081 1082
f 1082 1081 1083
f 1079 1081 1080
f 1081 1084 1083
f 1084 1085 1083
f 1083 1085 1086
f 1085 1087 1086
f 1086 1087 1088
f 1087 1089 1088
f 1088 1089 1090
f 1089 1091 1090
f 1090 1091 1092
f 1092 1091 1093
f 1091 1094 1093
f 1094 1095 1093
f 1093 1095 1096
f 1095 1097 1096
f 1096 1097 1098
f 1098 1097 1099
f 1097 1100 1099
f 1100 1101 1099
f 1099 1101 1102
f 1101 1103 1102
f 1102 1103 1104
f 1103 1105 1104
f 1104 1105 1106
f 1105 1107 1106
f 1106 1107 1108
f 1107 1109 1108
f 1108 1109 1110
f 1109 1111 1110
f 1110 1111 1112
f 1111 1113 1112
f 1112 1113 1114
f 1114 1113 1115
f 1113 1116 1115
f 1116 1117 1115
f 1115 1117 1118
f 1117 1119 1118
f 1118 1119 1120
f 1119 1121 1120
f 1120 1121 1122
f 1121 1123 1122
f 1122 1123 1124
f 1124 1125 1126
f 1123 1125 1124
f 1126 1127 1128
f 1128 1127 1129
f 1125 1127 1126
f 1129 1130 1131
f 1127 1130 1129
f 1130 1132 1131
f 1132 1133 1131
f 1131 1133 1134
f 1133 1135 1134
f 1134 1135 1136
f 1135 1137 1136
f 1136 1137 1138
f 1137 1139 1138
f 1138 1139 1140
f 1139 1141 1140
f 1140 1141 1142
f 1141 1143 1142
f 1142 1143 1144
f 1143 1145 1144
f 1144 1145 1146
f 1145 1147 1146
f 1146 1147 1148
f 1148 1147 1149
f 1147 1150 1149
f 1150 1151 1149
f 1149 1151 1152
f 1152 1151 1153
f 1151 1154 1153
f 1153 1154 1155
f 1154 1156 1155
f 1155 1157 1158
f 1158 1157 1159
f 1156 1157 1155
f 1157 1160 1159
f 1159 1161 1162
f 1162 1161 1163
f 1160 1161 1159
f 1161 1164 1163
f 1163 1165 1166
f 1166 1165 1167
f 1164 1165 1163
f 1165 1168 1167
f 1167 1169 1170
f 1170 1169 1171
f 1168 1169 1167
f 1169 1172 1171
f 1171 1173 1174
f 1174 1173 1175
f 1172 1173 1171
f 1173 1176 1175
f 1175 1177 1178
f 1176 1177 1175
f 1178 1179 1180
f 1177 1179 1178
f 1180 1181 1182
f 1179 1181 1180
f 1182 1183 1184
f 1181 1183 1182
f 1183 1185 1184
f 1184 1185 1186
f 1186 1185 1187
f 1185 1188 1187
f 1188 1189 1187
f 1187 1189 1190
f 1189 1191 1190
f 1190 1191 1192
f 1192 1191 1193
f 1191 1194 1193
f 1193 1194 1195
f 1194 1196 1195
f 1195 1197 1198
f 1196 1197 1195
f 1198 1199 1200
f 1197 1199 1198
f 1200 1201 1202
f 1199 1201 1200
f 1202 1203 1204
f 1201 1203 1202
f 1204 1205 1206
f 1203 1205 1204
f 1206 1207 1208
f 1205 1207 1206
f 1208 1209 1210
f 1210 1209 1211
f 1207 1209 1208
f 1209 1212 1211
f 1211 1213 1214
f 1212 1213 1211
f 1214 1215 1216
f 1216 1215 1217
f 1213 1215 1214
f 1217 1218 1219
f 1215 1218 1217
f 1218 1220 1219
f 1219 1221 1222
f 1220 1221 1219
f 1222 1223 1224
f 1224 1223 1225
f 1221 1223 1222
f 1223 1226 1225
f 1225 1227 1228
f 1226 1227 1225
f 1228 1229 1230
f 1230 1229 1231
f 1227 1229 1228
f 1229 1232 1231
f 1232 1233 1231
f 1231 1233 1234
f 1234 1233 1235
f 1233 1236 1235
f 1236 1237 1235
f 1235 1237 1238
f 1238 1237 1239
f 1237 1240 1239
f 1240 1241 1239
f 1239 1241 1242
f 1241 1243 1242
f 1242 1243 1244
f 1243 1245 1244
f 1244 1245 1246
f 1245 1247 1246
f 1246 1247 1248
f 1248 1247 1249
f 1247 1250 1249
f 1249 1250 1251
f 1250 1252 1251
f 1251 1252 1253
f 1252 1254 1253
f 1254 1255 1253
f 1253 1255 1256
f 1256 1255 1257
f 1255 1258 1257
f 1257 1259 1260
f 1258 1259 1257
f 1259 1009 1260
f 1260 1009 1011
f 1261 1262 1263
f 1263 1262 1264
f 1264 1265 1266
f 1262 1265 1264
f 1266 1267 1268
f 1265 1267 1266
f 1268 1269 1270
f 1267 1269 1268
f 1270 1271 1272
f 1269 1271 1270
f 1272 1273 1274
f 1271 1273 1272
f 1274 1275 1276
f 1273 1275 1274
f 1276 1277 1278
f 1275 1277 1276
f 1278 1279 1280
f 1277 1279 1278
f 1280 1281 1282
f 1279 1281 1280
f 1281 1283 1282
f 1282 1283 1284
f 1283 1285 1284
f 1284 1285 1286
f 1285 1287 1286
f 1286 1287 1288
f 1288 1287 1289
f 1287 1290 1289
f 1290 1291 1289
f 1289 1291 1292
f 1292 1291 1293
f 1291 1294 1293
f 1294 1295 1293
f 1293 1295 1296
f 1295 1297 1296
f 1296 1297 1298
f 1297 1299 1298
f 1298 1299 1300
f 1299 1301 1300
f 1300 1301 1302
f 1301 1303 1302
f 1302 1303 1304
f 1303 1305 1304
f 1304 1305 1306
f 1306 1307 1308
f 1305 1307 1306
f 1308 1307 1309
f 1307 1310 1309
f 1310 1311 1309
f 1309 1311 1312
f 1312 1313 1314
f 1311 1313 1312
f 1314 1315 1316
f 1313 1315 1314
f 1316 1317 1318
f 1315 1317 1316
f 1318 1319 1320
f 1317 1319 1318
f 1320 1321 1322
f 1319 1321 1320
f 1322 1323 1324
f 1321 1323 1322
f 1324 1325 1326
f 1323 1325 1324
f 1326 1327 1328
f 1325 1327 1326
f 1328 1329 1330
f 1327 1329 1328
f 1330 1331 1332
f 1329 1331 1330
f 1332 1333 1334
f 1334 1333 1335
f 1331 1333 1332
f 1333 1336 1335
f 1336 1337 1335
f 1335 1337 1338
f 1337 1339 1338
f 1338 1339 1340
f 1339 1341 1340
f 1340 1341 1342
f 1341 1343 1342
f 1342 1343 1344
f 1344 1343 1345
f 1343 1346 1345
f 1346 1347 1345
f 1345 1347 1348
f 1347 1349 1348
f 1348 1349 1350
f 1350 1349 1351
f 1349 1352 1351
f 1352 1353 1351
f 1351 1353 1354
f 1353 1355 1354
f 1354 1355 1356
f 1355 1357 1356
f 1356 1357 1358
f 1357 1359 1358
f 1358 1359 1360
f 1359 1361 1360
f 1360 1361 1362
f 1361 1363 1362
f 1362 1363 1364
f 1363 1365 1364
f 1364 1365 1366
f 1366 1365 1367
f 1365 1368 1367
f 1368 1369 1367
f 1367 1369 1370
f 1369 1371 1370
f 1370 1371 1372
f 1371 1373 1372
f 1372 1373 1374
f 1373 1375 1374
f 1374 1375 1376
f 1376 1377 1378
f 1375 1377 1376
f 1378 1379 1380
f 1380 1379 1381
f 1377 1379 1378
f 1381 1382 1383
f 1379 1382 1381
f 1382 1384 1383
f 1384 1385 1383
f 1383 1385 1386
f 1385 1387 1386
f 1386 1387 1388
f 1387 1389 1388
f 1388 1389 1390
f 1389 1391 1390
f 1390 1391 1392
f 1391 1393 1392
f 1392 1393 1394
f 1393 1395 1394
f 1394 1395 1396
f 1395 1397 1396
f 1396 1397 1398
f 1397 1399 1398
f 1398 1399 1400
f 1400 1399 1401
f 1399 1402 1401
f 1402 1403 1401
f 1401 1403 1404
f 1404 1403 1405
f 1403 1406 1405
f 1405 1406 1407
f 1406 1408 1407
f 1407 1409 1410
f 1410 1409 1411
f 1408 1409 1407
f 1409 1412 1411
f 1411 1413 1414
f 1414 1413 1415
f 1412 1413 1411
f 1413 1416 1415
f 1415 1417 1418
f 1418 1417 1419
f 1416 1417 1415
f 1417 1420 1419
f 1419 1421 1422
f 1422 1421 1423
f 1420 1421 1419
f 1421 1424 1423
f 1423 1425 1426
f 1426 1425 1427
f 1424 1425 1423
f 1425 1428 1427
f 1427 1429 1430
f 1428 1429 1427
f 1430 1431 1432
f 1429 1431 1430
f 1432 1433 1434
f 1431 1433 1432
f 1434 1435 1436
f 1433 1435 1434
f 1435 1437 1436
f 1436 1437 1438
f 1438 1437 1439
f 1437 1440 1439
f 1440 1441 1439
f 1439 1441 1442
f 1441 1443 1442
f 1442 1443 1444
f 1444 1443 1445
f 1443 1446 1445
f 1445 1446 1447
f 1446 1448 1447
f 1447 1449 1450
f 1448 1449 1447
f 1450 1451 1452
f 1449 1451 1450
f 1452 1453 1454
f 1451 1453 1452
f 1454 1455 1456
f 1453 1455 1454
f 1456 1457 1458
f 1455 1457 1456
f 1458 1459 1460
f 1457 1459 1458
f 1460 1461 1462
f 1462 1461 1463
f 1459 1461 1460
f 1461 1464 1463
f 1463 1465 1466
f 1464 1465 1463
f 1466 1467 1468
f 1468 1467 1469
f 1465 1467 1466
f 1469 1470 1471
f 1467 1470 1469
f 1470 1472 1471
f 1471 1473 1474
f 1472 1473 1471
f 1474 1475 1476
f 1476 1475 1477
f 1473 1475 1474
f 1475 1478 1477
f 1477 1479 1480
f 1478 1479 1477
f 1480 1481 1482
f 1482 1481 1483
f 1479 1481 1480
f 1481 1484 1483
f 1484 1485 1483
f 1483 1485 1486
f 1486 1485 1487
f 1485 1488 1487
f 1488 1489 1487
f 1487 1489 1490
f 1490 1489 1491
f 1489 1492 1491
f 1492 1493 1491
f 1491 1493 1494
f 1493 1495 1494
f 1494 1495 1496
f 1495 1497 1496
f 1496 1497 1498
f 1497 1499 1498
f 1498 1499 1500
f 1500 1499 1501
f 1499 1502 1501
f 1501 1502 1503
f 1502 1504 1503
f 1503 1504 1505
f 1504 1506 1505
f 1506 1507 1505
f 1505 1507 1508
f 1508 1507 1509
f 1507 1510 1509
f 1509 1511 1512
f 1510 1511 1509
f 1511 1261 1512
f 1512 1261 1263
f 1513 1514 1515
f 1515 1514 1516
f 1516 1517 1518
f 1514 1517 1516
f 1518 1519 1520
f 1517 1519 1518
f 1520 1521 1522
f 1519 1521 1520
f 1522 1523 1524
f 1521 1523 1522
f 1524 1525 1526
f 1523 1525 1524
f 1526 1527 1528
f 1525 1527 1526
f 1528 1529 1530
f 1527 1529 1528
f 1530 1531 1532
f 1529 1531 1530
f 1532 1533 1534
f 1531 1533 1532
f 1533 1535 1534
f 1534 1535 1536
f 1535 1537 1536
f 1536 1537 1538
f 1537 1539 1538
f 1538 1539 1540
f 1540 1539 1541
f 1539 1542 1541
f 1542 1543 1541
f 1541 1543 1544
f 1544 1543 1545
f 1543 1546 1545
f 1546 1547 1545
f 1545 1547 1548
f 1547 1549 1548
f 1548 1549 1550
f 1549 1551 1550
f 1550 1551 1552
f 1551 1553 1552
f 1552 1553 1554
f 1553 1555 1554
f 1554 1555 1556
f 1555 1557 1556
f 1556 1557 1558
f 1558 1559 1560
f 1557 1559 1558
f 1560 1559 1561
f 1559 1562 1561
f 1562 1563 1561
f 1561 1563 1564
f 1564 1565 1566
f 1563 1565 1564
f 1566 1567 1568
f 1565 1567 1566
f 1568 1569 1570
f 1567 1569 1568
f 1570 1571 1572
f 1569 1571 1570
f 1572 1573 1574
f 1571 1573 1572
f 1574 1575 1576
f 1573 1575 1574
f 1576 1577 1578
f 1575 1577 1576
f 1578 1579 1580
f 1577 1579 1578
f 1580 1581 1582
f 1579 1581 1580
f 1582 1583 1584
f 1581 1583 1582
f 1584 1585 1586
f 1586 1585 1587
f 1583 1585 1584
f 1585 1588 1587
f 1588 1589 1587
f 1587 1589 1590
f 1589 1591 1590
f 1590 1591 1592
f 1591 1593 1592
f 1592 1593 1594
f 1593 1595 1594
f 1594 1595 1596
f 1596 1595 1597
f 1595 1598 1597
f 1598 1599 1597
f 1597 1599 1600
f 1599 1601 1600
f 1600 1601 1602
f 1602 1601 1603
f 1601 1604 1603
f 1604 1605 1603
f 1603 1605 1606
f 1605 1607 1606
f 1606 1607 1608
f 1607 1609 1608
f 1608 1609 1610
f 1609 1611 1610
f 1610 1611 1612
f 1611 1613 1612
f 1612 1613 1614
f 1613 1615 1614
f 1614 1615 1616
f 1615 1617 1616
f 1616 1617 1618
f 1618 1617 1619
f 1617 1620 1619
f 1620 1621 1619
f 1619 1621 1622
f 1621 1623 1622
f 1622 1623 1624
f 1623 1625 1624
f 1624 1625 1626
f 1625 1627 1626
f 1626 1627 1628
f 1628 1629 1630
f 1627 1629 1628
f 1630 1631 1632
f 1632 1631 1633
f 1629 1631 1630
f 1633 1634 1635
f 1631 1634 1633
f 1634 1636 1635
f 1636 1637 1635
f 1635 1637 1638
f 1637 1639 1638
f 1638 1639 1640
f 1639 1641 1640
f 1640 1641 1642
f 1641 1643 1642
f 1642 1643 1644
f 1643 1645 1644
f 1644 1645 1646
f 1645 1647 1646
f 1646 1647 1648
f 1647 1649 1648
f 1648 1649 1650
f 1649 1651 1650
f 1650 1651 1652
f 1652 1651 1653
f 1651 1654 1653
f 1654 1655 1653
f 1653 1655 1656
f 1656 1655 1657
f 1655 1658 1657
f 1657 1658 1659
f 1658 1660 1659
f 1659 1661 1662
f 1662 1661 1663
f 1660 1661 1659
f 1661 1664 1663
f 1663 1665 1666
f 1666 1665 1667
f 1664 1665 1663
f 1665 1668 1667
f 1667 1669 1670
f 1670 1669 1671
f 1668 1669 1667
f 1669 1672 1671
f 1671 1673 1674
f 1674 1673 1675
f 1672 1673 1671
f 1673 1676 1675
f 1675 1677 1678
f 1678 1677 1679
f 1676 1677 1675
f 1677 1680 1679
f 1679 1681 1682
f 1680 1681 1679
f 1682 1683 1684
f 1681 1683 1682
f 1684 1685 1686
f 1683 1685 1684
f 1686 1687 1688
f 1685 1687 1686
f 1687 1689 1688
f 1688 1689 1690
f 1690 1689 1691
f 1689 1692 1691
f 1692 1693 1691
f 1691 1693 1694
f 1693 1695 1694
f 1694 1695 1696
f 1696 1695 1697
f 1695 1698 1697
f 1697 1698 1699
f 1698 1700 1699
f 1699 1701 1702
f 1700 1701 1699
f 1702 1703 1704
f 1701 1703 1702
f 1704 1705 1706
f 1703 1705 1704
f 1706 1707 1708
f 1705 1707 1706
f 1708 1709 1710
f 1707 1709 1708
f 1710 1711 1712
f 1709 1711 1710
f 1712 1713 1714
f 1714 1713 1715
f 1711 1713 1712
f 1713 1716 1715
f 1715 1717 1718
f 1716 1717 1715
f 1718 1719 1720
f 1720 1719 1721
f 1717 1719 1718
f 1721 1722 1723
f 1719 1722 1721
f 1722 1724 1723
f 1723 1725 1726
f 1724 1725 1723
f 1726 1727 1728
f 1728 1727 1729
f 1725 1727 1726
f 1727 1730 1729
f 1729 1731 1732
f 1730 1731 1729
f 1732 1733 1734
f 1734 1733 1735
f 1731 1733 1732
f 1733 1736 1735
f 1736 1737 1735
f 1735 1737 1738
f 1738 1737 1739
f 1737 1740 1739
f 1740 1741 1739
f 1739 1741 1742
f 1742 1741 1743
f 1741 1744 1743
f 1744 1745 1743
f 1743 1745 1746
f 1745 1747 1746
f 1746 1747 1748
f 1747 1749 1748
f 1748 1749 1750
f 1749 1751 1750
f 1750 1751 1752
f 1752 1751 1753
f 1751 1754 1753
f 1753 1754 1755
f 1754 1756 1755
f 1755 1756 1757
f 1756 1758 1757
f 1758 1759 1757
f 1757 1759 1760
f 1760 1759 1761
f 1759 1762 1761
f 1761 1763 1764
f 1762 1763 1761
f 1763 1513 1764
f 1764 1513 1515
f 1765 1766 1767
f 1767 1766 1768
f 1768 1769 1770
f 1766 1769 1768
f 1770 1771 1772
f 1769 1771 1770
f 1772 1773 1774
f 1771 1773 1772
f 1774 1775 1776
f 1773 1775 1774
f 1777 1778 1779
f 1776 1778 1777
f 1775 1778 1776
f 1778 1780 1779
f 1779 1781 1782
f 1780 1781 1779
f 1783 1784 1785
f 1782 1784 1783
f 1781 1784 1782
f 1784 1786 1785
f 1786 1787 1785
f 1785 1787 1788
f 1787 1789 1788
f 1788 1789 1790
f 1789 1791 1790
f 1790 1791 1792
f 1791 1793 1792
f 1792 1793 1794
f 1793 1795 1794
f 1796 1795 1797
f 1794 1795 1796
f 1795 1798 1797
f 1798 1799 1797
f 1797 1799 1800
f 1799 1801 1800
f 1800 1801 1802
f 1802 1803 1804
f 1801 1803 1802
f 1804 1805 1806
f 1803 1805 1804
f 1806 1807 1808
f 1805 1807 1806
f 1809 1810 1811
f 1808 1810 1809
f 1807 1810 1808
f 1810 1812 1811
f 1811 1813 1814
f 1812 1813 1811
f 1814 1815 1816
f 1813 1815 1814
f 1816 1817 1818
f 1815 1817 1816
f 1818 1819 1820
f 1817 1819 1818
f 1820 1821 1822
f 1819 1821 1820
f 1822 1823 1824
f 1821 1823 1822
f 1824 1825 1826
f 1823 1825 1824
f 1826 1827 1828
f 1825 1827 1826
f 1828 1829 1830
f 1827 1829 1828
f 1830 1831 1832
f 1829 1831 1830
f 1832 1833 1834
f 1831 1833 1832
f 1834 1835 1836
f 1833 1835 1834
f 1835 1837 1836
f 1838 1837 1839
f 1836 1837 1838
f 1837 1840 1839
f 1840 1841 1839
f 1839 1841 1842
f 1842 1843 1844
f 1841 1843 1842
f 1844 1845 1846
f 1843 1845 1844
f 1847 1848 1849
f 1846 1848 1847
f 1845 1848 1846
f 1848 1850 1849
f 1849 1851 1852
f 1850 1851 1849
f 1852 1853 1854
f 1851 1853 1852
f 1855 1856 1857
f 1854 1856 1855
f 1853 1856 1854
f 1856 1858 1857
f 1859 1860 1861
f 1857 1860 1859
f 1858 1860 1857
f 1860 1862 1861
f 1861 1863 1864
f 1862 1863 1861
f 1864 1865 1866
f 1863 1865 1864
f 1867 1868 1869
f 1866 1868 1867
f 1865 1868 1866
f 1868 1870 1869
f 1869 1871 1872
f 1870 1871 1869
f 1871 1873 1872
f 1872 1873 1874
f 1873 1875 1874
f 1874 1875 1876
f 1875 1877 1876
f 1878 1877 1879
f 1876 1877 1878
f 1877 1880 1879
f 1880 1881 1879
f 1882 1881 1883
f 1879 1881 1882
f 1881 1884 1883
f 1884 1885 1883
f 1883 1885 1886
f 1885 1887 1886
f 1886 1887 1888
f 1887 1889 1888
f 1890 1889 1891
f 1888 1889 1890
f 1889 1892 1891
f 1892 1893 1891
f 1894 1893 1895
f 1891 1893 1894
f 1893 1896 1895
f 1896 1897 1895
f 1895 1897 1898
f 1897 1899 1898
f 1898 1899 1900
f 1899 1901 1900
f 1900 1901 1902
f 1901 1903 1902
f 1904 1903 1905
f 1902 1903 1904
f 1903 1906 1905
f 1906 1907 1905
f 1905 1907 1908
f 1907 1909 1908
f 1910 1909 1911
f 1908 1909 1910
f 1909 1912 1911
f 1912 1913 1911
f 1911 1913 1914
f 1913 1915 1914
f 1914 1915 1916
f 1915 1917 1916
f 1916 1917 1918
f 1917 1919 1918
f 1920 1919 1921
f 1918 1919 1920
f 1919 1922 1921
f 1922 1923 1921
f 1924 1923 1925
f 1921 1923 1924
f 1923 1926 1925
f 1925 1927 1928
f 1926 1927 1925
f 1929 1930 1931
f 1928 1930 1929
f 1927 1930 1928
f 1930 1932 1931
f 1931 1933 1934
f 1932 1933 1931
f 1934 1935 1936
f 1933 1935 1934
f 1936 1937 1938
f 1935 1937 1936
f 1937 1939 1938
f 1940 1939 1941
f 1938 1939 1940
f 1939 1942 1941
f 1942 1943 1941
f 1941 1943 1944
f 1943 1945 1944
f 1946 1945 1947
f 1944 1945 1946
f 1945 1948 1947
f 1948 1949 1947
f 1947 1949 1950
f 1949 1951 1950
f 1950 1951 1952
f 1951 1953 1952
f 1952 1953 1954
f 1953 1955 1954
f 1956 1955 1957
f 1954 1955 1956
f 1955 1958 1957
f 1958 1959 1957
f 1957 1959 1960
f 1959 1961 1960
f 1960 1961 1962
f 1961 1963 1962
f 1962 1963 1964
f 1964 1965 1966
f 1963 1965 1964
f 1965 1967 1966
f 1966 1967 1968
f 1968 1969 1970
f 1967 1969 1968
f 1970 1971 1972
f 1969 1971 1970
f 1972 1973 1974
f 1971 1973 1972
f 1974 1975 1976
f 1973 1975 1974
f 1976 1977 1978
f 1975 1977 1976
f 1979 1980 1981
f 1978 1980 1979
f 1977 1980 1978
f 1980 1982 1981
f 1981 1983 1984
f 1982 1983 1981
f 1984 1985 1986
f 1983 1985 1984
f 1986 1987 1988
f 1985 1987 1986
f 1988 1989 1990
f 1987 1989 1988
f 1989 1991 1990
f 1990 1991 1992
f 1991 1993 1992
f 1992 1993 1994
f 1993 1995 1994
f 1996 1995 1997
f 1994 1995 1996
f 1995 1998 1997
f 1998 1999 1997
f 1997 1999 2000
f 1999 2001 2000
f 2000 2001 2002
f 2001 2003 2002
f 2002 2003 2004
f 2004 2005 2006
f 2003 2005 2004
f 2005 2007 2006
f 2006 2007 2008
f 2009 2010 2011
f 2008 2010 2009
f 2007 2010 2008
f 2010 2012 2011
f 2011 2013 2014
f 2012 2013 2011
f 2014 2015 2016
f 2013 2015 2014
f 2016 1765 1767
f 2015 1765 2016
f 2017 2018 2019
f 2019 2018 2020
f 2020 2021 2022
f 2018 2021 2020
f 2022 2023 2024
f 2021 2023 2022
f 2024 2025 2026
f 2023 2025 2024
f 2026 2027 2028
f 2025 2027 2026
f 2029 2030 2031
f 2028 2030 2029
f 2027 2030 2028
f 2030 2032 2031
f 2031 2033 2034
f 2032 2033 2031
f 2035 2036 2037
f 2034 2036 2035
f 2033 2036 2034
f 2036 2038 2037
f 2038 2039 2037
f 2037 2039 2040
f 2039 2041 2040
f 2040 2041 2042
f 2041 2043 2042
f 2042 2043 2044
f 2043 2045 2044
f 2044 2045 2046
f 2045 2047 2046
f 2048 2047 2049
f 2046 2047 2048
f 2047 2050 2049
f 2050 2051 2049
f 2049 2051 2052
f 2051 2053 2052
f 2052 2053 2054
f 2054 2055 2056
f 2053 2055 2054
f 2056 2057 2058
f 2055 2057 2056
f 2058 2059 2060
f 2057 2059 2058
f 2061 2062 2063
f 2060 2062 2061
f 2059 2062 2060
f 2062 2064 2063
f 2063 2065 2066
f 2064 2065 2063
f 2066 2067 2068
f 2065 2067 2066
f 2068 2069 2070
f 2067 2069 2068
f 2070 2071 2072
f 2069 2071 2070
f 2072 2073 2074
f 2071 2073 2072
f 2074 2075 2076
f 2073 2075 2074
f 2076 2077 2078
f 2075 2077 2076
f 2078 2079 2080
f 2077 2079 2078
f 2080 2081 2082
f 2079 2081 2080
f 2082 2083 2084
f 2081 2083 2082
f 2084 2085 2086
f 2083 2085 2084
f 2086 2087 2088
f 2085 2087 2086
f 2087 2089 2088
f 2090 2089 2091
f 2088 2089 2090
f 2089 2092 2091
f 2092 2093 2091
f 2091 2093 2094
f 2094 2095 2096
f 2093 2095 2094
f 2096 2097 2098
f 2095 2097 2096
f 2099 2100 2101
f 2098 2100 2099
f 2097 2100 2098
f 2100 2102 2101
f 2101 2103 2104
f 2102 2103 2101
f 2104 2105 2106
f 2103 2105 2104
f 2107 2108 2109
f 2106 2108 2107
f 2105 2108 2106
f 2108 2110 2109
f 2111 2112 2113
f 2109 2112 2111
f 2110 2112 2109
f 2112 2114 2113
f 2113 2115 2116
f 2114 2115 2113
f 2116 2117 2118
f 2115 2117 2116
f 2119 2120 2121
f 2118 2120 2119
f 2117 2120 2118
f 2120 2122 2121
f 2121 2123 2124
f 2122 2123 2121
f 2123 2125 2124
f 2124 2125 2126
f 2125 2127 2126
f 2126 2127 2128
f 2127 2129 2128
f 2130 2129 2131
f 2128 2129 2130
f 2129 2132 2131
f 2132 2133 2131
f 2134 2133 2135
f 2131 2133 2134
f 2133 2136 2135
f 2136 2137 2135
f 2135 2137 2138
f 2137 2139 2138
f 2138 2139 2140
f 2139 2141 2140
f 2142 2141 2143
f 2140 2141 2142
f 2141 2144 2143
f 2144 2145 2143
f 2146 2145 2147
f 2143 2145 2146
f 2145 2148 2147
f 2148 2149 2147
f 2147 2149 2150
f 2149 2151 2150
f 2150 2151 2152
f 2151 2153 2152
f 2152 2153 2154
f 2153 2155 2154
f 2156 2155 2157
f 2154 2155 2156
f 2155 2158 2157
f 2158 2159 2157
f 2157 2159 2160
f 2159 2161 2160
f 2162 2161 2163
f 2160 2161 2162
f 2161 2164 2163
f 2164 2165 2163
f 2163 2165 2166
f 2165 2167 2166
f 2166 2167 2168
f 2167 2169 2168
f 2168 2169 2170
f 2169 2171 2170
f 2172 2171 2173
f 2170 2171 2172
f 2171 2174 2173
f 2174 2175 2173
f 2176 2175 2177
f 2173 2175 2176
f 2175 2178 2177
f 2177 2179 2180
f 2178 2179 2177
f 2181 2182 2183
f 2180 2182 2181
f 2179 2182 2180
f 2182 2184 2183
f 2183 2185 2186
f 2184 2185 2183
f 2186 2187 2188
f 2185 2187 2186
f 2188 2189 2190
f 2187 2189 2188
f 2189 2191 2190
f 2192 2191 2193
f 2190 2191 2192
f 2191 2194 2193
f 2194 2195 2193
f 2193 2195 2196
f 2195 2197 2196
f 2198 2197 2199
f 2196 2197 2198
f 2197 2200 2199
f 2200 2201 2199
f 2199 2201 2202
f 2201 2203 2202
f 2202 2203 2204
f 2203 2205 2204
f 2204 2205 2206
f 2205 2207 2206
f 2208 2207 2209
f 2206 2207 2208
f 2207 2210 2209
f 2210 2211 2209
f 2209 2211 2212
f 2211 2213 2212
f 2212 2213 2214
f 2213 2215 2214
f 2214 2215 2216
f 2216 2217 2218
f 2215 2217 2216
f 2217 2219 2218
f 2218 2219 2220
f 2220 2221 2222
f 2219 2221 2220
f 2222 2223 2224
f 2221 2223 2222
f 2224 2225 2226
f 2223 2225 2224
f 2226 2227 2228
f 2225 2227 2226
f 2228 2229 2230
f 2227 2229 2228
f 2231 2232 2233
f 2230 2232 2231
f 2229 2232 2230
f 2232 2234 2233
f 2233 2235 2236
f 2234 2235 2233
f 2236 2237 2238
f 2235 2237 2236
f 2238 2239 2240
f 2237 2239 2238
f 2240 2241 2242
f 2239 2241 2240
f 2241 2243 2242
f 2242 2243 2244
f 2243 2245 2244
f 2244 2245 2246
f 2245 2247 2246
f 2248 2247 2249
f 2246 2247 2248
f 2247 2250 2249
f 2250 2251 2249
f 2249 2251 2252
f 2251 2253 2252
f 2252 2253 2254
f 2253 2255 2254
f 2254 2255 2256
f 2256 2257 2258
f 2255 2257 2256
f 2257 2259 2258
f 2258 2259 2260
f 2261 2262 2263
f 2260 2262 2261
f 2259 2262 2260
f 2262 2264 2263
f 2263 2265 2266
f 2264 2265 2263
f 2266 2267 2268
f 2265 2267 2266
f 2268 2017 2019
f 2267 2017 2268
f 2269 2270 2271
f 2271 2270 2272
f 2272 2273 2274
f 2270 2273 2272
f 2274 2275 2276
f 2273 2275 2274
f 2276 2277 2278
f 2275 2277 2276
f 2278 2279 2280
f 2277 2279 2278
f 2281 2282 2283
f 2280 2282 2281
f 2279 2282 2280
f 2282 2284 2283
f 2283 2285 2286
f 2284 2285 2283
f 2287 2288 2289
f 2286 2288 2287
f 2285 2288 2286
f 2288 2290 2289
f 2290 2291 2289
f 2289 2291 2292
f 2291 2293 2292
f 2292 2293 2294
f 2293 2295 2294
f 2294 2295 2296
f 2295 2297 2296
f 2296 2297 2298
f 2297 2299 2298
f 2300 2299 2301
f 2298 2299 2300
f 2299 2302 2301
f 2302 2303 2301
f 2301 2303 2304
f 2303 2305 2304
f 2304 2305 2306
f 2306 2307 2308
f 2305 2307 2306
f 2308 2309 2310
f 2307 2309 2308
f 2310 2311 2312
f 2309 2311 2310
f 2313 2314 2315
f 2312 2314 2313
f 2311 2314 2312
f 2314 2316 2315
f 2315 2317 2318
f 2316 2317 2315
f 2318 2319 2320
f 2317 2319 2318
f 2320 2321 2322
f 2319 2321 2320
f 2322 2323 2324
f 2321 2323 2322
f 2324 2325 2326
f 2323 2325 2324
f 2326 2327 2328
f 2325 2327 2326
f 2328 2329 2330
f 2327 2329 2328
f 2330 2331 2332
f 2329 2331 2330
f 2332 2333 2334
f 2331 2333 2332
f 2334 2335 2336
f 2333 2335 2334
f 2336 2337 2338
f 2335 2337 2336
f 2338 2339 2340
f 2337 2339 2338
f 2339 2341 2340
f 2342 2341 2343
f 2340 2341 2342
f 2341 2344 2343
f 2344 2345 2343
f 2343 2345 2346
f 2346 2347 2348
f 2345 2347 2346
f 2348 2349 2350
f 2347 2349 2348
f 2351 2352 2353
f 2350 2352 2351
f 2349 2352 2350
f 2352 2354 2353
f 2353 2355 2356
f 2354 2355 2353
f 2356 2357 2358
f 2355 2357 2356
f 2359 2360 2361
f 2358 2360 2359
f 2357 2360 2358
f 2360 2362 2361
f 2363 2364 2365
f 2361 2364 2363
f 2362 2364 2361
f 2364 2366 2365
f 2365 2367 2368
f 2366 2367 2365
f 2368 2369 2370
f 2367 2369 2368
f 2371 2372 2373
f 2370 2372 2371
f 2369 2372 2370
f 2372 2374 2373
f 2373 2375 2376
f 2374 2375 2373
f 2375 2377 2376
f 2376 2377 2378
f 2377 2379 2378
f 2378 2379 2380
f 2379 2381 2380
f 2382 2381 2383
f 2380 2381 2382
f 2381 2384 2383
f 2384 2385 2383
f 2386 2385 2387
f 2383 2385 2386
f 2385 2388 2387
f 2388 2389 2387
f 2387 2389 2390
f 2389 2391 2390
f 2390 2391 2392
f 2391 2393 2392
f 2394 2393 2395
f 2392 2393 2394
f 2393 2396 2395
f 2396 2397 2395
f 2398 2397 2399
f 2395 2397 2398
f 2397 2400 2399
f 2400 2401 2399
f 2399 2401 2402
f 2401 2403 2402
f 2402 2403 2404
f 2403 2405 2404
f 2404 2405 2406
f 2405 2407 2406
f 2408 2407 2409
f 2406 2407 2408
f 2407 2410 2409
f 2410 2411 2409
f 2409 2411 2412
f 2411 2413 2412
f 2414 2413 2415
f 2412 2413 2414
f 2413 2416 2415
f 2416 2417 2415
f 2415 2417 2418
f 2417 2419 2418
f 2418 2419 2420
f 2419 2421 2420
f 2420 2421 2422
f 2421 2423 2422
f 2424 2423 2425
f 2422 2423 2424
f 2423 2426 2425
f 2426 2427 2425
f 2428 2427 2429
f 2425 2427 2428
f 2427 2430 2429
f 2429 2431 2432
f 2430 2431 2429
f 2433 2434 2435
f 2432 2434 2433
f 2431 2434 2432
f 2434 2436 2435
f 2435 2437 2438
f 2436 2437 2435
f 2438 2439 2440
f 2437 2439 2438
f 2440 2441 2442
f 2439 2441 2440
f 2441 2443 2442
f 2444 2443 2445
f 2442 2443 2444
f 2443 2446 2445
f 2446 2447 2445
f 2445 2447 2448
f 2447 2449 2448
f 2450 2449 2451
f 2448 2449 2450
f 2449 2452 2451
f 2452 2453 2451
f 2451 2453 2454
f 2453 2455 2454
f 2454 2455 2456
f 2455 2457 2456
f 2456 2457 2458
f 2457 2459 2458
f 2460 2459 2461
f 2458 2459 2460
f 2459 2462 2461
f 2462 2463 2461
f 2461 2463 2464
f 2463 2465 2464
f 2464 2465 2466
f 2465 2467 2466
f 2466 2467 2468
f 2468 2469 2470
f 2467 2469 2468
f 2469 2471 2470
f 2470 2471 2472
f 2472 2473 2474
f 2471 2473 2472
f 2474 2475 2476
f 2473 2475 2474
f 2476 2477 2478
f 2475 2477 2476
f 2478 2479 2480
f 2477 2479 2478
f 2480 2481 2482
f 2479 2481 2480
f 2483 2484 2485
f 2482 2484 2483
f 2481 2484 2482
f 2484 2486 2485
f 2485 2487 2488
f 2486 2487 2485
f 2488 2489 2490
f 2487 2489 2488
f 2490 2491 2492
f 2489 2491 2490
f 2492 2493 2494
f 2491 2493 2492
f 2493 2495 2494
f 2494 2495 2496
f 2495 2497 2496
f 2496 2497 2498
f 2497 2499 2498
f 2500 2499 2501
f 2498 2499 2500
f 2499 2502 2501
f 2502 2503 2501
f 2501 2503 2504
f 2503 2505 2504
f 2504 2505 2506
f 2505 2507 2506
f 2506 2507 2508
f 2508 2509 2510
f 2507 2509 2508
f 2509 2511 2510
f 2510 2511 2512
f 2513 2514 2515
f 2512 2514 2513
f 2511 2514 2512
f 2514 2516 2515
f 2515 2517 2518
f 2516 2517 2515
f 2518 2519 2520
f 2517 2519 2518
f 2520 2269 2271
f 2519 2269 2520
f 2521 2522 2523
f 2523 2522 2524
f 2524 2525 2526
f 2522 2525 2524
f 2526 2527 2528
f 2525 2527 2526
f 2528 2529 2530
f 2527 2529 2528
f 2530 2531 2532
f 2529 2531 2530
f 2533 2534 2535
f 2532 2534 2533
f 2531 2534 2532
f 2534 2536 2535
f 2535 2537 2538
f 2536 2537 2535
f 2539 2540 2541
f 2538 2540 2539
f 2537 2540 2538
f 2540 2542 2541
f 2542 2543 2541
f 2541 2543 2544
f 2543 2545 2544
f 2544 2545 2546
f 2545 2547 2546
f 2546 2547 2548
f 2547 2549 2548
f 2548 2549 2550
f 2549 2551 2550
f 2552 2551 2553
f 2550 2551 2552
f 2551 2554 2553
f 2554 2555 2553
f 2553 2555 2556
f 2555 2557 2556
f 2556 2557 2558
f 2558 2559 2560
f 2557 2559 2558
f 2560 2561 2562
f 2559 2561 2560
f 2562 2563 2564
f 2561 2563 2562
f 2565 2566 2567
f 2564 2566 2565
f 2563 2566 2564
f 2566 2568 2567
f 2567 2569 2570
f 2568 2569 2567
f 2570 2571 2572
f 2569 2571 2570
f 2572 2573 2574
f 2571 2573 2572
f 2574 2575 2576
f 2573 2575 2574
f 2576 2577 2578
f 2575 2577 2576
f 2578 2579 2580
f 2577 2579 2578
f 2580 2581 2582
f 2579 2581 2580
f 2582 2583 2584
f 2581 2583 2582
f 2584 2585 2586
f 2583 2585 2584
f 2586 2587 2588
f 2585 2587 2586
f 2588 2589 2590
f 2587 2589 2588
f 2590 2591 2592
f 2589 2591 2590
f 2591 2593 2592
f 2594 2593 2595
f 2592 2593 2594
f 2593 2596 2595
f 2596 2597 2595
f 2595 2597 2598
f 2598 2599 2600
f 2597 2599 2598
f 2600 2601 2602
f 2599 2601 2600
f 2603 2604 2605
f 2602 2604 2603
f 2601 2604 2602
f 2604 2606 2605
f 2605 2607 2608
f 2606 2607 2605
f 2608 2609 2610
f 2607 2609 2608
f 2611 2612 2613
f 2610 2612 2611
f 2609 2612 2610
f 2612 2614 2613
f 2615 2616 2617
f 2613 2616 2615
f 2614 2616 2613
f 2616 2618 2617
f 2617 2619 2620
f 2618 2619 2617
f 2620 2621 2622
f 2619 2621 2620
f 2623 2624 2625
f 2622 2624 2623
f 2621 2624 2622
f 2624 2626 2625
f 2625 2627 2628
f 2626 2627 2625
f 2627 2629 2628
f 2628 2629 2630
f 2629 2631 2630
f 2630 2631 2632
f 2631 2633 2632
f 2634 2633 2635
f 2632 2633 2634
f 2633 2636 2635
f 2636 2637 2635
f 2638 2637 2639
f 2635 2637 2638
f 2637 2640 2639
f 2640 2641 2639
f 2639 2641 2642
f 2641 2643 2642
f 2642 2643 2644
f 2643 2645 2644
f 2646 2645 2647
f 2644 2645 2646
f 2645 2648 2647
f 2648 2649 2647
f 2650 2649 2651
f 2647 2649 2650
f 2649 2652 2651
f 2652 2653 2651
f 2651 2653 2654
f 2653 2655 2654
f 2654 2655 2656
f 2655 2657 2656
f 2656 2657 2658
f 2657 2659 2658
f 2660 2659 2661
f 2658 2659 2660
f 2659 2662 2661
f 2662 2663 2661
f 2661 2663 2664
f 2663 2665 2664
f 2666 2665 2667
f 2664 2665 2666
f 2665 2668 2667
f 2668 2669 2667
f 2667 2669 2670
f 2669 2671 2670
f 2670 2671 2672
f 2671 2673 2672
f 2672 2673 2674
f 2673 2675 2674
f 2676 2675 2677
f 2674 2675 2676
f 2675 2678 2677
f 2678 2679 2677
f 2680 2679 2681
f 2677 2679 2680
f 2679 2682 2681
f 2681 2683 2684
f 2682 2683 2681
f 2685 2686 2687
f 2684 2686 2685
f 2683 2686 2684
f 2686 2688 2687
f 2687 2689 2690
f 2688 2689 2687
f 2690 2691 2692
f 2689 2691 2690
f 2692 2693 2694
f 2691 2693 2692
f 2693 2695 2694
f 2696 2695 2697
f 2694 2695 2696
f 2695 2698 2697
f 2698 2699 2697
f 2697 2699 2700
f 2699 2701 2700
f 2702 2701 2703
f 2700 2701 2702
f 2701 2704 2703
f 2704 2705 2703
f 2703 2705 2706
f 2705 2707 2706
f 2706 2707 2708
f 2707 2709 2708
f 2708 2709 2710
f 2709 2711 2710
f 2712 2711 2713
f 2710 2711 2712
f 2711 2714 2713
f 2714 2715 2713
f 2713 2715 2716
f 2715 2717 2716
f 2716 2717 2718
f 2717 2719 2718
f 2718 2719 2720
f 2720 2721 2722
f 2719 2721 2720
f 2721 2723 2722
f 2722 2723 2724
f 2724 2725 2726
f 2723 2725 2724
f 2726 2727 2728
f 2725 2727 2726
f 2728 2729 2730
f 2727 2729 2728
f 2730 2731 2732
f 2729 2731 2730
f 2732 2733 2734
f 2731 2733 2732
f 2735 2736 2737
f 2734 2736 2735
f 2733 2736 2734
f 2736 2738 2737
f 2737 2739 2740
f 2738 2739 2737
f 2740 2741 2742
f 2739 2741 2740
f 2742 2743 2744
f 2741 2743 2742
f 2744 2745 2746
f 2743 2745 2744
f 2745 2747 2746
f 2746 2747 2748
f 2747 2749 2748
f 2748 2749 2750
f 2749 2751 2750
f 2752 2751 2753
f 2750 2751 2752
f 2751 2754 2753
f 2754 2755 2753
f 2753 2755 2756
f 2755 2757 2756
f 2756 2757 2758
f 2757 2759 2758
f 2758 2759 2760
f 2760 2761 2762
f 2759 2761 2760
f 2761 2763 2762
f 2762 2763 2764
f 2765 2766 2767
f 2764 2766 2765
f 2763 2766 2764
f 2766 2768 2767
f 2767 2769 2770
f 2768 2769 2767
f 2770 2771 2772
f 2769 2771 2770
f 2772 2521 2523
f 2771 2521 2772
f 2773 2774 2775
f 2775 2774 2776
f 2776 2777 2778
f 2774 2777 2776
f 2778 2779 2780
f 2777 2779 2778
f 2780 2781 2782
f 2779 2781 2780
f 2782 2783 2784
f 2781 2783 2782
f 2785 2786 2787
f 2784 2786 2785
f 2783 2786 2784
f 2786 2788 2787
f 2787 2789 2790
f 2788 2789 2787
f 2791 2792 2793
f 2790 2792 2791
f 2789 2792 2790
f 2792 2794 2793
f 2794 2795 2793
f 2793 2795 2796
f 2795 2797 2796
f 2796 2797 2798
f 2797 2799 2798
f 2798 2799 2800
f 2799 2801 2800
f 2800 2801 2802
f 2801 2803 2802
f 2804 2803 2805
f 2802 2803 2804
f 2803 2806 2805
f 2806 2807 2805
f 2805 2807 2808
f 2807 2809 2808
f 2808 2809 2810
f 2810 2811 2812
f 2809 2811 2810
f 2812 2813 2814
f 2811 2813 2812
f 2814 2815 2816
f 2813 2815 2814
f 2817 2818 2819
f 2816 2818 2817
f 2815 2818 2816
f 2818 2820 2819
f 2819 2821 2822
f 2820 2821 2819
f 2822 2823 2824
f 2821 2823 2822
f 2824 2825 2826
f 2823 2825 2824
f 2826 2827 2828
f 2825 2827 2826
f 2828 2829 2830
f 2827 2829 2828
f 2830 2831 2832
f 2829 2831 2830
f 2832 2833 2834
f 2831 2833 2832
f 2834 2835 2836
f 2833 2835 2834
f 2836 2837 2838
f 2835 2837 2836
f 2838 2839 2840
f 2837 2839 2838
f 2840 2841 2842
f 2839 2841 2840
f 2842 2843 2844
f 2841 2843 2842
f 2843 2845 2844
f 2846 2845 2847
f 2844 2845 2846
f 2845 2848 2847
f 2848 2849 2847
f 2847 2849 2850
f 2850 2851 2852
f 2849 2851 2850
f 2852 2853 2854
f 2851 2853 2852
f 2855 2856 2857
f 2854 2856 2855
f 2853 2856 2854
f 2856 2858 2857
f 2857 2859 2860
f 2858 2859 2857
f 2860 2861 2862
f 2859 2861 2860
f 2863 2864 2865
f 2862 2864 2863
f 2861 2864 2862
f 2864 2866 2865
f 2867 2868 2869
f 2865 2868 2867
f 2866 2868 2865
f 2868 2870 2869
f 2869 2871 2872
f 2870 2871 2869
f 2872 2873 2874
f 2871 2873 2872
f 2875 2876 2877
f 2874 2876 2875
f 2873 2876 2874
f 2876 2878 2877
f 2877 2879 2880
f 2878 2879 2877
f 2879 2881 2880
f 2880 2881 2882
f 2881 2883 2882
f 2882 2883 2884
f 2883 2885 2884
f 2886 2885 2887
f 2884 2885 2886
f 2885 2888 2887
f 2888 2889 2887
f 2890 2889 2891
f 2887 2889 2890
f 2889 2892 2891
f 2892 2893 2891
f 2891 2893 2894
f 2893 2895 2894
f 2894 2895 2896
f 2895 2897 2896
f 2898 2897 2899
f 2896 2897 2898
f 2897 2900 2899
f 2900 2901 2899
f 2902 2901 2903
f 2899 2901 2902
f 2901 2904 2903
f 2904 2905 2903
f 2903 2905 2906
f 2905 2907 2906
f 2906 2907 2908
f 2907 2909 2908
f 2908 2909 2910
f 2909 2911 2910
f 2912 2911 2913
f 2910 2911 2912
f 2911 2914 2913
f 2914 2915 2913
f 2913 2915 2916
f 2915 2917 2916
f 2918 2917 2919
f 2916 2917 2918
f 2917 2920 2919
f 2920 2921 2919
f 2919 2921 2922
f 2921 2923 2922
f 2922 2923 2924
f 2923 2925 2924
f 2924 2925 2926
f 2925 2927 2926
f 2928 2927 2929
f 2926 2927 2928
f 2927 2930 2929
f 2930 2931 2929
f 2932 2931 2933
f 2929 2931 2932
f 2931 2934 2933
f 2933 2935 2936
f 2934 2935 2933
f 2937 2938 2939
f 2936 2938 2937
f 2935 2938 2936
f 2938 2940 2939
f 2939 2941 2942
f 2940 2941 2939
f 2942 2943 2944
f 2941 2943 2942
f 2944 2945 2946
f 2943 2945 2944
f 2945 2947 2946
f 2948 2947 2949
f 2946 2947 2948
f 2947 2950 2949
f 2950 2951 2949
f 2949 2951 2952
f 2951 2953 2952
f 2954 2953 2955
f 2952 2953 2954
f 2953 2956 2955
f 2956 2957 2955
f 2955 2957 2958
f 2957 2959 2958
f 2958 2959 2960
f 2959 2961 2960
f 2960 2961 2962
f 2961 2963 2962
f 2964 2963 2965
f 2962 2963 2964
f 2963 2966 2965
f 2966 2967 2965
f 2965 2967 2968
f 2967 2969 2968
f 2968 2969 2970
f 2969 2971 2970
f 2970 2971 2972
f 2972 2973 2974
f 2971 2973 2972
f 2973 2975 2974
f 2974 2975 2976
f 2976 2977 2978
f 2975 2977 2976
f 2978 2979 2980
f 2977 2979 2978
f 2980 2981 2982
f 2979 2981 2980
f 2982 2983 2984
f 2981 2983 2982
f 2984 2985 2986
f 2983 2985 2984
f 2987 2988 2989
f 2986 2988 2987
f 2985 2988 2986
f 2988 2990 2989
f 2989 2991 2992
f 2990 2991 2989
f 2992 2993 2994
f 2991 2993 2992
f 2994 2995 2996
f 2993 2995 2994
f 2996 2997 2998
f 2995 2997 2996
f 2997 2999 2998
f 2998 2999 3000
f 2999 3001 3000
f 3000 3001 3002
f 3001 3003 3002
f 3004 3003 3005
f 3002 3003 3004
f 3003 3006 3005
f 3006 3007 3005
f 3005 3007 3008
f 3007 3009 3008
f 3008 3009 3010
f 3009 3011 3010
f 3010 3011 3012
f 3012 3013 3014
f 3011 3013 3012
f 3013 3015 3014
f 3014 3015 3016
f 3017 3018 3019
f 3016 3018 3017
f 3015 3018 3016
f 3018 3020 3019
f 3019 3021 3022
f 3020 3021 3019
f 3022 3023 3024
f 3021 3023 3022
f 3024 2773 2775
f 3023 2773 3024
f 3025 3026 3027
f 3027 3026 3028
f 3028 3029 3030
f 3026 3029 3028
f 3030 3031 3032
f 3029 3031 3030
f 3032 3033 3034
f 3031 3033 3032
f 3034 3035 3036
f 3033 3035 3034
f 3037 3038 3039
f 3036 3038 3037
f 3035 3038 3036
f 3038 3040 3039
f 3039 3041 3042
f 3040 3041 3039
f 3043 3044 3045
f 3042 3044 3043
f 3041 3044 3042
f 3044 3046 3045
f 3046 3047 3045
f 3045 3047 3048
f 3047 3049 3048
f 3048 3049 3050
f 3049 3051 3050
f 3050 3051 3052
f 3051 3053 3052
f 3052 3053 3054
f 3053 3055 3054
f 3056 3055 3057
f 3054 3055 3056
f 3055 3058 3057
f 3058 3059 3057
f 3057 3059 3060
f 3059 3061 3060
f 3060 3061 3062
f 3062 3063 3064
f 3061 3063 3062
f 3064 3065 3066
f 3063 3065 3064
f 3066 3067 3068
f 3065 3067 3066
f 3069 3070 3071
f 3068 3070 3069
f 3067 3070 3068
f 3070 3072 3071
f 3071 3073 3074
f 3072 3073 3071
f 3074 3075 3076
f 3073 3075 3074
f 3076 3077 3078
f 3075 3077 3076
f 3078 3079 3080
f 3077 3079 3078
f 3080 3081 3082
f 3079 3081 3080
f 3082 3083 3084
f 3081 3083 3082
f 3084 3085 3086
f 3083 3085 3084
f 3086 3087 3088
f 3085 3087 3086
f 3088 3089 3090
f 3087 3089 3088
f 3090 3091 3092
f 3089 3091 3090
f 3092 3093 3094
f 3091 3093 3092
f 3094 3095 3096
f 3093 3095 3094
f 3095 3097 3096
f 3098 3097 3099
f 3096 3097 3098
f 3097 3100 3099
f 3100 3101 3099
f 3099 3101 3102
f 3102 3103 3104
f 3101 3103 3102
f 3104 3105 3106
f 3103 3105 3104
f 3107 3108 3109
f 3106 3108 3107
f 3105 3108 3106
f 3108 3110 3109
f 3109 3111 3112
f 3110 3111 3109
f 3112 3113 3114
f 3111 3113 3112
f 3115 3116 3117
f 3114 3116 3115
f 3113 3116 3114
f 3116 3118 3117
f 3119 3120 3121
f 3117 3120 3119
f 3118 3120 3117
f 3120 3122 3121
f 3121 3123 3124
f 3122 3123 3121
f 3124 3125 3126
f 3123 3125 3124
f 3127 3128 3129
f 3126 3128 3127
f 3125 3128 3126
f 3128 3130 3129
f 3129 3131 3132
f 3130 3131 3129
f 3131 3133 3132
f 3132 3133 3134
f 3133 3135 3134
f 3134 3135 3136
f 3135 3137 3136
f 3138 3137 3139
f 3136 3137 3138
f 3137 3140 3139
f 3140 3141 3139
f 3142 3141 3143
f 3139 3141 3142
f 3141 3144 3143
f 3144 3145 3143
f 3143 3145 3146
f 3145 3147 3146
f 3146 3147 3148
f 3147 3149 3148
f 3150 3149 3151
f 3148 3149 3150
f 3149 3152 3151
f 3152 3153 3151
f 3154 3153 3155
f 3151 3153 3154
f 3153 3156 3155
f 3156 3157 3155
f 3155 3157 3158
f 3157 3159 3158
f 3158 3159 3160
f 3159 3161 3160
f 3160 3161 3162
f 3161 3163 3162
f 3164 3163 3165
f 3162 3163 3164
f 3163 3166 3165
f 3166 3167 3165
f 3165 3167 3168
f 3167 3169 3168
f 3170 3169 3171
f 3168 3169 3170
f 3169 3172 3171
f 3172 3173 3171
f 3171 3173 3174
f 3173 3175 3174
f 3174 3175 3176
f 3175 3177 3176
f 3176 3177 3178
f 3177 3179 3178
f 3180 3179 3181
f 3178 3179 3180
f 3179 3182 3181
f 3182 3183 3181
f 3184 3183 3185
f 3181 3183 3184
f 3183 3186 3185
f 3185 3187 3188
f 3186 3187 3185
f 3189 3190 3191
f 3188 3190 3189
f 3187 3190 3188
f 3190 3192 3191
f 3191 3193 3194
f 3192 3193 3191
f 3194 3195 3196
f 3193 3195 3194
f 3196 3197 3198
f 3195 3197 3196
f 3197 3199 3198
f 3200 3199 3201
f 3198 3199 3200
f 3199 3202 3201
f 3202 3203 3201
f 3201 3203 3204
f 3203 3205 3204
f 3206 3205 3207
f 3204 3205 3206
f 3205 3208 3207
f 3208 3209 3207
f 3207 3209 3210
f 3209 3211 3210
f 3210 3211 3212
f 3211 3213 3212
f 3212 3213 3214
f 3213 3215 3214
f 3216 3215 3217
f 3214 3215 3216
f 3215 3218 3217
f 3218 3219 3217
f 3217 3219 3220
f 3219 3221 3220
f 3220 3221 3222
f 3221 3223 3222
f 3222 3223 3224
f 3224 3225 3226
f 3223 3225 3224
f 3225 3227 3226
f 3226 3227 3228
f 3228 3229 3230
f 3227 3229 3228
f 3230 3231 3232
f 3229 3231 3230
f 3232 3233 3234
f 3231 3233 3232
f 3234 3235 3236
f 3233 3235 3234
f 3236 3237 3238
f 3235 3237 3236
f 3239 3240 3241
f 3238 3240 3239
f 3237 3240 3238
f 3240 3242 3241
f 3241 3243 3244
f 3242 3243 3241
f 3244 3245 3246
f 3243 3245 3244
f 3246 3247 3248
f 3245 3247 3246
f 3248 3249 3250
f 3247 3249 3248
f 3249 3251 3250
f 3250 3251 3252
f 3251 3253 3252
f 3252 3253 3254
f 3253 3255 3254
f 3256 3255 3257
f 3254 3255 3256
f 3255 3258 3257
f 3258 3259 3257
f 3257 3259 3260
f 3259 3261 3260
f 3260 3261 3262
f 3261 3263 3262
f 3262 3263 3264
f 3264 3265 3266
f 3263 3265 3264
f 3265 3267 3266
f 3266 3267 3268
f 3269 3270 3271
f 3268 3270 3269
f 3267 3270 3268
f 3270 3272 3271
f 3271 3273 3274
f 3272 3273 3271
f 3274 3275 3276
f 3273 3275 3274
f 3276 3025 3027
f 3275 3025 3276
f 3277 3278 3279
f 3277 3280 3278
f 3281 3279 3282
f 3281 3277 3279
f 3283 3282 3284
f 3283 3281 3282
f 3285 3284 3286
f 3285 3283 3284
f 3287 3286 3288
f 3287 3285 3286
f 3289 3288 3290
f 3289 3287 3288
f 3291 3292 3293
f 3291 3290 3292
f 3291 3289 3290
f 3294 3291 3293
f 3294 3293 3295
f 3296 3294 3295
f 3297 3296 3295
f 3297 3295 3298
f 3299 3297 3298
f 3299 3298 3300
f 3301 3299 3300
f 3301 3300 3302
f 3303 3301 3302
f 3303 3302 3304
f 3305 3303 3304
f 3305 3304 3306
f 3307 3305 3306
f 3307 3306 3308
f 3309 3307 3308
f 3309 3310 3311
f 3309 3308 3310
f 3312 3309 3311
f 3313 3314 3315
f 3313 3311 3314
f 3313 3312 3311
f 3316 3313 3315
f 3317 3316 3315
f 3317 3318 3319
f 3317 3315 3318
f 3320 3317 3319
f 3320 3319 3321
f 3322 3320 3321
f 3323 3322 3321
f 3323 3321 3324
f 3325 3323 3324
f 3325 3324 3326
f 3327 3325 3326
f 3327 3326 3328
f 3329 3327 3328
f 3329 3328 3330
f 3331 3329 3330
f 3331 3332 3333
f 3331 3330 3332
f 3334 3331 3333
f 3335 3334 3333
f 3335 3336 3337
f 3335 3333 3336
f 3338 3335 3337
f 3339 3338 3337
f 3339 3340 3341
f 3339 3337 3340
f 3342 3339 3341
f 3343 3342 3341
f 3343 3341 3344
f 3345 3343 3344
f 3345 3346 3347
f 3345 3344 3346
f 3348 3345 3347
f 3348 3347 3349
f 3350 3348 3349
f 3351 3350 3349
f 3351 3352 3353
f 3351 3349 3352
f 3354 3351 3353
f 3355 3353 3356
f 3355 3354 3353
f 3357 3356 3358
f 3357 3355 3356
f 3359 3358 3360
f 3359 3357 3358
f 3361 3360 3362
f 3361 3359 3360
f 3363 3362 3364
f 3363 3361 3362
f 3365 3364 3366
f 3365 3363 3364
f 3367 3366 3368
f 3367 3365 3366
f 3369 3367 3368
f 3369 3368 3370
f 3371 3369 3370
f 3371 3370 3372
f 3373 3371 3372
f 3373 3372 3374
f 3375 3373 3374
f 3375 3376 3377
f 3375 3374 3376
f 3378 3375 3377
f 3379 3378 3377
f 3379 3377 3380
f 3381 3379 3380
f 3381 3382 3383
f 3381 3380 3382
f 3384 3381 3383
f 3385 3384 3383
f 3385 3383 3386
f 3387 3385 3386
f 3387 3386 3388
f 3389 3387 3388
f 3389 3388 3390
f 3391 3389 3390
f 3391 3390 3392
f 3393 3392 3394
f 3393 3391 3392
f 3395 3393 3394
f 3395 3394 3396
f 3397 3396 3398
f 3397 3395 3396
f 3399 3398 3400
f 3399 3397 3398
f 3401 3400 3402
f 3401 3399 3400
f 3403 3402 3404
f 3403 3401 3402
f 3405 3404 3406
f 3405 3403 3404
f 3407 3406 3408
f 3407 3405 3406
f 3409 3408 3410
f 3409 3407 3408
f 3411 3410 3412
f 3411 3409 3410
f 3413 3412 3414
f 3413 3411 3412
f 3415 3414 3416
f 3415 3413 3414
f 3417 3416 3418
f 3417 3415 3416
f 3419 3417 3418
f 3419 3418 3420
f 3421 3419 3420
f 3421 3420 3422
f 3423 3421 3422
f 3423 3422 3424
f 3425 3423 3424
f 3425 3424 3426
f 3427 3425 3426
f 3427 3426 3428
f 3429 3427 3428
f 3429 3428 3430
f 3431 3429 3430
f 3431 3432 3433
f 3431 3430 3432
f 3434 3431 3433
f 3435 3433 3436
f 3435 3434 3433
f 3437 3436 3438
f 3437 3435 3436
f 3439 3440 3441
f 3439 3438 3440
f 3439 3437 3438
f 3442 3439 3441
f 3443 3441 3444
f 3443 3442 3441
f 3445 3444 3446
f 3445 3443 3444
f 3447 3446 3448
f 3447 3445 3446
f 3449 3448 3450
f 3449 3447 3448
f 3451 3452 3453
f 3451 3450 3452
f 3451 3449 3450
f 3454 3451 3453
f 3455 3453 3456
f 3455 3454 3453
f 3457 3456 3458
f 3457 3455 3456
f 3459 3458 3460
f 3459 3457 3458
f 3461 3462 3463
f 3461 3460 3462
f 3461 3459 3460
f 3464 3461 3463
f 3465 3463 3466
f 3465 3464 3463
f 3467 3466 3468
f 3467 3465 3466
f 3469 3467 3468
f 3469 3470 3471
f 3469 3468 3470
f 3472 3469 3471
f 3473 3471 3474
f 3473 3472 3471
f 3475 3474 3476
f 3475 3473 3474
f 3477 3478 3479
f 3477 3476 3478
f 3477 3475 3476
f 3480 3479 3481
f 3480 3477 3479
f 3482 3480 3481
f 3483 3484 3485
f 3483 3481 3484
f 3483 3482 3481
f 3486 3483 3485
f 3487 3485 3488
f 3487 3486 3485
f 3489 3488 3490
f 3489 3487 3488
f 3491 3492 3493
f 3491 3490 3492
f 3491 3489 3490
f 3494 3491 3493
f 1291 3300 1294
f 1295 3300 3298
f 1295 1294 3300
f 1290 3300 1291
f 1297 1295 3298
f 1287 3300 1290
f 1299 1297 3298
f 1285 3300 1287
f 1285 3302 3300
f 1301 1299 3298
f 1283 3302 1285
f 1303 1301 3298
f 1303 3298 3295
f 1281 3302 1283
f 1305 1303 3295
f 1279 3302 1281
f 1307 1305 3295
f 1277 3302 1279
f 1310 1307 3295
f 1275 3302 1277
f 1275 3304 3302
f 1311 1310 3295
f 1273 3304 1275
f 1313 1311 3295
f 1313 3295 3293
f 1271 3304 1273
f 1315 1313 3293
f 1269 3304 1271
f 1317 1315 3293
f 1267 3304 1269
f 1267 3306 3304
f 1319 1317 3293
f 1265 3306 1267
f 1321 1319 3293
f 1321 3293 3292
f 1262 3306 1265
f 1323 1321 3292
f 1261 3306 1262
f 1325 1323 3292
f 1511 3306 1261
f 1327 1325 3292
f 1327 3292 3290
f 1510 3308 3306
f 1510 3306 1511
f 1329 1327 3290
f 1507 3308 1510
f 1331 1329 3290
f 1506 3308 1507
f 1333 1331 3290
f 1504 3308 1506
f 1336 1333 3290
f 1336 3290 3288
f 1502 3308 1504
f 1502 3310 3308
f 1337 1336 3288
f 1499 3310 1502
f 1339 1337 3288
f 1497 3310 1499
f 1341 1339 3288
f 1341 3288 3286
f 1495 3310 1497
f 1343 1341 3286
f 1493 3310 1495
f 1493 3311 3310
f 1346 1343 3286
f 1346 3286 3284
f 1492 3311 1493
f 1347 1346 3284
f 1489 3311 1492
f 1349 1347 3284
f 1488 3311 1489
f 1352 1349 3284
f 1352 3284 3282
f 1485 3311 1488
f 1485 3314 3311
f 1353 1352 3282
f 1484 3314 1485
f 1355 1353 3282
f 1355 3282 3279
f 1481 3314 1484
f 1479 3314 1481
f 1479 3315 3314
f 1478 3315 1479
f 1475 3315 1478
f 1039 3495 1042
f 1043 1042 3495
f 1038 3495 1039
f 1045 1043 3495
f 1035 3495 1038
f 1047 1045 3495
f 1033 3495 1035
f 1049 1047 3495
f 1031 3495 1033
f 1051 1049 3495
f 1029 3496 3495
f 1029 3495 1031
f 1473 3315 1475
f 1473 3318 3315
f 1053 1051 3495
f 1027 3497 3496
f 1027 3496 1029
f 1055 1053 3495
f 1025 3498 3499
f 1025 3499 3497
f 1025 3497 1027
f 1058 1055 3495
f 1023 3500 3501
f 1023 3501 3498
f 1023 3498 1025
f 1472 3318 1473
f 1021 3502 3503
f 1021 3503 3500
f 1021 3500 1023
f 1019 3504 3505
f 1019 3505 3502
f 1019 3502 1021
f 1470 3318 1472
f 1470 3319 3318
f 1017 3504 1019
f 1017 3506 3507
f 1017 3507 3504
f 1467 3319 1470
f 1015 3508 3509
f 1015 3509 3506
f 1015 3506 1017
f 1013 3510 3511
f 1013 3511 3508
f 1013 3508 1015
f 1465 3319 1467
f 1465 3321 3319
f 1010 3512 3513
f 1010 3513 3510
f 1010 3510 1013
f 1464 3321 1465
f 1009 3512 1010
f 1009 3514 3512
f 1461 3321 1464
f 1259 3514 1009
f 1259 3515 3516
f 1259 3516 3514
f 1258 3515 1259
f 1258 3278 3517
f 1258 3517 3515
f 1255 3278 1258
f 1254 3278 1255
f 1254 3279 3278
f 1252 1357 1355
f 1252 1355 3279
f 1252 3279 1254
f 1250 1359 1357
f 1250 1357 1252
f 1247 1359 1250
f 1245 1359 1247
f 1245 1361 1359
f 1245 1363 1361
f 1243 1363 1245
f 1243 1365 1363
f 1241 1365 1243
f 1240 1365 1241
f 1240 1368 1365
f 1240 1369 1368
f 1237 1369 1240
f 1236 1369 1237
f 1236 1371 1369
f 1236 1373 1371
f 1233 1373 1236
f 1232 1373 1233
f 1232 1375 1373
f 1232 1377 1375
f 1229 1377 1232
f 1546 3332 3330
f 1543 3332 1546
f 1547 1546 3330
f 1542 3332 1543
f 1549 1547 3330
f 1539 3332 1542
f 1539 3333 3332
f 1551 1549 3330
f 1551 3330 3328
f 1537 3333 1539
f 1553 1551 3328
f 1535 3333 1537
f 1555 1553 3328
f 1533 3333 1535
f 1557 1555 3328
f 1557 3328 3326
f 1531 3336 3333
f 1531 3333 1533
f 1559 1557 3326
f 1529 3336 1531
f 1562 1559 3326
f 1562 3326 3324
f 1527 3336 1529
f 1563 1562 3324
f 1525 3336 1527
f 1565 1563 3324
f 1565 3321 1461
f 1565 3324 3321
f 1565 1461 1459
f 3518 1089 1087
f 3518 1091 1089
f 3518 1094 1091
f 3518 1095 1094
f 3518 1097 1095
f 3518 1100 1097
f 3518 1101 1100
f 3518 1103 1101
f 3518 1105 1103
f 3518 1107 1105
f 3518 1109 1107
f 3518 1111 1109
f 3518 1113 1111
f 3518 1116 1113
f 3519 1116 3518
f 3519 1117 1116
f 1523 3337 3336
f 1523 3336 1525
f 3520 1119 1117
f 3520 1117 3519
f 3521 1119 3520
f 1567 1565 1459
f 3522 1121 1119
f 3522 1119 3521
f 3523 1121 3522
f 33 1391 1389
f 33 1393 1391
f 31 1393 33
f 31 1395 1393
f 1521 3337 1523
f 35 33 1389
f 35 1389 1387
f 3524 1121 3523
f 3524 1123 1121
f 29 1395 31
f 29 1397 1395
f 29 1399 1397
f 37 35 1387
f 37 1385 1384
f 37 1387 1385
f 3525 1123 3524
f 1569 1567 1459
f 1569 1459 1457
f 27 1399 29
f 27 1402 1399
f 3526 1123 3525
f 3526 1125 1123
f 39 37 1384
f 39 1384 1382
f 3527 1125 3526
f 1519 3337 1521
f 25 1403 1402
f 25 1406 1403
f 25 1402 27
f 3528 1125 3527
f 3528 1127 1125
f 3529 1127 3528
f 42 39 1382
f 42 1379 1377
f 42 1382 1379
f 1571 1569 1457
f 1571 1457 1455
f 3530 1127 3529
f 3530 1130 1127
f 23 1406 25
f 23 1408 1406
f 3531 1130 3530
f 1517 3337 1519
f 3532 1130 3531
f 3532 1132 1130
f 44 1377 1229
f 44 42 1377
f 3533 1132 3532
f 1573 1571 1455
f 1573 1453 1451
f 1573 1455 1453
f 21 1408 23
f 21 1409 1408
f 21 1412 1409
f 3534 1132 3533
f 3534 1133 1132
f 3535 1133 3534
f 1514 3340 3337
f 1514 3337 1517
f 45 1227 1226
f 45 1229 1227
f 45 44 1229
f 3536 1135 1133
f 3536 1133 3535
f 3537 1135 3536
f 3537 1137 1135
f 1575 1573 1451
f 19 1412 21
f 19 1413 1412
f 19 1416 1413
f 3538 1137 3537
f 3539 1137 3538
f 3539 1139 1137
f 1513 3340 1514
f 47 1226 1223
f 47 45 1226
f 3540 1139 3539
f 3493 1139 3540
f 3493 1141 1139
f 3493 1143 1141
f 1577 1575 1451
f 1577 1449 1448
f 1577 1451 1449
f 17 1416 19
f 17 1417 1416
f 1763 3340 1513
f 49 1221 1220
f 49 1223 1221
f 49 47 1223
f 1579 1577 1448
f 16 1417 17
f 16 1420 1417
f 16 1421 1420
f 1762 3340 1763
f 51 1220 1218
f 51 49 1220
f 1581 1579 1448
f 1581 1448 1446
f 13 1421 16
f 13 1424 1421
f 1759 3340 1762
f 53 51 1218
f 53 1215 1213
f 53 1218 1215
f 1583 1581 1446
f 1583 1446 1443
f 11 1425 1424
f 11 1428 1425
f 11 1424 13
f 1758 3340 1759
f 1758 3341 3340
f 1585 1583 1443
f 1585 1443 1441
f 55 1213 1212
f 55 53 1213
f 1756 3341 1758
f 10 1428 11
f 10 1429 1428
f 1588 1585 1441
f 1588 1441 1440
f 58 1209 1207
f 58 1212 1209
f 58 55 1212
f 1754 3341 1756
f 7 1429 10
f 7 1431 1429
f 7 1433 1431
f 1751 3341 1754
f 3492 1143 3493
f 3492 1145 1143
f 59 1207 1205
f 59 58 1207
f 5 1433 7
f 5 1435 1433
f 1749 3341 1751
f 61 1203 1201
f 61 1205 1203
f 61 59 1205
f 1747 3341 1749
f 3344 3341 1747
f 2 1435 5
f 2 1437 1435
f 2 1440 1437
f 63 1201 1199
f 63 61 1201
f 1745 3344 1747
f 1 1588 1440
f 1 1440 2
f 1744 3344 1745
f 65 1197 1196
f 65 1199 1197
f 65 63 1199
f 1741 3344 1744
f 252 1589 1588
f 252 1591 1589
f 252 1588 1
f 67 1194 1191
f 67 1196 1194
f 67 65 1196
f 1740 3344 1741
f 249 1593 1591
f 249 1591 252
f 69 1191 1189
f 69 67 1191
f 3346 1740 1737
f 3346 3344 1740
f 1736 3346 1737
f 248 1595 1593
f 248 1598 1595
f 248 1593 249
f 1733 3346 1736
f 71 1188 1185
f 71 1189 1188
f 71 69 1189
f 245 1599 1598
f 245 1598 248
f 1731 3346 1733
f 73 1185 1183
f 73 71 1185
f 1730 3346 1731
f 243 1599 245
f 243 1601 1599
f 243 1604 1601
f 75 1181 1179
f 75 1183 1181
f 75 73 1183
f 242 1605 1604
f 242 1604 243
f 3347 3346 1730
f 3347 1727 1725
f 3347 1730 1727
f 1724 3347 1725
f 77 1179 1177
f 77 75 1179
f 1722 3347 1724
f 239 1607 1605
f 239 1609 1607
f 239 1605 242
f 1719 3347 1722
f 79 1176 1173
f 79 1177 1176
f 79 77 1177
f 237 1611 1609
f 237 1609 239
f 81 1173 1172
f 81 79 1173
f 235 1613 1611
f 235 1615 1613
f 235 1611 237
f 3349 3347 1719
f 3349 1713 1711
f 3349 1716 1713
f 3349 1717 1716
f 3349 1719 1717
f 83 1169 1168
f 83 1172 1169
f 83 81 1172
f 234 1617 1615
f 234 1620 1617
f 234 1615 235
f 85 83 1168
f 231 1621 1620
f 231 1620 234
f 230 1623 1621
f 230 1625 1623
f 230 1621 231
f 3352 1705 1703
f 3352 1707 1705
f 3352 1709 1707
f 3352 1711 1709
f 3352 3349 1711
f 227 1625 230
f 227 1627 1625
f 225 1627 227
f 225 1629 1627
f 225 1631 1629
f 224 1634 1631
f 224 1631 225
f 3353 3352 1703
f 3353 1700 1698
f 3353 1701 1700
f 3353 1703 1701
f 221 1636 1634
f 221 1637 1636
f 221 1634 224
f 219 1639 1637
f 219 1637 221
f 790 1145 3492
f 790 3492 3490
f 787 1145 790
f 787 1147 1145
f 791 790 3490
f 786 1147 787
f 786 1150 1147
f 793 791 3490
f 793 3490 3488
f 783 1150 786
f 783 1151 1150
f 795 793 3488
f 781 1151 783
f 781 1154 1151
f 797 795 3488
f 779 1154 781
f 779 1156 1154
f 799 797 3488
f 799 3488 3485
f 777 1156 779
f 777 1157 1156
f 801 799 3485
f 775 1157 777
f 775 1160 1157
f 217 1641 1639
f 217 1643 1641
f 217 1639 219
f 803 801 3485
f 803 3485 3484
f 3356 3353 1698
f 3356 1692 1689
f 3356 1693 1692
f 3356 1695 1693
f 3356 1698 1695
f 773 1160 775
f 773 1161 1160
f 806 803 3484
f 771 1164 1161
f 771 1161 773
f 807 806 3484
f 769 1165 1164
f 769 1164 771
f 809 807 3484
f 809 3484 3481
f 767 1168 1165
f 767 1165 769
f 767 87 85
f 767 85 1168
f 811 809 3481
f 215 1645 1643
f 215 1643 217
f 765 87 767
f 813 811 3481
f 763 89 87
f 763 87 765
f 815 813 3481
f 761 91 89
f 761 89 763
f 817 815 3481
f 817 3481 3479
f 213 1645 215
f 213 1647 1645
f 213 1649 1647
f 758 91 761
f 819 817 3479
f 757 94 91
f 757 91 758
f 821 819 3479
f 1007 95 94
f 1007 94 757
f 823 821 3479
f 823 3479 3478
f 212 1649 213
f 3358 3356 1689
f 3358 1687 1685
f 3358 1689 1687
f 1006 95 1007
f 825 823 3478
f 1003 97 95
f 1003 95 1006
f 827 825 3478
f 1002 97 1003
f 1002 99 97
f 829 827 3478
f 1000 99 1002
f 832 829 3478
f 998 99 1000
f 998 101 99
f 3476 832 3478
f 833 832 3476
f 995 103 101
f 995 101 998
f 835 833 3476
f 993 103 995
f 837 835 3476
f 3360 3358 1685
f 3360 1681 1680
f 3360 1683 1681
f 3360 1685 1683
f 991 105 103
f 991 103 993
f 839 837 3476
f 989 105 991
f 842 839 3476
f 988 105 989
f 988 108 105
f 985 108 988
f 985 109 108
f 3474 842 3476
f 3474 843 842
f 845 843 3474
f 984 109 985
f 848 845 3474
f 981 112 109
f 981 109 984
f 3362 3360 1680
f 3362 1677 1676
f 3362 1680 1677
f 849 848 3474
f 980 114 112
f 980 112 981
f 977 114 980
f 975 115 114
f 975 114 977
f 974 118 115
f 974 115 975
f 3471 849 3474
f 3471 851 849
f 3471 853 851
f 3471 855 853
f 857 855 3471
f 971 118 974
f 859 857 3471
f 969 119 118
f 969 118 971
f 3364 3362 1676
f 3364 1673 1672
f 3364 1676 1673
f 968 119 969
f 968 121 119
f 966 121 968
f 963 121 966
f 963 123 121
f 3470 861 859
f 3470 859 3471
f 3470 864 861
f 3470 865 864
f 3470 867 865
f 961 125 123
f 961 123 963
f 869 867 3470
f 960 125 961
f 957 125 960
f 957 128 125
f 3468 869 3470
f 3468 871 869
f 3468 873 871
f 3468 875 873
f 3468 878 875
f 3466 880 878
f 3466 881 880
f 3466 883 881
f 3466 885 883
f 3466 887 885
f 3466 878 3468
f 286 212 209
f 286 1649 212
f 283 1649 286
f 283 1651 1649
f 287 286 209
f 282 1654 1651
f 282 1651 283
f 289 209 207
f 289 287 209
f 279 1654 282
f 279 1655 1654
f 291 207 205
f 291 289 207
f 277 1658 1655
f 277 1655 279
f 293 291 205
f 275 1660 1658
f 275 1658 277
f 295 293 205
f 295 205 203
f 273 1660 275
f 273 1661 1660
f 297 295 203
f 297 203 201
f 271 1661 273
f 271 1664 1661
f 299 297 201
f 269 1664 271
f 269 1665 1664
f 302 299 201
f 302 201 199
f 267 1665 269
f 267 1668 1665
f 303 302 199
f 303 199 197
f 265 1669 1668
f 265 1668 267
f 305 303 197
f 263 1669 265
f 263 3366 3364
f 263 1672 1669
f 263 3364 1672
f 307 305 197
f 307 197 196
f 261 3366 263
f 309 307 196
f 309 196 193
f 259 3366 261
f 259 3368 3366
f 3463 889 887
f 3463 891 889
f 3463 893 891
f 3463 895 893
f 3463 887 3466
f 311 309 193
f 257 3368 259
f 313 311 193
f 313 193 192
f 254 3368 257
f 254 3370 3368
f 315 313 192
f 253 3370 254
f 317 315 192
f 317 192 189
f 503 3370 253
f 319 317 189
f 319 189 188
f 502 3372 3370
f 502 3370 503
f 321 319 188
f 499 3372 502
f 323 321 188
f 323 188 185
f 498 3372 499
f 3462 895 3463
f 3462 898 895
f 3462 899 898
f 3462 902 899
f 3462 904 902
f 325 323 185
f 325 185 184
f 496 3372 498
f 328 325 184
f 3374 496 494
f 3374 3372 496
f 329 184 182
f 329 328 184
f 491 3374 494
f 331 329 182
f 331 182 179
f 489 3374 491
f 333 331 179
f 335 333 179
f 335 179 177
f 3460 904 3462
f 3460 905 904
f 3460 908 905
f 3460 909 908
f 3460 912 909
f 338 335 177
f 338 177 175
f 339 338 175
f 3376 485 484
f 3376 487 485
f 3376 489 487
f 3376 3374 489
f 481 3376 484
f 341 175 173
f 341 339 175
f 344 341 173
f 344 173 171
f 345 344 171
f 3458 913 912
f 3458 916 913
f 3458 917 916
f 3458 912 3460
f 347 345 171
f 347 171 170
f 3377 3376 481
f 3377 476 473
f 3377 477 476
f 3377 480 477
f 3377 481 480
f 535 142 538
f 535 144 142
f 539 538 142
f 539 142 139
f 534 146 144
f 534 144 535
f 541 539 139
f 541 139 137
f 531 146 534
f 543 541 137
f 529 146 531
f 529 148 146
f 545 137 135
f 545 543 137
f 527 148 529
f 547 135 133
f 547 545 135
f 3456 920 917
f 3456 921 920
f 3456 924 921
f 3456 917 3458
f 525 148 527
f 525 150 148
f 549 547 133
f 523 150 525
f 523 151 150
f 551 133 131
f 551 549 133
f 521 151 523
f 554 551 131
f 554 131 130
f 519 151 521
f 519 153 151
f 555 554 130
f 517 156 153
f 517 153 519
f 3380 3377 473
f 3380 467 465
f 3380 470 467
f 3380 471 470
f 3380 473 471
f 557 555 130
f 557 957 955
f 557 128 957
f 557 130 128
f 515 156 517
f 559 557 955
f 513 156 515
f 513 157 156
f 561 955 953
f 561 559 955
f 511 157 513
f 511 160 157
f 563 561 953
f 563 953 951
f 509 160 511
f 565 563 951
f 565 951 949
f 506 160 509
f 506 161 160
f 3453 925 924
f 3453 927 925
f 3453 924 3456
f 567 565 949
f 567 949 947
f 505 161 506
f 505 163 161
f 569 945 944
f 569 947 945
f 569 567 947
f 755 163 505
f 571 944 942
f 571 569 944
f 3382 3380 465
f 3382 459 457
f 3382 462 459
f 3382 464 462
f 3382 465 464
f 754 163 755
f 754 165 163
f 573 942 939
f 573 571 942
f 751 167 165
f 751 165 754
f 575 573 939
f 750 167 751
f 577 939 937
f 577 575 939
f 748 347 170
f 748 167 750
f 748 170 167
f 748 349 347
f 3452 927 3453
f 3452 929 927
f 3452 931 929
f 580 937 936
f 580 577 937
f 746 349 748
f 3383 3382 457
f 3383 449 447
f 3383 451 449
f 3383 453 451
f 3383 456 453
f 3383 457 456
f 743 349 746
f 743 351 349
f 743 353 351
f 741 355 353
f 741 353 743
f 739 355 741
f 3450 933 931
f 3450 936 933
f 3450 931 3452
f 3450 580 936
f 737 357 355
f 737 360 357
f 737 355 739
f 736 361 360
f 736 360 737
f 3386 440 438
f 3386 441 440
f 3386 443 441
f 3386 445 443
f 3386 447 445
f 3386 3383 447
f 733 363 361
f 733 361 736
f 732 365 363
f 732 363 733
f 3448 581 580
f 3448 583 581
f 3448 580 3450
f 729 367 365
f 729 365 732
f 728 367 729
f 3388 429 427
f 3388 432 429
f 3388 433 432
f 3388 435 433
f 3388 438 435
f 3388 3386 438
f 725 369 367
f 725 367 728
f 3446 585 583
f 3446 587 585
f 3446 583 3448
f 3390 421 420
f 3390 423 421
f 3390 425 423
f 3390 427 425
f 3390 3388 427
f 3444 590 587
f 3444 591 590
f 3444 593 591
f 3444 587 3446
f 3392 413 412
f 3392 416 413
f 3392 417 416
f 3392 420 417
f 3392 3390 420
f 3441 596 593
f 3441 597 596
f 3441 599 597
f 3441 593 3444
f 3394 3392 412
f 3394 405 404
f 3394 408 405
f 3394 409 408
f 3394 412 409
f 3440 601 599
f 3440 603 601
f 3440 605 603
f 3440 599 3441
f 3396 398 395
f 3396 400 398
f 3396 401 400
f 3396 404 401
f 3396 3394 404
f 3438 607 605
f 3438 609 607
f 3438 612 609
f 3438 613 612
f 3438 605 3440
f 3398 391 389
f 3398 394 391
f 3398 395 394
f 3398 3396 395
f 3436 615 613
f 3436 617 615
f 3436 619 617
f 3436 621 619
f 3436 613 3438
f 3400 385 383
f 3400 387 385
f 3400 389 387
f 3400 3398 389
f 3433 623 621
f 3433 626 623
f 3433 628 626
f 3433 629 628
f 3433 621 3436
f 3402 379 377
f 3402 381 379
f 3402 383 381
f 3402 3400 383
f 3432 629 3433
f 3432 631 629
f 3432 633 631
f 3432 635 633
f 3432 637 635
f 3432 639 637
f 3404 376 374
f 3404 377 376
f 3404 3402 377
f 3430 641 639
f 3430 643 641
f 3430 646 643
f 3430 647 646
f 3430 650 647
f 3430 639 3432
f 3406 371 369
f 3406 374 371
f 3406 3404 374
f 3428 652 650
f 3428 653 652
f 3428 656 653
f 3428 657 656
f 3428 650 3430
f 3408 369 725
f 3408 3406 369
f 3408 723 722
f 3408 725 723
f 3426 657 3428
f 3426 660 657
f 3426 661 660
f 3426 664 661
f 3426 665 664
f 3426 668 665
f 3410 3408 722
f 3410 719 717
f 3410 722 719
f 3424 668 3426
f 3424 669 668
f 3424 672 669
f 3424 673 672
f 3424 675 673
f 3424 677 675
f 3412 714 711
f 3412 716 714
f 3412 717 716
f 3412 3410 717
f 3422 677 3424
f 3422 679 677
f 3422 681 679
f 3422 684 681
f 3422 685 684
f 3414 3412 711
f 3414 709 708
f 3414 711 709
f 3420 685 3422
f 3420 687 685
f 3420 690 687
f 3420 692 690
f 3420 693 692
f 3416 3414 708
f 3416 701 699
f 3416 703 701
f 3416 705 703
f 3416 708 705
f 3418 693 3420
f 3418 3416 699
f 3418 695 693
f 3418 697 695
f 3418 699 697
f 3541 3542 3543
f 3544 3542 3541
f 3545 3542 3544
f 3546 3542 3545
f 3547 3542 3546
f 3548 3542 3547
f 3549 3542 3548
f 3550 3542 3549
f 3551 3542 3550
f 3552 3542 3551
f 3553 3542 3552
f 3554 3542 3553
f 3555 3542 3554
f 3556 3542 3555
f 3557 3542 3556
f 3557 3558 3542
f 3558 3559 3542
f 3559 3560 3542
f 3560 3561 3542
f 3561 3562 3542
f 3563 3562 3561
f 3562 3564 3542
f 3564 3565 3542
f 3565 3566 3542
f 3566 3567 3568
f 3565 3567 3566
f 3567 3569 3568
f 3299 2114 2112
f 2112 2110 3299
f 3299 2115 2114
f 2110 2108 3299
f 3299 2108 3297
f 3299 2117 2115
f 2108 2105 3297
f 3299 2120 2117
f 3301 2120 3299
f 2105 2103 3297
f 3301 2122 2120
f 2103 2102 3297
f 3301 2123 2122
f 2102 2100 3297
f 3301 2125 2123
f 3297 2097 3296
f 2100 2097 3297
f 3301 2127 2125
f 2097 2095 3296
f 3303 2129 3301
f 3301 2129 2127
f 2095 2093 3296
f 3303 2132 2129
f 2093 2092 3296
f 3303 2133 2132
f 2092 2089 3296
f 3303 2136 2133
f 3296 2087 3294
f 2089 2087 3296
f 3303 2137 2136
f 2087 2085 3294
f 3303 2139 2137
f 2085 2083 3294
f 3305 2141 3303
f 3303 2141 2139
f 2083 2081 3294
f 3305 2144 2141
f 2081 2079 3294
f 3305 2145 2144
f 2079 2077 3294
f 3294 2077 3291
f 3305 2148 2145
f 2077 2075 3291
f 3305 2149 2148
f 2075 2073 3291
f 3307 2151 3305
f 3305 2151 2149
f 2073 2071 3291
f 3307 2153 2151
f 2071 2069 3291
f 3291 2069 3289
f 3307 2155 2153
f 2069 2067 3289
f 3307 2158 2155
f 2067 2065 3289
f 3307 2159 2158
f 3289 2064 3287
f 2065 2064 3289
f 3307 2161 2159
f 3309 2161 3307
f 2064 2062 3287
f 3309 2164 2161
f 2062 2059 3287
f 3309 2165 2164
f 3287 2057 3285
f 2059 2057 3287
f 3309 2167 2165
f 2057 2055 3285
f 3312 2169 3309
f 3309 2169 2167
f 2055 2053 3285
f 3312 2171 2169
f 3285 2051 3283
f 2053 2051 3285
f 3312 2174 2171
f 2051 2050 3283
f 3312 2175 2174
f 3283 2047 3281
f 2050 2047 3283
f 3313 2178 3312
f 3312 2178 2175
f 2047 2045 3281
f 3313 2179 2178
f 2045 2043 3281
f 3281 2043 3277
f 3313 2182 2179
f 2043 2041 3277
f 3316 2184 3313
f 3313 2184 2182
f 3316 2185 2184
f 3316 2187 2185
f 3317 2189 3316
f 3316 2189 2187
f 3317 2191 2189
f 3317 2194 2191
f 3317 2195 2194
f 3320 2195 3317
f 3320 2197 2195
f 3322 2200 3320
f 3320 2200 2197
f 3322 2201 2200
f 3322 2203 2201
f 3570 2366 3571
f 3571 2366 2364
f 2364 2362 3571
f 3570 2367 2366
f 2362 2360 3571
f 3570 2369 2367
f 3571 2357 3572
f 2360 2357 3571
f 3570 2372 2369
f 2357 2355 3572
f 3570 2374 2372
f 3568 2374 3570
f 2355 2354 3572
f 3568 2375 2374
f 3569 2375 3568
f 3573 2375 3569
f 2354 2352 3572
f 3573 2377 2375
f 3574 2377 3575
f 3575 2377 3573
f 3572 2349 3576
f 2352 2349 3572
f 3574 2379 2377
f 3577 2379 3574
f 2349 2347 3576
f 3577 2381 2379
f 3578 2381 3577
f 2347 2345 3576
f 3578 2384 2381
f 3579 2384 3580
f 3580 2384 3578
f 2345 2344 3576
f 3579 2385 2384
f 3581 2385 3579
f 3576 2341 3582
f 2344 2341 3576
f 3581 2388 2385
f 3583 2388 3581
f 2341 2339 3582
f 3583 2389 2388
f 3584 2389 3585
f 3585 2389 3583
f 2339 2337 3582
f 3584 2391 2389
f 3586 2391 3584
f 2337 2335 3582
f 3587 2393 3586
f 3586 2393 2391
f 2335 2333 3582
f 3588 2396 3589
f 3589 2396 3587
f 3587 2396 2393
f 3582 2331 3590
f 2333 2331 3582
f 3588 2397 2396
f 3591 2397 3588
f 2331 2329 3590
f 3592 2400 3591
f 3591 2400 2397
f 2329 2327 3590
f 3592 2401 2400
f 3593 2401 3594
f 3594 2401 3592
f 2327 2325 3590
f 3595 2403 3593
f 3593 2403 2401
f 3590 2323 3596
f 2325 2323 3590
f 3595 2405 2403
f 3597 2405 3595
f 2323 2321 3596
f 3597 2407 2405
f 3280 2407 3597
f 2321 2319 3596
f 3280 2410 2407
f 3277 2410 3280
f 2319 2317 3596
f 3277 2411 2410
f 3596 2316 3598
f 2317 2316 3596
f 3277 2413 2411
f 2039 2413 2041
f 2041 2413 3277
f 2316 2314 3598
f 2039 2416 2413
f 2038 2416 2039
f 2314 2311 3598
f 2038 2417 2416
f 2311 2309 3598
f 2038 2419 2417
f 2036 2419 2038
f 3598 2307 3599
f 2309 2307 3598
f 2307 2305 3599
f 2305 2303 3599
f 2303 2302 3599
f 3599 2299 3600
f 2302 2299 3599
f 2299 2297 3600
f 2297 2295 3600
f 2295 2293 3600
f 3600 2291 3601
f 2293 2291 3600
f 2291 2290 3601
f 3602 3603 3604
f 3602 3605 3603
f 3602 3606 3605
f 3602 3607 3606
f 3602 3608 3607
f 3602 3609 3608
f 3602 3610 3609
f 3609 3610 3611
f 3602 3612 3610
f 3602 3613 3612
f 3602 3614 3613
f 3602 3615 3614
f 3615 3616 3617
f 3602 3616 3615
f 3616 3618 3619
f 3602 3618 3616
f 3602 3620 3618
f 3602 3621 3620
f 3621 3622 3623
f 3602 3622 3621
f 3602 3624 3622
f 3624 3625 3626
f 3627 3625 3602
f 3602 3625 3624
f 3601 3628 3627
f 3627 3628 3625
f 3601 3629 3628
f 2290 3629 3601
f 2288 3630 2290
f 2290 3630 3629
f 2288 3631 3630
f 2285 3632 2288
f 2288 3632 3631
f 2284 3633 2285
f 2285 3633 3632
f 2267 34 2017
f 2017 34 2018
f 2265 32 2267
f 2264 32 2265
f 2267 32 34
f 2021 36 2023
f 2018 36 2021
f 34 36 2018
f 2282 3634 2284
f 2284 3634 3633
f 2262 30 2264
f 2259 30 2262
f 2264 30 32
f 2025 38 2027
f 2023 38 2025
f 36 38 2023
f 2282 3635 3634
f 2257 28 2259
f 2255 28 2257
f 2259 28 30
f 2282 3636 3635
f 2279 3636 2282
f 2027 40 2030
f 38 40 2027
f 2277 3637 2279
f 2279 3637 3636
f 2253 26 2255
f 2251 26 2253
f 2255 26 28
f 2275 3638 2277
f 2277 3638 3637
f 2275 3639 3638
f 40 41 2030
f 2032 41 2033
f 2030 41 2032
f 2273 3640 2275
f 2275 3640 3639
f 2250 24 2251
f 2251 24 26
f 2270 3641 2273
f 2273 3641 3640
f 2269 3642 2270
f 2270 3642 3641
f 2036 43 2419
f 41 43 2033
f 2033 43 2036
f 2419 43 2421
f 2269 3643 3642
f 2247 22 2250
f 2250 22 24
f 2245 22 2247
f 2269 3644 3643
f 2519 3644 2269
f 2519 3645 3644
f 2517 3645 2519
f 2423 46 2426
f 2421 46 2423
f 43 46 2421
f 2516 3646 2517
f 2517 3646 3645
f 2516 3647 3646
f 2243 20 2245
f 2241 20 2243
f 2245 20 22
f 2516 3648 3647
f 2514 3648 2516
f 2514 3649 3648
f 2511 3649 2514
f 46 48 2426
f 2426 48 2427
f 2511 3650 3649
f 2509 3650 2511
f 2509 3494 3650
f 2507 3494 2509
f 2239 18 2241
f 2237 18 2239
f 2241 18 20
f 48 50 2427
f 2430 50 2431
f 2427 50 2430
f 2235 15 2237
f 2234 15 2235
f 2237 15 18
f 50 52 2431
f 2434 52 2436
f 2431 52 2434
f 2232 14 2234
f 2229 14 2232
f 2234 14 15
f 2437 54 2439
f 2436 54 2437
f 52 54 2436
f 2229 12 14
f 2227 12 2229
f 2225 12 2227
f 3334 1860 3331
f 3334 1862 1860
f 1860 1858 3331
f 3334 1863 1862
f 1858 1856 3331
f 2441 56 2443
f 2439 56 2441
f 54 56 2439
f 3334 1865 1863
f 1856 1853 3331
f 3335 1868 3334
f 3334 1868 1865
f 3331 1851 3329
f 1853 1851 3331
f 3335 1870 1868
f 1851 1850 3329
f 3335 1871 1870
f 1850 1848 3329
f 3335 1873 1871
f 2225 9 12
f 2223 9 2225
f 2221 9 2223
f 3329 1845 3327
f 1848 1845 3329
f 3338 1875 3335
f 3335 1875 1873
f 1845 1843 3327
f 3338 1877 1875
f 3327 1841 3325
f 1843 1841 3327
f 56 57 2443
f 2446 57 2447
f 2443 57 2446
f 3338 1880 1877
f 1841 1840 3325
f 3338 1881 1880
f 3325 1837 3323
f 1840 1837 3325
f 2221 8 9
f 2219 8 2221
f 2217 8 2219
f 3338 1884 1881
f 1837 1835 3323
f 3339 1885 3338
f 3338 1885 1884
f 3323 1833 3322
f 1835 1833 3323
f 2503 3491 2505
f 2507 3491 3494
f 2505 3491 2507
f 2449 60 2452
f 2447 60 2449
f 57 60 2447
f 3339 1887 1885
f 3322 1831 2203
f 1833 1831 3322
f 3339 1889 1887
f 2203 1829 2205
f 1831 1829 2203
f 2217 6 8
f 2215 6 2217
f 3339 1892 1889
f 2207 1827 2210
f 2205 1827 2207
f 1829 1827 2205
f 3339 1893 1892
f 2453 62 2455
f 2452 62 2453
f 60 62 2452
f 1827 1825 2210
f 3339 1896 1893
f 2215 4 6
f 2213 4 2215
f 2211 4 2213
f 3339 1897 1896
f 3342 1897 3339
f 3342 1899 1897
f 2455 64 2457
f 62 64 2455
f 3342 1901 1899
f 2211 3 4
f 1823 3 1825
f 2210 3 2211
f 1825 3 2210
f 3342 1903 1901
f 3342 1906 1903
f 64 66 2457
f 2459 66 2462
f 2457 66 2459
f 3343 1907 3342
f 3342 1907 1906
f 1823 251 3
f 1821 251 1823
f 1819 251 1821
f 3343 1909 1907
f 3343 1912 1909
f 2463 68 2465
f 2462 68 2463
f 66 68 2462
f 3343 1913 1912
f 1819 250 251
f 1817 250 1819
f 3343 1915 1913
f 3343 1917 1915
f 2467 70 2469
f 2465 70 2467
f 68 70 2465
f 3343 1919 1917
f 3343 3345 1919
f 1817 247 250
f 1815 247 1817
f 1813 247 1815
f 3345 1922 1919
f 3345 1923 1922
f 2471 72 2473
f 2469 72 2471
f 70 72 2469
f 3345 1926 1923
f 1812 246 1813
f 1810 246 1812
f 1813 246 247
f 3345 1927 1926
f 3345 1930 1927
f 72 74 2473
f 2475 74 2477
f 2473 74 2475
f 1807 244 1810
f 1805 244 1807
f 1810 244 246
f 2479 76 2481
f 2477 76 2479
f 74 76 2477
f 1803 241 1805
f 1801 241 1803
f 1805 241 244
f 1939 3348 1942
f 1937 3348 1939
f 1935 3348 1937
f 1933 3348 1935
f 1932 3348 1933
f 1930 3348 1932
f 3345 3348 1930
f 2484 78 2486
f 2481 78 2484
f 76 78 2481
f 1799 240 1801
f 1798 240 1799
f 1801 240 241
f 2487 80 2489
f 2486 80 2487
f 78 80 2486
f 1798 238 240
f 1795 238 1798
f 1793 238 1795
f 2489 82 2491
f 80 82 2489
f 1791 236 1793
f 1789 236 1791
f 1793 236 238
f 3348 3350 1942
f 1949 3350 1951
f 1948 3350 1949
f 1945 3350 1948
f 1943 3350 1945
f 1942 3350 1943
f 2493 84 2495
f 2491 84 2493
f 82 84 2491
f 1787 233 1789
f 1786 233 1787
f 1789 233 236
f 2495 86 2497
f 84 86 2495
f 1786 232 233
f 1784 232 1786
f 1781 229 1784
f 1780 229 1781
f 1784 229 232
f 3350 3351 1951
f 1958 3351 1959
f 1955 3351 1958
f 1953 3351 1955
f 1951 3351 1953
f 1780 228 229
f 1778 228 1780
f 1775 228 1778
f 1775 226 228
f 1773 226 1775
f 1771 226 1773
f 1771 223 226
f 1769 223 1771
f 1766 223 1769
f 3351 3354 1959
f 1965 3354 1967
f 1963 3354 1965
f 1961 3354 1963
f 1959 3354 1961
f 2015 222 1765
f 1765 222 1766
f 1766 222 223
f 2015 220 222
f 2013 220 2015
f 2012 220 2013
f 2010 218 2012
f 2007 218 2010
f 2012 218 220
f 3354 3355 1967
f 1971 3355 1973
f 1969 3355 1971
f 1967 3355 1969
f 2005 216 2007
f 2007 216 218
f 2005 214 216
f 2003 214 2005
f 2001 214 2003
f 1999 211 2001
f 2001 211 214
f 1977 3357 1980
f 1975 3357 1977
f 1973 3357 1975
f 3355 3357 1973
f 3489 2618 3487
f 3487 2618 2616
f 3487 2614 3486
f 2616 2614 3487
f 3489 2619 2618
f 2614 2612 3486
f 3489 2621 2619
f 3491 2621 3489
f 2612 2609 3486
f 2503 2624 3491
f 3491 2624 2621
f 2609 2607 3486
f 3486 2607 3483
f 2502 2626 2503
f 2503 2626 2624
f 2607 2606 3483
f 2499 2627 2502
f 2502 2627 2626
f 2606 2604 3483
f 2497 2629 2499
f 2499 2629 2627
f 86 2629 2497
f 2604 2601 3483
f 3483 2601 3482
f 88 2631 86
f 86 2631 2629
f 2601 2599 3482
f 88 2633 2631
f 2599 2597 3482
f 90 2636 88
f 88 2636 2633
f 2597 2596 3482
f 3482 2596 3480
f 92 2637 90
f 90 2637 2636
f 2596 2593 3480
f 92 2640 2637
f 2593 2591 3480
f 93 2641 92
f 92 2641 2640
f 2591 2589 3480
f 93 2643 2641
f 3480 2587 3477
f 2589 2587 3480
f 93 2645 2643
f 96 2645 93
f 2587 2585 3477
f 96 2648 2645
f 2585 2583 3477
f 98 2649 96
f 96 2649 2648
f 1983 3359 1985
f 1982 3359 1983
f 1980 3359 1982
f 3357 3359 1980
f 2583 2581 3477
f 98 2652 2649
f 2581 2579 3477
f 100 2653 98
f 98 2653 2652
f 3477 2577 3475
f 2579 2577 3477
f 100 2655 2653
f 2577 2575 3475
f 100 2657 2655
f 102 2657 100
f 2575 2573 3475
f 102 2659 2657
f 2573 2571 3475
f 102 2662 2659
f 104 2662 102
f 2571 2569 3475
f 104 2663 2662
f 2569 2568 3475
f 106 2665 104
f 104 2665 2663
f 2568 3473 3475
f 2568 2566 3473
f 107 2668 106
f 106 2668 2665
f 2566 2563 3473
f 107 2669 2668
f 2563 2561 3473
f 110 2671 107
f 107 2671 2669
f 2561 2559 3473
f 110 2673 2671
f 1987 3361 1989
f 1985 3361 1987
f 3359 3361 1985
f 2559 2557 3473
f 111 2675 110
f 110 2675 2673
f 111 2678 2675
f 111 2679 2678
f 113 2679 111
f 113 2682 2679
f 116 2683 113
f 113 2683 2682
f 116 2686 2683
f 117 2688 116
f 116 2688 2686
f 2557 3472 3473
f 2555 3472 2557
f 2554 3472 2555
f 2551 3472 2554
f 2549 3472 2551
f 2547 3472 2549
f 2545 3472 2547
f 117 2689 2688
f 120 2691 117
f 117 2691 2689
f 120 2693 2691
f 120 2695 2693
f 122 2695 120
f 3361 3363 1989
f 1991 3363 1993
f 1989 3363 1991
f 122 2698 2695
f 124 2699 122
f 122 2699 2698
f 124 2701 2699
f 126 2701 124
f 126 2704 2701
f 126 2705 2704
f 127 2705 126
f 127 2707 2705
f 2543 3469 2545
f 2542 3469 2543
f 2540 3469 2542
f 2537 3469 2540
f 2536 3469 2537
f 2545 3469 3472
f 2536 3467 3469
f 2534 3467 2536
f 2531 3467 2534
f 2529 3467 2531
f 2527 3467 2529
f 2525 3467 2527
f 2522 3467 2525
f 2522 3465 3467
f 2771 3465 2521
f 2769 3465 2771
f 2768 3465 2769
f 2766 3465 2768
f 2521 3465 2522
f 2766 3464 3465
f 2763 3464 2766
f 2761 3464 2763
f 2759 3464 2761
f 2757 3464 2759
f 2755 3464 2757
f 2754 3461 2755
f 2751 3461 2754
f 2749 3461 2751
f 2747 3461 2749
f 2755 3461 3464
f 208 3120 206
f 210 3122 208
f 208 3122 3120
f 3120 3118 206
f 210 3123 3122
f 206 3116 204
f 3118 3116 206
f 210 3125 3123
f 211 3125 210
f 3116 3113 204
f 211 3128 3125
f 1999 3128 211
f 3113 3111 204
f 204 3111 202
f 1999 3130 3128
f 1998 3130 1999
f 3111 3110 202
f 1995 3131 1998
f 1998 3131 3130
f 3110 3108 202
f 202 3108 200
f 1995 3133 3131
f 3365 3133 3363
f 1993 3133 1995
f 3363 3133 1993
f 3108 3105 200
f 3365 3135 3133
f 3105 3103 200
f 200 3103 198
f 3367 3137 3365
f 3365 3137 3135
f 3103 3101 198
f 3367 3140 3137
f 198 3100 195
f 3101 3100 198
f 3367 3141 3140
f 3100 3097 195
f 3369 3144 3367
f 3367 3144 3141
f 195 3095 194
f 3097 3095 195
f 3369 3145 3144
f 3095 3093 194
f 3371 3147 3369
f 3369 3147 3145
f 3093 3091 194
f 194 3091 191
f 3371 3149 3147
f 3091 3089 191
f 3371 3152 3149
f 3089 3087 191
f 191 3087 190
f 3373 3153 3371
f 3371 3153 3152
f 3087 3085 190
f 190 3085 187
f 3373 3156 3153
f 3085 3083 187
f 3373 3157 3156
f 187 3081 186
f 3083 3081 187
f 3373 3159 3157
f 2747 3459 3461
f 2745 3459 2747
f 2743 3459 2745
f 2741 3459 2743
f 2739 3459 2741
f 3081 3079 186
f 3373 3161 3159
f 3079 3077 186
f 186 3077 183
f 3077 3075 183
f 183 3073 181
f 3075 3073 183
f 3166 3375 3167
f 3163 3375 3166
f 3161 3375 3163
f 3373 3375 3161
f 3073 3072 181
f 181 3070 180
f 3072 3070 181
f 3070 3067 180
f 180 3065 178
f 3067 3065 180
f 3065 3063 178
f 178 3061 176
f 3063 3061 178
f 2739 3457 3459
f 2738 3457 2739
f 2736 3457 2738
f 2733 3457 2736
f 3061 3059 176
f 3059 3058 176
f 176 3058 174
f 3058 3055 174
f 174 3055 172
f 3055 3053 172
f 3175 3378 3177
f 3173 3378 3175
f 3172 3378 3173
f 3169 3378 3172
f 3167 3378 3169
f 3375 3378 3167
f 172 3051 169
f 3053 3051 172
f 3051 3049 169
f 2733 3455 3457
f 2731 3455 2733
f 2729 3455 2731
f 2727 3455 2729
f 3378 3379 3177
f 3186 3379 3187
f 3183 3379 3186
f 3182 3379 3183
f 3179 3379 3182
f 3177 3379 3179
f 2727 3454 3455
f 2725 3454 2727
f 2723 3454 2725
f 2721 3454 2723
f 3379 3381 3187
f 3195 3381 3197
f 3193 3381 3195
f 3192 3381 3193
f 3190 3381 3192
f 3187 3381 3190
f 143 2868 141
f 143 2870 2868
f 2868 2866 141
f 145 2871 143
f 143 2871 2870
f 141 2864 140
f 2866 2864 141
f 145 2873 2871
f 2864 2861 140
f 145 2876 2873
f 147 2876 145
f 140 2859 138
f 2861 2859 140
f 147 2878 2876
f 2859 2858 138
f 149 2879 147
f 147 2879 2878
f 2721 3451 3454
f 2719 3451 2721
f 2717 3451 2719
f 138 2856 136
f 2858 2856 138
f 152 2881 149
f 149 2881 2879
f 2856 2853 136
f 152 2883 2881
f 136 2851 134
f 2853 2851 136
f 154 2885 152
f 152 2885 2883
f 2851 2849 134
f 154 2888 2885
f 134 2848 132
f 2849 2848 134
f 155 2889 154
f 154 2889 2888
f 132 2845 129
f 2848 2845 132
f 155 2892 2889
f 2845 2843 129
f 3381 3384 3197
f 3208 3384 3209
f 3205 3384 3208
f 3203 3384 3205
f 3202 3384 3203
f 3199 3384 3202
f 3197 3384 3199
f 155 2893 2892
f 158 2893 155
f 129 2841 127
f 2843 2841 129
f 158 2895 2893
f 127 2839 2707
f 2841 2839 127
f 158 2897 2895
f 159 2897 158
f 2839 2837 2707
f 2709 2837 2711
f 2707 2837 2709
f 159 2900 2897
f 2837 2835 2711
f 159 2901 2900
f 162 2901 159
f 2835 2833 2711
f 2711 2833 2714
f 162 2904 2901
f 162 2905 2904
f 164 2905 162
f 2833 3449 2714
f 2831 3449 2833
f 2717 3449 3451
f 2715 3449 2717
f 2714 3449 2715
f 164 2907 2905
f 164 2909 2907
f 166 2909 164
f 166 2911 2909
f 168 2911 166
f 168 2914 2911
f 3384 3385 3209
f 3218 3385 3219
f 3215 3385 3218
f 3213 3385 3215
f 3211 3385 3213
f 3209 3385 3211
f 169 2915 168
f 168 2915 2914
f 3047 2917 3049
f 169 2917 2915
f 3049 2917 169
f 3046 2920 3047
f 3047 2920 2917
f 3046 2921 2920
f 3046 2923 2921
f 3044 2923 3046
f 2831 3447 3449
f 2829 3447 2831
f 2827 3447 2829
f 3229 3387 3231
f 3227 3387 3229
f 3225 3387 3227
f 3223 3387 3225
f 3221 3387 3223
f 3219 3387 3221
f 3385 3387 3219
f 2827 3445 3447
f 2825 3445 2827
f 2823 3445 2825
f 3387 3389 3231
f 3240 3389 3242
f 3237 3389 3240
f 3235 3389 3237
f 3233 3389 3235
f 3231 3389 3233
f 2823 3443 3445
f 2821 3443 2823
f 2820 3443 2821
f 3389 3391 3242
f 3249 3391 3251
f 3247 3391 3249
f 3245 3391 3247
f 3243 3391 3245
f 3242 3391 3243
f 2820 3442 3443
f 2818 3442 2820
f 2815 3442 2818
f 2813 3442 2815
f 3259 3393 3261
f 3391 3393 3251
f 3258 3393 3259
f 3255 3393 3258
f 3253 3393 3255
f 3251 3393 3253
f 2813 3439 3442
f 2811 3439 2813
f 2809 3439 2811
f 2807 3439 2809
f 2806 3439 2807
f 3265 3395 3267
f 3263 3395 3265
f 3261 3395 3263
f 3393 3395 3261
f 2803 3437 2806
f 2801 3437 2803
f 2799 3437 2801
f 2797 3437 2799
f 2806 3437 3439
f 3273 3397 3275
f 3272 3397 3273
f 3270 3397 3272
f 3267 3397 3270
f 3395 3397 3267
f 2797 3435 3437
f 2795 3435 2797
f 2794 3435 2795
f 2792 3435 2794
f 2789 3435 2792
f 3275 3399 3025
f 3026 3399 3029
f 3025 3399 3026
f 3397 3399 3275
f 2789 3434 3435
f 2788 3434 2789
f 2786 3434 2788
f 2783 3434 2786
f 2781 3434 2783
f 2779 3434 2781
f 3031 3401 3033
f 3029 3401 3031
f 3399 3401 3029
f 2779 3431 3434
f 3023 3431 2773
f 3021 3431 3023
f 3020 3431 3021
f 2777 3431 2779
f 2774 3431 2777
f 2773 3431 2774
f 3401 3403 3033
f 3038 3403 3040
f 3035 3403 3038
f 3033 3403 3035
f 3018 3429 3020
f 3015 3429 3018
f 3013 3429 3015
f 3011 3429 3013
f 3009 3429 3011
f 3020 3429 3431
f 3041 3405 3044
f 3040 3405 3041
f 3403 3405 3040
f 3007 3427 3009
f 3006 3427 3007
f 3003 3427 3006
f 3001 3427 3003
f 2999 3427 3001
f 2997 3427 2999
f 3009 3427 3429
f 3405 3407 3044
f 3044 3407 2923
f 2925 3407 2927
f 2923 3407 2925
f 2995 3425 2997
f 2993 3425 2995
f 2991 3425 2993
f 2990 3425 2991
f 2988 3425 2990
f 2997 3425 3427
f 3407 3409 2927
f 2930 3409 2931
f 2927 3409 2930
f 2985 3423 2988
f 2983 3423 2985
f 2981 3423 2983
f 2979 3423 2981
f 2977 3423 2979
f 2975 3423 2977
f 2988 3423 3425
f 3409 3411 2931
f 2935 3411 2938
f 2934 3411 2935
f 2931 3411 2934
f 2975 3421 3423
f 2973 3421 2975
f 2971 3421 2973
f 2969 3421 2971
f 2967 3421 2969
f 2966 3421 2967
f 3411 3413 2938
f 2941 3413 2943
f 2940 3413 2941
f 2938 3413 2940
f 2963 3419 2966
f 2961 3419 2963
f 2959 3419 2961
f 2957 3419 2959
f 2966 3419 3421
f 3413 3415 2943
f 2947 3415 2950
f 2945 3415 2947
f 2943 3415 2945
f 3415 3417 2950
f 2956 3417 2957
f 2953 3417 2956
f 2951 3417 2953
f 2950 3417 2951
f 2957 3417 3419
f 3651 3567 3565
f 3495 3567 3651
f 3652 3625 3628
f 3518 3652 3628
f 3518 3629 3519
f 3628 3629 3518
f 3519 3630 3520
f 3629 3630 3519
f 3520 3631 3521
f 3630 3631 3520
f 3521 3632 3522
f 3631 3632 3521
f 3522 3633 3523
f 3632 3633 3522
f 3523 3634 3524
f 3633 3634 3523
f 3524 3635 3525
f 3634 3635 3524
f 3525 3636 3526
f 3635 3636 3525
f 3526 3637 3527
f 3636 3637 3526
f 3527 3638 3528
f 3637 3638 3527
f 3528 3639 3529
f 3529 3639 3530
f 3638 3639 3528
f 3639 3640 3530
f 3640 3641 3530
f 3530 3641 3531
f 3641 3642 3531
f 3531 3642 3532
f 3642 3643 3532
f 3532 3643 3533
f 3643 3644 3533
f 3533 3644 3534
f 3534 3645 3535
f 3644 3645 3534
f 3535 3646 3536
f 3536 3646 3537
f 3645 3646 3535
f 3646 3647 3537
f 3537 3648 3538
f 3647 3648 3537
f 3538 3649 3539
f 3648 3649 3538
f 3539 3650 3540
f 3540 3650 3493
f 3649 3650 3539
f 3650 3494 3493
f 3278 3280 3517
f 3517 3597 3515
f 3280 3597 3517
f 3515 3595 3516
f 3597 3595 3515
f 3516 3593 3514
f 3595 3593 3516
f 3514 3594 3512
f 3593 3594 3514
f 3512 3592 3513
f 3594 3592 3512
f 3513 3591 3510
f 3592 3591 3513
f 3510 3588 3511
f 3591 3588 3510
f 3511 3589 3508
f 3588 3589 3511
f 3508 3587 3509
f 3589 3587 3508
f 3509 3586 3506
f 3587 3586 3509
f 3506 3584 3507
f 3586 3584 3506
f 3584 3585 3507
f 3507 3585 3504
f 3585 3583 3504
f 3504 3583 3505
f 3583 3581 3505
f 3505 3581 3502
f 3581 3579 3502
f 3579 3580 3502
f 3502 3580 3503
f 3503 3580 3500
f 3500 3578 3501
f 3580 3578 3500
f 3501 3577 3498
f 3578 3577 3501
f 3498 3574 3499
f 3577 3574 3498
f 3499 3575 3497
f 3574 3575 3499
f 3575 3573 3497
f 3497 3569 3496
f 3496 3569 3495
f 3573 3569 3497
f 3569 3567 3495
f 1861 1545 1859
f 1861 1544 1545
f 1857 1859 1545
f 1857 1545 1548
f 1864 1540 1541
f 1864 1541 1544
f 1864 1544 1861
f 1855 1548 1550
f 1855 1857 1548
f 1866 1540 1864
f 1854 1550 1552
f 1854 1855 1550
f 1867 1538 1540
f 1867 1540 1866
f 1852 1552 1554
f 1852 1854 1552
f 1869 1534 1536
f 1869 1536 1538
f 1869 1538 1867
f 1849 1554 1556
f 1849 1852 1554
f 1872 1534 1869
f 1847 1556 1558
f 1847 1849 1556
f 1874 1532 1534
f 1874 1534 1872
f 1846 1558 1560
f 1846 1847 1558
f 1876 1530 1532
f 1876 1532 1874
f 1844 1846 1560
f 1844 1560 1561
f 1878 1528 1530
f 1878 1530 1876
f 1842 1561 1564
f 1842 1844 1561
f 1879 1526 1528
f 1879 1528 1878
f 1839 1564 1566
f 1839 1842 1564
f 1882 1524 1526
f 1882 1526 1879
f 1838 1566 1568
f 1838 1839 1566
f 1883 1522 1524
f 1883 1524 1882
f 1836 1568 1570
f 1836 1838 1568
f 1886 1520 1522
f 1886 1522 1883
f 1834 1570 1572
f 1834 1836 1570
f 1888 1518 1520
f 1888 1520 1886
f 1832 1572 1574
f 1832 1574 1576
f 1832 1834 1572
f 1890 1516 1518
f 1890 1518 1888
f 1830 1576 1578
f 1830 1832 1576
f 1891 1515 1516
f 1891 1764 1515
f 1891 1516 1890
f 1828 1578 1580
f 1828 1830 1578
f 1894 1764 1891
f 1894 1761 1764
f 1826 1580 1582
f 1826 1828 1580
f 1895 1761 1894
f 1895 1760 1761
f 1824 1826 1582
f 1898 1760 1895
f 1898 1757 1760
f 1822 1824 1582
f 1822 1582 1584
f 1900 1755 1757
f 1900 1757 1898
f 1820 1822 1584
f 1820 1584 1586
f 1820 1586 1587
f 1902 1753 1755
f 1902 1755 1900
f 1818 1820 1587
f 1904 1752 1753
f 1904 1753 1902
f 1816 1587 1590
f 1816 1590 1592
f 1816 1818 1587
f 1905 1750 1752
f 1905 1752 1904
f 1814 1816 1592
f 1908 1748 1750
f 1908 1750 1905
f 1811 1814 1592
f 1811 1592 1594
f 1910 1748 1908
f 1809 1594 1596
f 1809 1596 1597
f 1809 1811 1594
f 1911 1746 1748
f 1911 1748 1910
f 1808 1809 1597
f 1914 1742 1743
f 1914 1743 1746
f 1914 1746 1911
f 1806 1597 1600
f 1806 1600 1602
f 1806 1808 1597
f 1916 1742 1914
f 1804 1806 1602
f 1918 1738 1739
f 1918 1739 1742
f 1918 1742 1916
f 1802 1602 1603
f 1802 1603 1606
f 1802 1804 1602
f 1920 1738 1918
f 1800 1802 1606
f 1921 1735 1738
f 1921 1738 1920
f 1608 1800 1606
f 1797 1800 1608
f 1734 1921 1924
f 1734 1735 1921
f 1610 1796 1797
f 1610 1797 1608
f 1732 1734 1924
f 1732 1924 1925
f 1612 1796 1610
f 1612 1794 1796
f 1729 1732 1925
f 1729 1925 1928
f 1614 1792 1794
f 1614 1794 1612
f 1728 1729 1928
f 1728 1928 1929
f 1616 1792 1614
f 1616 1790 1792
f 1726 1728 1929
f 1726 1931 1934
f 1726 1929 1931
f 1618 1790 1616
f 1618 1788 1790
f 1723 1726 1934
f 1619 1785 1788
f 1619 1788 1618
f 1721 1723 1934
f 1721 1934 1936
f 1622 1783 1785
f 1622 1785 1619
f 1720 1936 1938
f 1720 1721 1936
f 1624 1782 1783
f 1624 1783 1622
f 1718 1938 1940
f 1718 1720 1938
f 1626 1779 1782
f 1626 1782 1624
f 1715 1940 1941
f 1715 1718 1940
f 1628 1777 1779
f 1628 1779 1626
f 1714 1715 1941
f 1714 1941 1944
f 1630 1777 1628
f 1630 1776 1777
f 1712 1714 1944
f 1712 1944 1946
f 1632 1774 1776
f 1632 1776 1630
f 1710 1946 1947
f 1710 1712 1946
f 1633 1772 1774
f 1633 1774 1632
f 1708 1947 1950
f 1708 1710 1947
f 1635 1772 1633
f 1635 1770 1772
f 1706 1950 1952
f 1706 1708 1950
f 1638 1770 1635
f 1638 1768 1770
f 1704 1952 1954
f 1704 1706 1952
f 1640 2016 1767
f 1640 1767 1768
f 1640 1768 1638
f 1702 1704 1954
f 1702 1954 1956
f 1642 2016 1640
f 1699 1956 1957
f 1699 1702 1956
f 1644 2014 2016
f 1644 2011 2014
f 1644 2016 1642
f 1697 1957 1960
f 1697 1699 1957
f 1646 2009 2011
f 1646 2011 1644
f 1696 1697 1960
f 1696 1960 1962
f 1648 2009 1646
f 1694 1696 1962
f 1694 1962 1964
f 1650 2008 2009
f 1650 2006 2008
f 1650 2009 1648
f 1691 1694 1964
f 1691 1964 1966
f 1652 2006 1650
f 1652 2004 2006
f 1690 1691 1966
f 1690 1966 1968
f 1653 2002 2004
f 1653 2004 1652
f 1688 1690 1968
f 1688 1968 1970
f 1656 2002 1653
f 1686 1688 1970
f 1686 1970 1972
f 1657 2002 1656
f 1657 2000 2002
f 1657 1997 2000
f 1684 1686 1972
f 1684 1972 1974
f 1659 1997 1657
f 1659 1996 1997
f 1682 1684 1974
f 1682 1974 1976
f 1662 1996 1659
f 1679 1682 1976
f 1679 1978 1979
f 1679 1976 1978
f 1663 1996 1662
f 1663 1994 1996
f 1678 1679 1979
f 1666 1994 1663
f 1666 1992 1994
f 1675 1678 1979
f 1675 1979 1981
f 1667 1992 1666
f 1667 1990 1992
f 1674 1981 1984
f 1674 1675 1981
f 1670 1988 1990
f 1670 1986 1988
f 1670 1990 1667
f 1671 1984 1986
f 1671 1674 1984
f 1671 1986 1670
f 2111 1293 1296
f 2113 1293 2111
f 2113 1292 1293
f 2109 1296 1298
f 2109 2111 1296
f 2116 1289 1292
f 2116 1292 2113
f 2107 2109 1298
f 2118 1288 1289
f 2118 1289 2116
f 2106 1298 1300
f 2106 2107 1298
f 2119 1288 2118
f 2119 1286 1288
f 2104 1300 1302
f 2104 1302 1304
f 2104 2106 1300
f 2121 1284 1286
f 2121 1286 2119
f 2101 1304 1306
f 2101 2104 1304
f 2124 1282 1284
f 2124 1284 2121
f 2099 1306 1308
f 2099 2101 1306
f 2126 1280 1282
f 2126 1282 2124
f 2098 1308 1309
f 2098 2099 1308
f 2128 1278 1280
f 2128 1280 2126
f 2096 1309 1312
f 2096 2098 1309
f 2130 1276 1278
f 2130 1278 2128
f 2094 1312 1314
f 2094 2096 1312
f 2131 1274 1276
f 2131 1276 2130
f 2091 1314 1316
f 2091 2094 1314
f 2134 1272 1274
f 2134 1274 2131
f 2090 2091 1316
f 2135 1270 1272
f 2135 1272 2134
f 2088 1316 1318
f 2088 1318 1320
f 2088 2090 1316
f 2138 1268 1270
f 2138 1270 2135
f 2086 1320 1322
f 2086 2088 1320
f 2140 1266 1268
f 2140 1268 2138
f 2084 2086 1322
f 2142 1264 1266
f 2142 1266 2140
f 2082 1322 1324
f 2082 1324 1326
f 2082 2084 1322
f 2143 1264 2142
f 2143 1263 1264
f 2143 1512 1263
f 2080 2082 1326
f 2146 1509 1512
f 2146 1512 2143
f 2078 2080 1326
f 2078 1326 1328
f 2147 1509 2146
f 2147 1508 1509
f 2076 1328 1330
f 2076 1330 1332
f 2076 2078 1328
f 2150 1508 2147
f 2150 1505 1508
f 2074 2076 1332
f 2152 1503 1505
f 2152 1505 2150
f 2072 2074 1332
f 2072 1332 1334
f 2154 1503 2152
f 2154 1501 1503
f 2070 1334 1335
f 2070 2072 1334
f 2156 1500 1501
f 2156 1501 2154
f 2068 2070 1335
f 2068 1335 1338
f 2157 1498 1500
f 2157 1500 2156
f 2066 1338 1340
f 2066 2068 1338
f 2160 1496 1498
f 2160 1498 2157
f 2063 1340 1342
f 2063 2066 1340
f 2162 1494 1496
f 2162 1496 2160
f 2061 1342 1344
f 2061 2063 1342
f 2163 1491 1494
f 2163 1494 2162
f 2060 1344 1345
f 2060 2061 1344
f 2166 1491 2163
f 2058 1345 1348
f 2058 2060 1345
f 2168 1487 1490
f 2168 1490 1491
f 2168 1491 2166
f 2056 1348 1350
f 2056 1350 1351
f 2056 2058 1348
f 2170 1486 1487
f 2170 1487 2168
f 2054 2056 1351
f 2172 1486 2170
f 2052 1351 1354
f 2052 2054 1351
f 2173 1483 1486
f 2173 1486 2172
f 2049 1354 1356
f 2049 2052 1354
f 1482 2173 2176
f 1482 1483 2173
f 1358 2048 2049
f 1358 2049 1356
f 1480 1482 2176
f 1480 2176 2177
f 1360 2048 1358
f 1360 2046 2048
f 1477 1480 2177
f 1477 2177 2180
f 1362 2046 1360
f 1362 2044 2046
f 1476 1477 2180
f 1476 2180 2181
f 1364 2044 1362
f 1364 2042 2044
f 1474 1476 2181
f 1474 2181 2183
f 1366 2042 1364
f 1366 2040 2042
f 1471 1474 2183
f 1471 2183 2186
f 1367 2037 2040
f 1367 2035 2037
f 1367 2040 1366
f 1469 1471 2186
f 1469 2186 2188
f 1370 2034 2035
f 1370 2035 1367
f 1468 2188 2190
f 1468 1469 2188
f 1372 2034 1370
f 1466 2190 2192
f 1466 1468 2190
f 1374 2031 2034
f 1374 2029 2031
f 1374 2034 1372
f 1463 1466 2192
f 1463 2192 2193
f 1376 2028 2029
f 1376 2029 1374
f 1462 1463 2193
f 1462 2193 2196
f 1378 2028 1376
f 1460 1462 2196
f 1460 2196 2198
f 1380 2028 1378
f 1380 2026 2028
f 1458 2198 2199
f 1458 1460 2198
f 1381 2026 1380
f 1381 2024 2026
f 1456 2199 2202
f 1456 1458 2199
f 1383 2024 1381
f 1383 2022 2024
f 1454 2202 2204
f 1454 1456 2202
f 1386 2022 1383
f 1386 2020 2022
f 1452 2204 2206
f 1452 1454 2204
f 1388 2268 2019
f 1388 2019 2020
f 1388 2020 1386
f 1450 2206 2208
f 1450 1452 2206
f 1390 2266 2268
f 1390 2268 1388
f 1447 1450 2208
f 1447 2208 2209
f 1392 2266 1390
f 1445 2209 2212
f 1445 1447 2209
f 1394 2263 2266
f 1394 2261 2263
f 1394 2266 1392
f 1444 2212 2214
f 1444 1445 2212
f 1396 2261 1394
f 1442 1444 2214
f 1442 2214 2216
f 1398 2261 1396
f 1398 2260 2261
f 1439 1442 2216
f 1439 2216 2218
f 1400 2258 2260
f 1400 2256 2258
f 1400 2260 1398
f 1438 1439 2218
f 1438 2218 2220
f 1401 2254 2256
f 1401 2256 1400
f 1436 1438 2220
f 1436 2220 2222
f 1404 2254 1401
f 1404 2252 2254
f 1434 1436 2222
f 1434 2222 2224
f 1405 2252 1404
f 1405 2249 2252
f 1432 1434 2224
f 1432 2224 2226
f 1407 2249 1405
f 1430 1432 2226
f 1430 2226 2228
f 1410 2249 1407
f 1410 2248 2249
f 1410 2246 2248
f 1427 1430 2228
f 1427 2228 2230
f 1411 2246 1410
f 1426 1427 2230
f 1426 2230 2231
f 1414 2246 1411
f 1414 2244 2246
f 1423 1426 2231
f 1423 2231 2233
f 1415 2244 1414
f 1415 2242 2244
f 1415 2240 2242
f 1422 2233 2236
f 1422 1423 2233
f 1418 2240 1415
f 1419 1422 2236
f 1419 2238 2240
f 1419 2236 2238
f 1419 2240 1418
f 2363 1041 1044
f 2365 1040 1041
f 2365 1041 2363
f 2361 1044 1046
f 2361 2363 1044
f 2368 1037 1040
f 2368 1040 2365
f 2359 1046 1048
f 2359 2361 1046
f 2370 1036 1037
f 2370 1037 2368
f 2358 1048 1050
f 2358 2359 1048
f 2371 1034 1036
f 2371 1036 2370
f 2356 2358 1050
f 2373 1032 1034
f 2373 1034 2371
f 2353 1050 1052
f 2353 2356 1050
f 2376 1030 1032
f 2376 1032 2373
f 2351 1052 1054
f 2351 2353 1052
f 2378 1028 1030
f 2378 1030 2376
f 2350 1054 1056
f 2350 2351 1054
f 2380 1026 1028
f 2380 1028 2378
f 2348 1056 1057
f 2348 2350 1056
f 2382 1024 1026
f 2382 1026 2380
f 2346 1057 1060
f 2346 1060 1062
f 2346 2348 1057
f 2383 1022 1024
f 2383 1024 2382
f 2343 1062 1064
f 2343 2346 1062
f 2386 1020 1022
f 2386 1022 2383
f 2342 2343 1064
f 2387 1018 1020
f 2387 1020 2386
f 2340 1064 1066
f 2340 1066 1068
f 2340 2342 1064
f 2390 1016 1018
f 2390 1018 2387
f 2338 2340 1068
f 2392 1014 1016
f 2392 1016 2390
f 2336 1068 1070
f 2336 1070 1072
f 2336 2338 1068
f 2394 1012 1014
f 2394 1014 2392
f 2334 1072 1074
f 2334 2336 1072
f 2395 1012 2394
f 2395 1011 1012
f 2395 1260 1011
f 2332 2334 1074
f 2398 1257 1260
f 2398 1260 2395
f 2330 1074 1076
f 2330 1076 1078
f 2330 2332 1074
f 2399 1256 1257
f 2399 1257 2398
f 2328 2330 1078
f 2402 1253 1256
f 2402 1256 2399
f 2326 2328 1078
f 2326 1078 1080
f 2326 1080 1082
f 2404 1253 2402
f 2404 1251 1253
f 2324 2326 1082
f 2406 1249 1251
f 2406 1251 2404
f 2322 2324 1082
f 2322 1082 1083
f 2322 1083 1086
f 2408 1249 2406
f 2320 2322 1086
f 2409 1246 1248
f 2409 1248 1249
f 2409 1249 2408
f 2318 1086 1088
f 2318 2320 1086
f 2412 1246 2409
f 2315 1088 1090
f 2315 2318 1088
f 2414 1242 1244
f 2414 1244 1246
f 2414 1246 2412
f 2313 1090 1092
f 2313 2315 1090
f 2415 1242 2414
f 2312 1092 1093
f 2312 2313 1092
f 2418 1238 1239
f 2418 1239 1242
f 2418 1242 2415
f 2310 1093 1096
f 2310 2312 1093
f 2420 1238 2418
f 2308 1096 1098
f 2308 2310 1096
f 2422 1234 1235
f 2422 1235 1238
f 2422 1238 2420
f 2306 1098 1099
f 2306 2308 1098
f 2424 1234 2422
f 1231 1234 2424
f 2304 1099 1102
f 2304 2306 1099
f 2425 1231 2424
f 2301 1102 1104
f 2301 2304 1102
f 1230 1231 2425
f 1230 2425 2428
f 1106 2301 1104
f 1106 2300 2301
f 2298 2300 1106
f 1228 1230 2428
f 1228 2428 2429
f 1108 2298 1106
f 1225 1228 2429
f 1225 2429 2432
f 1110 2298 1108
f 1110 2296 2298
f 1224 1225 2432
f 1224 2432 2433
f 1112 2296 1110
f 1112 2294 2296
f 1222 1224 2433
f 1222 2433 2435
f 1114 2294 1112
f 1114 2292 2294
f 1219 1222 2435
f 1219 2435 2438
f 1115 2289 2292
f 1115 2292 1114
f 1217 1219 2438
f 1217 2438 2440
f 1118 2287 2289
f 1118 2289 1115
f 1216 2440 2442
f 1216 1217 2440
f 1120 2286 2287
f 1120 2287 1118
f 1214 2442 2444
f 1214 1216 2442
f 1122 2283 2286
f 1122 2286 1120
f 1211 1214 2444
f 1211 2444 2445
f 1124 2281 2283
f 1124 2283 1122
f 1210 1211 2445
f 1210 2445 2448
f 1126 2281 1124
f 1126 2280 2281
f 1208 1210 2448
f 1208 2448 2450
f 1128 2278 2280
f 1128 2280 1126
f 1206 2451 2454
f 1206 2450 2451
f 1206 1208 2450
f 1129 2278 1128
f 1129 2276 2278
f 1204 1206 2454
f 1131 2276 1129
f 1131 2274 2276
f 1202 2454 2456
f 1202 1204 2454
f 1134 2272 2274
f 1134 2271 2272
f 1134 2274 1131
f 1200 2456 2458
f 1200 1202 2456
f 1136 2520 2271
f 1136 2271 1134
f 1198 2458 2460
f 1198 1200 2458
f 1138 2518 2520
f 1138 2520 1136
f 1195 1198 2460
f 1195 2460 2461
f 1140 2515 2518
f 1140 2518 1138
f 1193 1195 2461
f 1193 2461 2464
f 1142 2515 1140
f 1192 2464 2466
f 1192 1193 2464
f 1144 2513 2515
f 1144 2512 2513
f 1144 2515 1142
f 1190 1192 2466
f 1190 2466 2468
f 1146 2510 2512
f 1146 2512 1144
f 1187 1190 2468
f 1187 2468 2470
f 1148 2510 1146
f 1148 2508 2510
f 1186 1187 2470
f 1186 2470 2472
f 1149 2508 1148
f 1149 2506 2508
f 1184 1186 2472
f 1184 2472 2474
f 1152 2504 2506
f 1152 2506 1149
f 1182 1184 2474
f 1182 2474 2476
f 1153 2504 1152
f 1180 1182 2476
f 1180 2476 2478
f 1155 2501 2504
f 1155 2504 1153
f 1178 1180 2478
f 1178 2478 2480
f 1158 2501 1155
f 1158 2500 2501
f 1158 2498 2500
f 1175 1178 2480
f 1175 2480 2482
f 1159 2498 1158
f 1159 2496 2498
f 1174 1175 2482
f 1174 2482 2483
f 1162 2496 1159
f 1162 2494 2496
f 1171 1174 2483
f 1171 2485 2488
f 1171 2483 2485
f 1163 2492 2494
f 1163 2494 1162
f 1170 1171 2488
f 1166 2490 2492
f 1166 2492 1163
f 1167 2488 2490
f 1167 1170 2488
f 1167 2490 1166
f 2617 788 789
f 2617 789 2615
f 2613 789 792
f 2613 792 794
f 2613 2615 789
f 2620 785 788
f 2620 788 2617
f 2611 794 796
f 2611 2613 794
f 2622 785 2620
f 2622 784 785
f 2610 796 798
f 2610 2611 796
f 2623 782 784
f 2623 784 2622
f 2608 798 800
f 2608 2610 798
f 2625 780 782
f 2625 782 2623
f 2605 800 802
f 2605 2608 800
f 2628 780 2625
f 2628 778 780
f 2603 2605 802
f 2630 776 778
f 2630 778 2628
f 2602 802 804
f 2602 2603 802
f 2632 774 776
f 2632 776 2630
f 2600 804 805
f 2600 805 808
f 2600 2602 804
f 2634 772 774
f 2634 774 2632
f 2598 2600 808
f 2635 770 772
f 2635 772 2634
f 2595 808 810
f 2595 810 812
f 2595 2598 808
f 2638 768 770
f 2638 770 2635
f 2594 2595 812
f 2639 766 768
f 2639 768 2638
f 2592 812 814
f 2592 2594 812
f 2642 764 766
f 2642 766 2639
f 2590 814 816
f 2590 816 818
f 2590 2592 814
f 2644 762 764
f 2644 764 2642
f 2588 818 820
f 2588 2590 818
f 2646 760 762
f 2646 762 2644
f 2586 2588 820
f 2647 760 2646
f 2647 759 760
f 2647 1008 759
f 2584 820 822
f 2584 2586 820
f 2650 1008 2647
f 2650 1005 1008
f 2582 822 824
f 2582 2584 822
f 2651 1004 1005
f 2651 1005 2650
f 2580 824 826
f 2580 826 828
f 2580 2582 824
f 2654 1001 1004
f 2654 1004 2651
f 2578 2580 828
f 2656 999 1001
f 2656 1001 2654
f 2576 2578 828
f 2576 828 830
f 2658 997 999
f 2658 999 2656
f 2574 2576 830
f 2574 830 831
f 2660 997 2658
f 2660 996 997
f 2572 2574 831
f 2572 831 834
f 2661 994 996
f 2661 996 2660
f 2570 2572 834
f 2570 834 836
f 2664 992 994
f 2664 994 2661
f 2567 2570 836
f 2567 836 838
f 2666 992 2664
f 2565 838 840
f 2565 2567 838
f 2667 987 990
f 2667 990 992
f 2667 992 2666
f 2564 840 841
f 2564 841 844
f 2564 2565 840
f 2670 986 987
f 2670 987 2667
f 2562 2564 844
f 2672 983 986
f 2672 986 2670
f 2560 844 846
f 2560 2562 844
f 2674 983 2672
f 2558 846 847
f 2558 2560 846
f 2676 982 983
f 2676 983 2674
f 979 982 2676
f 2556 847 850
f 2556 2558 847
f 2677 979 2676
f 2553 850 852
f 2553 2556 850
f 978 979 2677
f 978 2677 2680
f 854 2553 852
f 854 2552 2553
f 976 978 2680
f 976 2680 2681
f 856 2550 2552
f 856 2552 854
f 973 976 2681
f 973 2681 2684
f 858 2550 856
f 858 2548 2550
f 858 2546 2548
f 972 973 2684
f 972 2684 2685
f 860 2546 858
f 970 972 2685
f 970 2685 2687
f 862 2546 860
f 862 2544 2546
f 862 2541 2544
f 967 970 2687
f 967 2687 2690
f 863 2539 2541
f 863 2541 862
f 965 967 2690
f 965 2690 2692
f 866 2538 2539
f 866 2539 863
f 964 2692 2694
f 964 965 2692
f 868 2538 866
f 962 2694 2696
f 962 964 2694
f 870 2535 2538
f 870 2538 868
f 959 962 2696
f 959 2696 2697
f 872 2533 2535
f 872 2535 870
f 958 959 2697
f 958 2697 2700
f 874 2532 2533
f 874 2533 872
f 956 958 2700
f 956 2700 2702
f 876 2532 874
f 876 2530 2532
f 876 2528 2530
f 954 2702 2703
f 954 956 2702
f 877 2528 876
f 952 2703 2706
f 952 954 2703
f 879 2528 877
f 879 2526 2528
f 879 2524 2526
f 950 2706 2708
f 950 952 2706
f 882 2524 879
f 948 2708 2710
f 948 950 2708
f 884 2772 2523
f 884 2523 2524
f 884 2524 882
f 946 2710 2712
f 946 948 2710
f 886 2770 2772
f 886 2772 884
f 943 2712 2713
f 943 946 2712
f 888 2767 2770
f 888 2770 886
f 941 2713 2716
f 941 943 2713
f 890 2765 2767
f 890 2767 888
f 940 2716 2718
f 940 941 2716
f 892 2765 890
f 938 940 2718
f 938 2718 2720
f 894 2764 2765
f 894 2765 892
f 935 938 2720
f 935 2720 2722
f 896 2764 894
f 896 2762 2764
f 934 935 2722
f 934 2724 2726
f 934 2722 2724
f 897 2760 2762
f 897 2762 896
f 932 934 2726
f 900 2758 2760
f 900 2756 2758
f 900 2760 897
f 930 932 2726
f 930 2726 2728
f 901 2753 2756
f 901 2756 900
f 928 930 2728
f 928 2728 2730
f 903 2753 901
f 903 2752 2753
f 926 928 2730
f 926 2730 2732
f 906 2752 903
f 923 926 2732
f 923 2732 2734
f 907 2752 906
f 907 2750 2752
f 907 2748 2750
f 922 923 2734
f 922 2734 2735
f 910 2748 907
f 919 922 2735
f 919 2737 2740
f 919 2735 2737
f 911 2748 910
f 911 2746 2748
f 918 2740 2742
f 918 919 2740
f 914 2744 2746
f 914 2742 2744
f 914 2746 911
f 915 918 2742
f 915 2742 914
f 2867 537 540
f 2869 536 537
f 2869 537 2867
f 2865 2867 540
f 2865 540 542
f 2872 533 536
f 2872 536 2869
f 2863 2865 542
f 2874 532 533
f 2874 533 2872
f 2862 542 544
f 2862 2863 542
f 2875 530 532
f 2875 532 2874
f 2860 544 546
f 2860 546 548
f 2860 2862 544
f 2877 528 530
f 2877 530 2875
f 2857 2860 548
f 2880 528 2877
f 2880 526 528
f 2855 548 550
f 2855 2857 548
f 2882 526 2880
f 2882 524 526
f 2854 550 552
f 2854 2855 550
f 2884 522 524
f 2884 524 2882
f 2852 552 553
f 2852 553 556
f 2852 2854 552
f 2886 520 522
f 2886 522 2884
f 2850 2852 556
f 2850 556 558
f 2887 518 520
f 2887 520 2886
f 2847 558 560
f 2847 2850 558
f 2890 516 518
f 2890 518 2887
f 2846 2847 560
f 2891 514 516
f 2891 516 2890
f 2844 560 562
f 2844 2846 560
f 2894 512 514
f 2894 514 2891
f 2842 562 564
f 2842 2844 562
f 2896 510 512
f 2896 512 2894
f 2840 564 566
f 2840 2842 564
f 2898 508 510
f 2898 510 2896
f 2838 566 568
f 2838 568 570
f 2838 2840 566
f 2899 508 2898
f 2899 507 508
f 2899 756 507
f 2836 570 572
f 2836 2838 570
f 2902 756 2899
f 2902 753 756
f 2834 572 574
f 2834 2836 572
f 2903 752 753
f 2903 753 2902
f 2832 574 576
f 2832 2834 574
f 2906 749 752
f 2906 752 2903
f 2830 2832 576
f 2830 576 578
f 2908 747 749
f 2908 749 2906
f 2828 2830 578
f 2910 747 2908
f 2910 745 747
f 2826 2828 578
f 2826 578 579
f 2912 745 2910
f 2824 2826 579
f 2824 579 582
f 2913 745 2912
f 2913 742 744
f 2913 744 745
f 2822 2824 582
f 2822 582 584
f 2916 742 2913
f 2819 584 586
f 2819 2822 584
f 2918 738 740
f 2918 740 742
f 2918 742 2916
f 2817 2819 586
f 2817 586 588
f 2919 735 738
f 2919 738 2918
f 2816 588 589
f 2816 2817 588
f 2922 734 735
f 2922 735 2919
f 2814 589 592
f 2814 592 594
f 2814 2816 589
f 2924 731 734
f 2924 734 2922
f 2812 594 595
f 2812 2814 594
f 2926 730 731
f 2926 731 2924
f 2810 2812 595
f 2928 730 2926
f 2808 595 598
f 2808 2810 595
f 2929 727 730
f 2929 730 2928
f 600 2808 598
f 2805 2808 600
f 726 727 2929
f 726 2929 2932
f 2804 2805 600
f 602 2804 600
f 724 2932 2933
f 724 726 2932
f 604 2804 602
f 604 2802 2804
f 721 724 2933
f 721 2933 2936
f 606 2802 604
f 606 2800 2802
f 606 2798 2800
f 720 721 2936
f 720 2936 2937
f 608 2798 606
f 718 720 2937
f 718 2937 2939
f 610 2798 608
f 610 2796 2798
f 715 718 2939
f 715 2939 2942
f 611 2796 610
f 611 2793 2796
f 713 715 2942
f 713 2942 2944
f 614 2791 2793
f 614 2793 611
f 712 2944 2946
f 712 713 2944
f 616 2790 2791
f 616 2791 614
f 710 2946 2948
f 710 712 2946
f 618 2787 2790
f 618 2790 616
f 707 2948 2949
f 707 710 2948
f 620 2785 2787
f 620 2784 2785
f 620 2787 618
f 706 707 2949
f 706 2949 2952
f 622 2784 620
f 704 706 2952
f 704 2952 2954
f 624 2784 622
f 624 2782 2784
f 702 2954 2955
f 702 704 2954
f 625 2780 2782
f 625 2782 624
f 700 2955 2958
f 700 702 2955
f 627 2780 625
f 627 2778 2780
f 698 2958 2960
f 698 700 2958
f 630 2778 627
f 630 2776 2778
f 630 2775 2776
f 696 2960 2962
f 696 698 2960
f 632 2775 630
f 694 2964 2965
f 694 2962 2964
f 694 696 2962
f 634 2775 632
f 634 3024 2775
f 634 3022 3024
f 691 694 2965
f 636 3019 3022
f 636 3022 634
f 689 2965 2968
f 689 691 2965
f 638 3019 636
f 688 689 2968
f 688 2968 2970
f 640 3017 3019
f 640 3016 3017
f 640 3019 638
f 686 688 2970
f 686 2972 2974
f 686 2970 2972
f 642 3016 640
f 683 686 2974
f 644 3016 642
f 644 3014 3016
f 682 683 2974
f 682 2974 2976
f 645 3012 3014
f 645 3014 644
f 680 682 2976
f 680 2976 2978
f 648 3010 3012
f 648 3012 645
f 678 680 2978
f 678 2978 2980
f 649 3008 3010
f 649 3010 648
f 676 678 2980
f 676 2980 2982
f 651 3008 649
f 651 3005 3008
f 651 3004 3005
f 674 676 2982
f 674 2982 2984
f 654 3004 651
f 671 674 2984
f 671 2984 2986
f 655 3004 654
f 655 3002 3004
f 670 671 2986
f 670 2986 2987
f 658 3002 655
f 658 3000 3002
f 667 670 2987
f 667 2989 2992
f 667 2987 2989
f 659 3000 658
f 659 2998 3000
f 666 667 2992
f 662 2996 2998
f 662 2998 659
f 663 2994 2996
f 663 2992 2994
f 663 2996 662
f 663 666 2992
f 3119 284 285
f 3121 281 284
f 3121 284 3119
f 3117 3119 285
f 3117 285 288
f 3124 281 3121
f 3124 280 281
f 3115 288 290
f 3115 3117 288
f 3126 280 3124
f 3114 290 292
f 3114 3115 290
f 3127 278 280
f 3127 280 3126
f 3112 292 294
f 3112 3114 292
f 3129 276 278
f 3129 278 3127
f 3109 294 296
f 3109 3112 294
f 3132 272 274
f 3132 274 276
f 3132 276 3129
f 3107 296 298
f 3107 3109 296
f 3134 270 272
f 3134 272 3132
f 3106 298 300
f 3106 3107 298
f 3136 270 3134
f 3104 300 301
f 3104 3106 300
f 3138 268 270
f 3138 270 3136
f 3102 301 304
f 3102 3104 301
f 3139 266 268
f 3139 268 3138
f 3099 304 306
f 3099 3102 304
f 3142 264 266
f 3142 266 3139
f 3098 306 308
f 3098 3099 306
f 3143 262 264
f 3143 264 3142
f 3096 308 310
f 3096 3098 308
f 3146 260 262
f 3146 262 3143
f 3094 310 312
f 3094 312 314
f 3094 3096 310
f 3148 258 260
f 3148 260 3146
f 3092 3094 314
f 3150 256 258
f 3150 258 3148
f 3090 3092 314
f 3090 314 316
f 3090 316 318
f 3151 255 256
f 3151 256 3150
f 3151 504 255
f 3088 3090 318
f 3154 504 3151
f 3154 501 504
f 3086 3088 318
f 3086 318 320
f 3086 320 322
f 3155 501 3154
f 3155 500 501
f 3084 3086 322
f 3158 497 500
f 3158 500 3155
f 3082 322 324
f 3082 324 326
f 3082 3084 322
f 3160 495 497
f 3160 497 3158
f 3080 3082 326
f 3162 495 3160
f 3078 3080 326
f 3078 326 327
f 3078 327 330
f 3164 495 3162
f 3164 492 493
f 3164 493 495
f 3076 330 332
f 3076 3078 330
f 3165 490 492
f 3165 492 3164
f 3074 3076 332
f 3168 488 490
f 3168 490 3165
f 3071 3074 332
f 3071 332 334
f 3071 334 336
f 3170 488 3168
f 3069 336 337
f 3069 3071 336
f 3171 483 486
f 3171 486 488
f 3171 488 3170
f 3068 3069 337
f 3174 482 483
f 3174 483 3171
f 3066 337 340
f 3066 3068 337
f 3176 482 3174
f 3064 340 342
f 3064 3066 340
f 3178 479 482
f 3178 482 3176
f 3062 342 343
f 3062 343 346
f 3062 3064 342
f 3180 478 479
f 3180 479 3178
f 475 478 3180
f 3060 3062 346
f 3181 475 3180
f 348 3060 346
f 3057 3060 348
f 474 3181 3184
f 474 475 3181
f 350 3056 3057
f 350 3057 348
f 472 474 3184
f 472 3184 3185
f 352 3056 350
f 352 3054 3056
f 352 3052 3054
f 469 472 3185
f 469 3185 3188
f 354 3052 352
f 468 469 3188
f 468 3188 3189
f 356 3050 3052
f 356 3052 354
f 466 468 3189
f 466 3189 3191
f 358 3050 356
f 358 3048 3050
f 463 466 3191
f 463 3191 3194
f 359 3048 358
f 359 3045 3048
f 461 463 3194
f 461 3194 3196
f 362 3043 3045
f 362 3045 359
f 460 3196 3198
f 460 461 3196
f 364 3042 3043
f 364 3043 362
f 458 3198 3200
f 458 460 3198
f 366 3039 3042
f 366 3042 364
f 455 458 3200
f 455 3200 3201
f 368 3037 3039
f 368 3039 366
f 454 455 3201
f 454 3201 3204
f 370 3036 3037
f 370 3037 368
f 452 454 3204
f 452 3204 3206
f 372 3036 370
f 372 3034 3036
f 372 3032 3034
f 450 3206 3207
f 450 452 3206
f 373 3032 372
f 448 3207 3210
f 448 450 3207
f 375 3032 373
f 375 3030 3032
f 446 3210 3212
f 446 448 3210
f 378 3028 3030
f 378 3027 3028
f 378 3030 375
f 444 3212 3214
f 444 446 3212
f 380 3276 3027
f 380 3027 378
f 442 3214 3216
f 442 444 3214
f 382 3276 380
f 439 442 3216
f 439 3216 3217
f 384 3274 3276
f 384 3271 3274
f 384 3276 382
f 437 3217 3220
f 437 439 3217
f 386 3269 3271
f 386 3271 384
f 436 437 3220
f 436 3220 3222
f 388 3268 3269
f 388 3269 386
f 434 436 3222
f 434 3222 3224
f 390 3268 388
f 431 434 3224
f 431 3226 3228
f 431 3224 3226
f 392 3266 3268
f 392 3264 3266
f 392 3268 390
f 430 431 3228
f 393 3264 392
f 428 3228 3230
f 428 430 3228
f 396 3264 393
f 396 3262 3264
f 426 428 3230
f 426 3230 3232
f 397 3262 396
f 397 3260 3262
f 397 3257 3260
f 424 426 3232
f 424 3232 3234
f 399 3257 397
f 399 3256 3257
f 422 424 3234
f 422 3234 3236
f 402 3254 3256
f 402 3256 399
f 419 422 3236
f 419 3236 3238
f 403 3254 402
f 418 419 3238
f 418 3238 3239
f 406 3252 3254
f 406 3250 3252
f 406 3254 403
f 415 418 3239
f 415 3239 3241
f 407 3248 3250
f 407 3250 406
f 414 3241 3244
f 414 415 3241
f 410 3246 3248
f 410 3248 407
f 411 3244 3246
f 411 414 3244
f 411 3246 410
f 3627 3673 3672
f 3627 3602 3673
f 3601 3672 3671
f 3601 3627 3672
f 3600 3671 3670
f 3600 3601 3671
f 3599 3670 3669
f 3599 3600 3670
f 3598 3669 3668
f 3598 3599 3669
f 3596 3668 3667
f 3596 3598 3668
f 3590 3667 3666
f 3590 3596 3667
f 3582 3666 3665
f 3582 3590 3666
f 3576 3665 3664
f 3576 3582 3665
f 3572 3664 3663
f 3572 3576 3664
f 3571 3663 3662
f 3571 3572 3663
f 3570 3662 3661
f 3570 3571 3662
f 3568 3661 3660
f 3568 3570 3661
f 3566 3660 3659
f 3566 3568 3660
f 3542 3659 3658
f 3542 3566 3659
f 3542 3658 3657
f 3543 3657 3656
f 3543 3542 3657
f 3541 3656 3655
f 3541 3543 3656
f 3544 3655 3654
f 3544 3541 3655
f 3545 3654 3653
f 3545 3544 3654
f 3546 3653 3714
f 3546 3545 3653
f 3547 3714 3713
f 3547 3546 3714
f 3548 3713 3712
f 3548 3547 3713
f 3549 3712 3711
f 3549 3548 3712
f 3550 3711 3710
f 3550 3549 3711
f 3551 3710 3709
f 3551 3550 3710
f 3552 3709 3708
f 3552 3551 3709
f 3553 3708 3707
f 3553 3552 3708
f 3554 3553 3707
f 3554 3707 3706
f 3555 3706 3705
f 3555 3554 3706
f 3556 3705 3704
f 3556 3555 3705
f 3557 3704 3703
f 3557 3556 3704
f 3558 3703 3702
f 3558 3557 3703
f 3559 3702 3701
f 3559 3558 3702
f 3560 3701 3700
f 3560 3559 3701
f 3561 3700 3699
f 3561 3560 3700
f 3563 3699 3698
f 3563 3561 3699
f 3562 3698 3697
f 3562 3563 3698
f 3564 3697 3651
f 3564 3562 3697
f 3565 3564 3651
f 3626 3652 3679
f 3626 3625 3652
f 3624 3679 3680
f 3624 3626 3679
f 3622 3680 3681
f 3622 3624 3680
f 3623 3681 3682
f 3623 3622 3681
f 3621 3682 3683
f 3621 3623 3682
f 3620 3683 3684
f 3620 3621 3683
f 3618 3684 3685
f 3618 3620 3684
f 3619 3685 3686
f 3619 3618 3685
f 3616 3686 3687
f 3616 3619 3686
f 3617 3687 3688
f 3617 3616 3687
f 3615 3688 3689
f 3615 3617 3688
f 3614 3615 3689
f 3614 3689 3690
f 3613 3614 3690
f 3613 3690 3691
f 3612 3691 3692
f 3612 3613 3691
f 3610 3692 3693
f 3610 3612 3692
f 3611 3693 3694
f 3611 3610 3693
f 3609 3694 3695
f 3609 3611 3694
f 3608 3695 3696
f 3608 3609 3695
f 3607 3696 3678
f 3607 3608 3696
f 3606 3677 3676
f 3606 3678 3677
f 3606 3607 3678
f 3605 3606 3676
f 3603 3676 3675
f 3603 3605 3676
f 3604 3674 3673
f 3604 3675 3674
f 3604 3603 3675
f 3602 3604 3673

